model,mean_fpr,mean_tpr,sd_tpr,lower_tpr,upper_tpr,n_folds,mean_auc,sd_auc
MNB,0.0,0.0,0.0,0.0,0.0,30,0.922107379243075,0.006929879363607186
MNB,0.005025125628140704,0.03890108044861854,0.003986898937485607,0.03491418151113294,0.04288797938610415,30,0.922107379243075,0.006929879363607186
MNB,0.010050251256281407,0.07780216089723709,0.007973797874971215,0.06982836302226587,0.0857759587722083,30,0.922107379243075,0.006929879363607186
MNB,0.01507537688442211,0.11670324134585566,0.011960696812456826,0.10474254453339883,0.12866393815831248,30,0.922107379243075,0.006929879363607186
MNB,0.020100502512562814,0.15560432179447417,0.01594759574994243,0.13965672604453175,0.1715519175444166,30,0.922107379243075,0.006929879363607186
MNB,0.02512562814070352,0.19450540224309273,0.019934494687428046,0.17457090755566468,0.2144398969305208,30,0.922107379243075,0.006929879363607186
MNB,0.03015075376884422,0.23340648269171133,0.02392139362491365,0.20948508906679766,0.25732787631662496,30,0.922107379243075,0.006929879363607186
MNB,0.035175879396984924,0.2723075631403298,0.02790829256239926,0.2443992705779305,0.300215855702729,30,0.922107379243075,0.006929879363607186
MNB,0.04020100502512563,0.31120864358894834,0.03189519149988486,0.2793134520890635,0.3431038350888332,30,0.922107379243075,0.006929879363607186
MNB,0.04522613065326633,0.3501097240375668,0.035882090437370485,0.3142276336001963,0.3859918144749373,30,0.922107379243075,0.006929879363607186
MNB,0.05025125628140704,0.38901080448618547,0.03986898937485609,0.34914181511132936,0.4288797938610416,30,0.922107379243075,0.006929879363607186
MNB,0.05527638190954774,0.4279118849348042,0.0438558883123417,0.3840559966224625,0.4717677732471459,30,0.922107379243075,0.006929879363607186
MNB,0.06030150753768844,0.46681296538342265,0.0478427872498273,0.41897017813359533,0.5146557526332499,30,0.922107379243075,0.006929879363607186
MNB,0.06532663316582915,0.5057140458320412,0.051829686187312915,0.45388435964472823,0.557543732019354,30,0.922107379243075,0.006929879363607186
MNB,0.07035175879396985,0.5446151262806596,0.05581658512479852,0.488798541155861,0.600431711405458,30,0.922107379243075,0.006929879363607186
MNB,0.07537688442211056,0.5835162067292781,0.059803484062284126,0.523712722666994,0.6433196907915621,30,0.922107379243075,0.006929879363607186
MNB,0.08040201005025126,0.6224172871778967,0.06379038299976972,0.558626904178127,0.6862076701776664,30,0.922107379243075,0.006929879363607186
MNB,0.08542713567839195,0.6613183676265152,0.06777728193725535,0.5935410856892598,0.7290956495637706,30,0.922107379243075,0.006929879363607186
MNB,0.09045226130653267,0.7002194480751336,0.07176418087474097,0.6284552672003926,0.7719836289498746,30,0.922107379243075,0.006929879363607186
MNB,0.09547738693467336,0.7382463054737005,0.07378439097151868,0.6644619145021818,0.8120306964452192,30,0.922107379243075,0.006929879363607186
MNB,0.10050251256281408,0.7743886075950355,0.0725516822611648,0.7018369253338707,0.8469402898562003,30,0.922107379243075,0.006929879363607186
MNB,0.10552763819095477,0.809024191318462,0.07031393168802945,0.7387102596304326,0.8793381230064915,30,0.922107379243075,0.006929879363607186
MNB,0.11055276381909548,0.8383387135657306,0.06380704061015155,0.7745316729555791,0.9021457541758822,30,0.922107379243075,0.006929879363607186
MNB,0.11557788944723618,0.8613526271298911,0.0531140069050952,0.808238620224796,0.9144666340349863,30,0.922107379243075,0.006929879363607186
MNB,0.12060301507537688,0.8802012330912216,0.04121550438765604,0.8389857287035655,0.9214167374788776,30,0.922107379243075,0.006929879363607186
MNB,0.12562814070351758,0.8961641839448113,0.03006270117469234,0.866101482770119,0.9262268851195037,30,0.922107379243075,0.006929879363607186
MNB,0.1306532663316583,0.9065984864815406,0.02144688649506127,0.8851515999864793,0.928045372976602,30,0.922107379243075,0.006929879363607186
MNB,0.135678391959799,0.913913548061481,0.01620839537428127,0.8977051526871996,0.9301219434357623,30,0.922107379243075,0.006929879363607186
MNB,0.1407035175879397,0.9205563228749337,0.015104070505884632,0.9054522523690491,0.9356603933808183,30,0.922107379243075,0.006929879363607186
MNB,0.1457286432160804,0.923156556009417,0.015225265637112902,0.9079312903723041,0.93838182164653,30,0.922107379243075,0.006929879363607186
MNB,0.15075376884422112,0.9276153346328787,0.013168616180505206,0.9144467184523735,0.940783950813384,30,0.922107379243075,0.006929879363607186
MNB,0.15577889447236182,0.9298895386614685,0.012751571019257911,0.9171379676422106,0.9426411096807265,30,0.922107379243075,0.006929879363607186
MNB,0.16080402010050251,0.9333983105912931,0.0128294272494877,0.9205688833418054,0.9462277378407807,30,0.922107379243075,0.006929879363607186
MNB,0.1658291457286432,0.9369070825211175,0.010828967891939148,0.9260781146291784,0.9477360504130566,30,0.922107379243075,0.006929879363607186
MNB,0.1708542713567839,0.9389213775178686,0.010983350568264886,0.9279380269496037,0.9499047280861336,30,0.922107379243075,0.006929879363607186
MNB,0.17587939698492464,0.9413905133203379,0.01102621413584143,0.9303642991844964,0.9524167274561793,30,0.922107379243075,0.006929879363607186
MNB,0.18090452261306533,0.942949967511371,0.011097285506351128,0.9318526820050198,0.9540472530177221,30,0.922107379243075,0.006929879363607186
MNB,0.18592964824120603,0.9460688758934371,0.011254391212273403,0.9348144846811637,0.9573232671057106,30,0.922107379243075,0.006929879363607186
MNB,0.19095477386934673,0.9478232618583493,0.010903728932160102,0.9369195329261892,0.9587269907905094,30,0.922107379243075,0.006929879363607186
MNB,0.19597989949748745,0.9500974658869392,0.010794023592112137,0.9393034422948271,0.9608914894790513,30,0.922107379243075,0.006929879363607186
MNB,0.20100502512562815,0.9523066926575694,0.010387395026717167,0.9419192976308522,0.9626940876842865,30,0.922107379243075,0.006929879363607186
MNB,0.20603015075376885,0.9538011695906427,0.010442959248326614,0.943358210342316,0.9642441288389693,30,0.922107379243075,0.006929879363607186
MNB,0.21105527638190955,0.9565951916829104,0.010275790279211671,0.9463194014036987,0.9668709819621221,30,0.922107379243075,0.006929879363607186
MNB,0.21608040201005024,0.9575048732943465,0.010088770537187286,0.9474161027571593,0.9675936438315338,30,0.922107379243075,0.006929879363607186
MNB,0.22110552763819097,0.9590643274853796,0.010289382600337417,0.9487749448850422,0.969353710085717,30,0.922107379243075,0.006929879363607186
MNB,0.22613065326633167,0.960818713450292,0.010075124324295515,0.9507435891259965,0.9708938377745875,30,0.922107379243075,0.006929879363607186
MNB,0.23115577889447236,0.9615334632878488,0.010108665246984125,0.9514247980408647,0.971642128534833,30,0.922107379243075,0.006929879363607186
MNB,0.23618090452261306,0.9634827810266402,0.009576157726804695,0.9539066232998356,0.9730589387534448,30,0.922107379243075,0.006929879363607186
MNB,0.24120603015075376,0.9648473034437942,0.009759799252242254,0.955087504191552,0.9746071026960365,30,0.922107379243075,0.006929879363607186
MNB,0.24623115577889448,0.9662768031189081,0.009441345081873564,0.9568354580370345,0.9757181482007816,30,0.922107379243075,0.006929879363607186
MNB,0.25125628140703515,0.9674463937621828,0.009848895072810225,0.9575974986893726,0.977295288834993,30,0.922107379243075,0.006929879363607186
MNB,0.2562814070351759,0.9684860298895382,0.00908680795224963,0.9593992219372887,0.9775728378417878,30,0.922107379243075,0.006929879363607186
MNB,0.2613065326633166,0.9699805068226116,0.009007392958350395,0.9609731138642612,0.978987899780962,30,0.922107379243075,0.006929879363607186
MNB,0.2663316582914573,0.9706952566601684,0.009263886700722297,0.9614313699594461,0.9799591433608907,30,0.922107379243075,0.006929879363607186
MNB,0.271356783919598,0.9716049382716043,0.009037648028020182,0.9625672902435841,0.9806425862996245,30,0.922107379243075,0.006929879363607186
MNB,0.2763819095477387,0.9723196881091613,0.009191706539678157,0.9631279815694831,0.9815113946488394,30,0.922107379243075,0.006929879363607186
MNB,0.2814070351758794,0.9738141650422347,0.009124222121277979,0.9646899429209568,0.9829383871635127,30,0.922107379243075,0.006929879363607186
MNB,0.2864321608040201,0.9745289148797915,0.008836050342863333,0.9656928645369283,0.9833649652226548,30,0.922107379243075,0.006929879363607186
MNB,0.2914572864321608,0.9755035737491873,0.008712853030526697,0.9667907207186606,0.984216426779714,30,0.922107379243075,0.006929879363607186
MNB,0.2964824120603015,0.9766731643924622,0.008859005328870692,0.9678141590635915,0.985532169721333,30,0.922107379243075,0.006929879363607186
MNB,0.30150753768844224,0.9769980506822608,0.008556808933510088,0.9684412417487507,0.9855548596157708,30,0.922107379243075,0.006929879363607186
MNB,0.3065326633165829,0.9779727095516564,0.008445061237268478,0.9695276483143879,0.9864177707889249,30,0.922107379243075,0.006929879363607186
MNB,0.31155778894472363,0.9786224821312536,0.008465723232154837,0.9701567588990987,0.9870882053634085,30,0.922107379243075,0.006929879363607186
MNB,0.3165829145728643,0.9795321637426896,0.007691526014488977,0.9718406377282006,0.9872236897571786,30,0.922107379243075,0.006929879363607186
MNB,0.32160804020100503,0.9803768680961659,0.00759178957434122,0.9727850785218246,0.9879686576705071,30,0.922107379243075,0.006929879363607186
MNB,0.32663316582914576,0.9808317089018839,0.007277192817766512,0.9735545160841174,0.9881089017196504,30,0.922107379243075,0.006929879363607186
MNB,0.3316582914572864,0.9814814814814811,0.007289186551191309,0.9741922949302898,0.9887706680326723,30,0.922107379243075,0.006929879363607186
MNB,0.33668341708542715,0.9818713450292393,0.007296373327944351,0.974574971701295,0.9891677183571836,30,0.922107379243075,0.006929879363607186
MNB,0.3417085427135678,0.9827160493827157,0.007161945797028579,0.9755541035856872,0.9898779951797443,30,0.922107379243075,0.006929879363607186
MNB,0.34673366834170855,0.983105912930474,0.007191158477620489,0.9759147544528535,0.9902970714080945,30,0.922107379243075,0.006929879363607186
MNB,0.35175879396984927,0.983560753736192,0.007287988066054767,0.9762727656701372,0.9908487418022468,30,0.922107379243075,0.006929879363607186
MNB,0.35678391959798994,0.9838856400259905,0.0065343682373035835,0.977351271788687,0.9904200082632941,30,0.922107379243075,0.006929879363607186
MNB,0.36180904522613067,0.9843404808317086,0.0062168459529390796,0.9781236348787695,0.9905573267846476,30,0.922107379243075,0.006929879363607186
MNB,0.36683417085427134,0.9847953216374266,0.006402019728472235,0.9783933019089543,0.9911973413658988,30,0.922107379243075,0.006929879363607186
MNB,0.37185929648241206,0.9851851851851848,0.006155775605478121,0.9790294095797067,0.9913409607906629,30,0.922107379243075,0.006929879363607186
MNB,0.3768844221105528,0.9854450942170238,0.005762939531098541,0.9796821546859252,0.9912080337481223,30,0.922107379243075,0.006929879363607186
MNB,0.38190954773869346,0.985834957764782,0.005582778910815317,0.9802521788539668,0.9914177366755973,30,0.922107379243075,0.006929879363607186
MNB,0.3869346733668342,0.9862897985705,0.005665485498678428,0.9806243130718216,0.9919552840691784,30,0.922107379243075,0.006929879363607186
MNB,0.3919597989949749,0.9864847303443792,0.005535639489137386,0.9809490908552418,0.9920203698335166,30,0.922107379243075,0.006929879363607186
MNB,0.3969849246231156,0.9868096166341778,0.005336789936248209,0.9814728266979296,0.992146406570426,30,0.922107379243075,0.006929879363607186
MNB,0.4020100502512563,0.9872644574398958,0.00508663451136781,0.982177822928528,0.9923510919512636,30,0.922107379243075,0.006929879363607186
MNB,0.40703517587939697,0.9875243664717347,0.005159949933675292,0.9823644165380594,0.99268431640541,30,0.922107379243075,0.006929879363607186
MNB,0.4120603015075377,0.9881741390513318,0.005117452504933137,0.9830566865463987,0.9932915915562649,30,0.922107379243075,0.006929879363607186
MNB,0.4170854271356784,0.9884340480831707,0.0051684074871853536,0.9832656405959853,0.9936024555703561,30,0.922107379243075,0.006929879363607186
MNB,0.4221105527638191,0.988823911630929,0.005243911676755657,0.9835799999541733,0.9940678233076846,30,0.922107379243075,0.006929879363607186
MNB,0.4271356783919598,0.9888888888888887,0.005224301961033012,0.9836645869278557,0.9941131908499217,30,0.922107379243075,0.006929879363607186
MNB,0.4321608040201005,0.989278752436647,0.0050352857387311045,0.9842434666979158,0.9943140381753781,30,0.922107379243075,0.006929879363607186
MNB,0.4371859296482412,0.9894736842105262,0.005057356195814307,0.9844163280147119,0.9945310404063404,30,0.922107379243075,0.006929879363607186
MNB,0.44221105527638194,0.9896036387264455,0.004945577616032401,0.9846580611104131,0.994549216342478,30,0.922107379243075,0.006929879363607186
MNB,0.4472361809045226,0.9897985705003247,0.0050335506298791995,0.9847650198704455,0.9948321211302039,30,0.922107379243075,0.006929879363607186
MNB,0.45226130653266333,0.9899935022742039,0.005034852017576179,0.9849586502566278,0.99502835429178,30,0.922107379243075,0.006929879363607186
MNB,0.457286432160804,0.990188434048083,0.00508019056488727,0.9851082434831957,0.9952686246129703,30,0.922107379243075,0.006929879363607186
MNB,0.4623115577889447,0.9903183885640024,0.004949550145437641,0.9853688384185648,0.9952679387094401,30,0.922107379243075,0.006929879363607186
MNB,0.46733668341708545,0.9905133203378816,0.00490300370237705,0.9856103166355046,0.9954163240402587,30,0.922107379243075,0.006929879363607186
MNB,0.4723618090452261,0.9909681611435996,0.004563905777814841,0.9864042553657848,0.9955320669214145,30,0.922107379243075,0.006929879363607186
MNB,0.47738693467336685,0.9911630929174787,0.004305372140173011,0.9868577207773057,0.9954684650576517,30,0.922107379243075,0.006929879363607186
MNB,0.4824120603015075,0.9914879792072774,0.004358305932590853,0.9871296732746865,0.9958462851398683,30,0.922107379243075,0.006929879363607186
MNB,0.48743718592964824,0.991552956465237,0.004353793968030136,0.9871991624972069,0.9959067504332672,30,0.922107379243075,0.006929879363607186
MNB,0.49246231155778897,0.9917478882391162,0.004423952757064492,0.9873239354820517,0.9961718409961807,30,0.922107379243075,0.006929879363607186
MNB,0.49748743718592964,0.9919428200129954,0.004150414404852835,0.9877924056081425,0.9960932344178483,30,0.922107379243075,0.006929879363607186
MNB,0.5025125628140703,0.9921377517868745,0.004078763224556478,0.988058988562318,0.9962165150114309,30,0.922107379243075,0.006929879363607186
MNB,0.507537688442211,0.9922677063027939,0.0039148460900304246,0.9883528602127635,0.9961825523928244,30,0.922107379243075,0.006929879363607186
MNB,0.5125628140703518,0.9925276153346327,0.004000921202170551,0.9885266941324622,0.9965285365368033,30,0.922107379243075,0.006929879363607186
MNB,0.5175879396984925,0.9925925925925925,0.003945407413235125,0.9886471851793573,0.9965380000058276,30,0.922107379243075,0.006929879363607186
MNB,0.5226130653266332,0.9928525016244314,0.004073941673121181,0.9887785599513103,0.9969264432975525,30,0.922107379243075,0.006929879363607186
MNB,0.5276381909547738,0.9929824561403507,0.00414620292289064,0.9888362532174602,0.9971286590632413,30,0.922107379243075,0.006929879363607186
MNB,0.5326633165829145,0.9931773879142299,0.004055136698530295,0.9891222512156996,0.9972325246127602,30,0.922107379243075,0.006929879363607186
MNB,0.5376884422110553,0.9933723196881091,0.004050287021652434,0.9893220326664567,0.9974226067097616,30,0.922107379243075,0.006929879363607186
MNB,0.542713567839196,0.9934372969460689,0.004046511032398268,0.9893907859136706,0.9974838079784671,30,0.922107379243075,0.006929879363607186
MNB,0.5477386934673367,0.9935672514619882,0.004068040905206902,0.9894992105567814,0.9976352923671951,30,0.922107379243075,0.006929879363607186
MNB,0.5527638190954774,0.9938271604938271,0.004065893048190645,0.9897612674456365,0.9978930535420177,30,0.922107379243075,0.006929879363607186
MNB,0.5577889447236181,0.9939571150097465,0.0041065102330865915,0.9898506047766599,0.9980636252428331,30,0.922107379243075,0.006929879363607186
MNB,0.5628140703517588,0.9941520467836257,0.003830827948853939,0.9903212188347718,0.9979828747324796,30,0.922107379243075,0.006929879363607186
MNB,0.5678391959798995,0.9941520467836257,0.003830827948853939,0.9903212188347718,0.9979828747324796,30,0.922107379243075,0.006929879363607186
MNB,0.5728643216080402,0.9943469785575049,0.0036324393458136085,0.9907145392116913,0.9979794179033185,30,0.922107379243075,0.006929879363607186
MNB,0.577889447236181,0.9946068875893437,0.003460011373276787,0.9911468762160669,0.9980668989626205,30,0.922107379243075,0.006929879363607186
MNB,0.5829145728643216,0.994736842105263,0.0032030558918430775,0.9915337862134199,0.9979398979971061,30,0.922107379243075,0.006929879363607186
MNB,0.5879396984924623,0.9949317738791421,0.0032214116632733793,0.9917103622158687,0.9981531855424155,30,0.922107379243075,0.006929879363607186
MNB,0.592964824120603,0.9950617283950616,0.00314456965977059,0.991917158735291,0.9982062980548322,30,0.922107379243075,0.006929879363607186
MNB,0.5979899497487438,0.9951267056530213,0.0032275070550309864,0.9918991985979904,0.9983542127080522,30,0.922107379243075,0.006929879363607186
MNB,0.6030150753768845,0.9952566601689408,0.0030148037630657364,0.992241856405875,0.9982714639320065,30,0.922107379243075,0.006929879363607186
MNB,0.6080402010050251,0.9953866146848601,0.0029176213488239797,0.9924689933360361,0.9983042360336841,30,0.922107379243075,0.006929879363607186
MNB,0.6130653266331658,0.9954515919428198,0.002865510031816125,0.9925860819110037,0.998317101974636,30,0.922107379243075,0.006929879363607186
MNB,0.6180904522613065,0.995646523716699,0.0028814697655492796,0.9927650539511498,0.9985279934822483,30,0.922107379243075,0.006929879363607186
MNB,0.6231155778894473,0.995646523716699,0.0028814697655492796,0.9927650539511498,0.9985279934822483,30,0.922107379243075,0.006929879363607186
MNB,0.628140703517588,0.9957115009746588,0.0028685568269689967,0.9928429441476898,0.9985800578016277,30,0.922107379243075,0.006929879363607186
MNB,0.6331658291457286,0.9958414554905782,0.0027440475916221956,0.9930974078989561,0.9985855030822004,30,0.922107379243075,0.006929879363607186
MNB,0.6381909547738693,0.9959064327485379,0.0027733372605706665,0.9931330954879671,0.9986797700091086,30,0.922107379243075,0.006929879363607186
MNB,0.6432160804020101,0.9959714100064976,0.0027055777312338884,0.9932658322752637,0.9986769877377315,30,0.922107379243075,0.006929879363607186
MNB,0.6482412060301508,0.996101364522417,0.0026102692530681777,0.9934910952693489,0.9987116337754852,30,0.922107379243075,0.006929879363607186
MNB,0.6532663316582915,0.9962313190383365,0.0026069206060794258,0.993624398432257,0.998838239644416,30,0.922107379243075,0.006929879363607186
MNB,0.6582914572864321,0.9962313190383365,0.0026069206060794258,0.993624398432257,0.998838239644416,30,0.922107379243075,0.006929879363607186
MNB,0.6633165829145728,0.9963612735542559,0.0025968487566792944,0.9937644247975765,0.9989581223109352,30,0.922107379243075,0.006929879363607186
MNB,0.6683417085427136,0.9964262508122156,0.002614449030369983,0.9938118017818456,0.9990406998425856,30,0.922107379243075,0.006929879363607186
MNB,0.6733668341708543,0.9966211825860948,0.0025561645369044446,0.9940650180491903,0.9991773471229992,30,0.922107379243075,0.006929879363607186
MNB,0.678391959798995,0.9966861598440545,0.0024630551231130367,0.9942231047209414,0.9991492149671676,30,0.922107379243075,0.006929879363607186
MNB,0.6834170854271356,0.9966861598440545,0.0024630551231130367,0.9942231047209414,0.9991492149671676,30,0.922107379243075,0.006929879363607186
MNB,0.6884422110552764,0.9967511371020142,0.002472788808016204,0.9942783482939981,0.9992239259100304,30,0.922107379243075,0.006929879363607186
MNB,0.6934673366834171,0.996816114359974,0.002427330893878634,0.9943887834660954,0.9992434452538526,30,0.922107379243075,0.006929879363607186
MNB,0.6984924623115578,0.9968810916179336,0.0022077764977752184,0.9946733151201583,0.9990888681157089,30,0.922107379243075,0.006929879363607186
MNB,0.7035175879396985,0.997011046133853,0.002094063586666981,0.9949169825471861,0.99910510972052,30,0.922107379243075,0.006929879363607186
MNB,0.7085427135678392,0.997011046133853,0.002094063586666981,0.9949169825471861,0.99910510972052,30,0.922107379243075,0.006929879363607186
MNB,0.7135678391959799,0.9971410006497725,0.0018267103432975434,0.995314290306475,0.99896771099307,30,0.922107379243075,0.006929879363607186
MNB,0.7185929648241206,0.9972059779077322,0.0018936276533812384,0.995312350254351,0.9990996055611134,30,0.922107379243075,0.006929879363607186
MNB,0.7236180904522613,0.9972059779077322,0.0018936276533812384,0.995312350254351,0.9990996055611134,30,0.922107379243075,0.006929879363607186
MNB,0.7286432160804021,0.997270955165692,0.00174352278947352,0.9955274323762184,0.9990144779551655,30,0.922107379243075,0.006929879363607186
MNB,0.7336683417085427,0.9974009096816113,0.0017233657792143943,0.9956775439023969,0.9991242754608257,30,0.922107379243075,0.006929879363607186
MNB,0.7386934673366834,0.9974658869395711,0.0017843776411073972,0.9956815092984637,0.9992502645806784,30,0.922107379243075,0.006929879363607186
MNB,0.7437185929648241,0.9975308641975308,0.0017683959830794096,0.9957624682144514,0.9992992601806102,30,0.922107379243075,0.006929879363607186
MNB,0.7487437185929648,0.9975308641975308,0.0017683959830794096,0.9957624682144514,0.9992992601806102,30,0.922107379243075,0.006929879363607186
MNB,0.7537688442211056,0.9975308641975308,0.0017683959830794096,0.9957624682144514,0.9992992601806102,30,0.922107379243075,0.006929879363607186
MNB,0.7587939698492463,0.9975958414554905,0.0017497742358095793,0.9958460672196809,0.9993456156913001,30,0.922107379243075,0.006929879363607186
MNB,0.7638190954773869,0.9976608187134502,0.0018026419618860537,0.9958581767515642,0.9994634606753363,30,0.922107379243075,0.006929879363607186
MNB,0.7688442211055276,0.9977907732293697,0.0017535144058822797,0.9960372588234875,0.9995442876352519,30,0.922107379243075,0.006929879363607186
MNB,0.7738693467336684,0.9978557504873293,0.0017246324944013864,0.996131117992928,0.9995803829817307,30,0.922107379243075,0.006929879363607186
MNB,0.7788944723618091,0.9979207277452891,0.0016926802551863796,0.9962280474901026,0.9996134080004755,30,0.922107379243075,0.006929879363607186
MNB,0.7839195979899498,0.9979857050032488,0.001734732917474128,0.9962509720857746,0.999720437920723,30,0.922107379243075,0.006929879363607186
MNB,0.7889447236180904,0.9980506822612085,0.0016188202700534152,0.9964318619911551,0.999669502531262,30,0.922107379243075,0.006929879363607186
MNB,0.7939698492462312,0.9980506822612085,0.0016188202700534152,0.9964318619911551,0.999669502531262,30,0.922107379243075,0.006929879363607186
MNB,0.7989949748743719,0.9980506822612085,0.0016188202700534152,0.9964318619911551,0.999669502531262,30,0.922107379243075,0.006929879363607186
MNB,0.8040201005025126,0.9981156595191683,0.0016574801320965245,0.9964581793870717,0.9997731396512648,30,0.922107379243075,0.006929879363607186
MNB,0.8090452261306533,0.998180636777128,0.00161341517893698,0.996567221598191,0.999794051956065,30,0.922107379243075,0.006929879363607186
MNB,0.8140703517587939,0.998180636777128,0.00161341517893698,0.996567221598191,0.999794051956065,30,0.922107379243075,0.006929879363607186
MNB,0.8190954773869347,0.9982456140350877,0.0015653247035033965,0.9966802893315844,0.9998109387385911,30,0.922107379243075,0.006929879363607186
MNB,0.8241206030150754,0.9983755685510071,0.0015428413136002405,0.9968327272374068,0.9999184098646073,30,0.922107379243075,0.006929879363607186
MNB,0.8291457286432161,0.9985055230669265,0.001508488036506187,0.9969970350304204,1.0,30,0.922107379243075,0.006929879363607186
MNB,0.8341708542713568,0.9985705003248863,0.0014418712585654492,0.9971286290663208,1.0,30,0.922107379243075,0.006929879363607186
MNB,0.8391959798994975,0.9987004548408057,0.0013862748581262567,0.9973141799826795,1.0,30,0.922107379243075,0.006929879363607186
MNB,0.8442211055276382,0.9987004548408057,0.0013862748581262567,0.9973141799826795,1.0,30,0.922107379243075,0.006929879363607186
MNB,0.8492462311557789,0.9987004548408057,0.0013862748581262567,0.9973141799826795,1.0,30,0.922107379243075,0.006929879363607186
MNB,0.8542713567839196,0.9987654320987654,0.0011987288496264855,0.997566703249139,0.9999641609483919,30,0.922107379243075,0.006929879363607186
MNB,0.8592964824120604,0.9988953866146848,0.001107837772233814,0.997787548842451,1.0,30,0.922107379243075,0.006929879363607186
MNB,0.864321608040201,0.9990253411306043,0.0011156948761644253,0.9979096462544398,1.0,30,0.922107379243075,0.006929879363607186
MNB,0.8693467336683417,0.999090318388564,0.0011137357967317288,0.9979765825918323,1.0,30,0.922107379243075,0.006929879363607186
MNB,0.8743718592964824,0.9992202729044835,0.001097937325487439,0.998122335578996,1.0,30,0.922107379243075,0.006929879363607186
MNB,0.8793969849246231,0.9992202729044835,0.001097937325487439,0.998122335578996,1.0,30,0.922107379243075,0.006929879363607186
MNB,0.8844221105527639,0.9992202729044835,0.001097937325487439,0.998122335578996,1.0,30,0.922107379243075,0.006929879363607186
MNB,0.8894472361809045,0.9993502274204028,0.0010656379602154845,0.9982845894601873,1.0,30,0.922107379243075,0.006929879363607186
MNB,0.8944723618090452,0.9993502274204028,0.0010656379602154845,0.9982845894601873,1.0,30,0.922107379243075,0.006929879363607186
MNB,0.8994974874371859,0.9994801819363223,0.0008767572029411626,0.9986034247333812,1.0,30,0.922107379243075,0.006929879363607186
MNB,0.9045226130653267,0.9994801819363223,0.0008767572029411626,0.9986034247333812,1.0,30,0.922107379243075,0.006929879363607186
MNB,0.9095477386934674,0.999545159194282,0.0008385634837272683,0.9987065957105548,1.0,30,0.922107379243075,0.006929879363607186
MNB,0.914572864321608,0.9996101364522417,0.0007930567293810873,0.9988170797228606,1.0,30,0.922107379243075,0.006929879363607186
MNB,0.9195979899497487,0.9996101364522417,0.0007930567293810873,0.9988170797228606,1.0,30,0.922107379243075,0.006929879363607186
MNB,0.9246231155778895,0.9996101364522417,0.0007930567293810873,0.9988170797228606,1.0,30,0.922107379243075,0.006929879363607186
MNB,0.9296482412060302,0.9996101364522417,0.0007930567293810873,0.9988170797228606,1.0,30,0.922107379243075,0.006929879363607186
MNB,0.9346733668341709,0.9996101364522417,0.0007930567293810873,0.9988170797228606,1.0,30,0.922107379243075,0.006929879363607186
MNB,0.9396984924623115,0.9996101364522417,0.0007930567293810873,0.9988170797228606,1.0,30,0.922107379243075,0.006929879363607186
MNB,0.9447236180904522,0.9996101364522417,0.0007930567293810873,0.9988170797228606,1.0,30,0.922107379243075,0.006929879363607186
MNB,0.949748743718593,0.9996101364522417,0.0007930567293810873,0.9988170797228606,1.0,30,0.922107379243075,0.006929879363607186
MNB,0.9547738693467337,0.9996101364522417,0.0007930567293810873,0.9988170797228606,1.0,30,0.922107379243075,0.006929879363607186
MNB,0.9597989949748744,0.9996101364522417,0.0007930567293810873,0.9988170797228606,1.0,30,0.922107379243075,0.006929879363607186
MNB,0.964824120603015,0.9996101364522417,0.0007930567293810873,0.9988170797228606,1.0,30,0.922107379243075,0.006929879363607186
MNB,0.9698492462311558,0.9996101364522417,0.0007930567293810873,0.9988170797228606,1.0,30,0.922107379243075,0.006929879363607186
MNB,0.9748743718592965,0.9996101364522417,0.0007930567293810873,0.9988170797228606,1.0,30,0.922107379243075,0.006929879363607186
MNB,0.9798994974874372,0.9996101364522417,0.0007930567293810873,0.9988170797228606,1.0,30,0.922107379243075,0.006929879363607186
MNB,0.9849246231155779,0.9996101364522417,0.0007930567293810873,0.9988170797228606,1.0,30,0.922107379243075,0.006929879363607186
MNB,0.9899497487437187,0.9996101364522417,0.0007930567293810873,0.9988170797228606,1.0,30,0.922107379243075,0.006929879363607186
MNB,0.9949748743718593,0.9996101364522417,0.0007930567293810873,0.9988170797228606,1.0,30,0.922107379243075,0.006929879363607186
MNB,1.0,1.0,0.0,1.0,1.0,30,0.922107379243075,0.006929879363607186
RF,0.0,0.0,0.0,0.0,0.0,30,0.9605425841003468,0.005026056528429675
RF,0.005025125628140704,0.6288499025341132,0.05459913848364252,0.5742507640504707,0.6834490410177557,30,0.9605425841003468,0.005026056528429675
RF,0.010050251256281407,0.682066276803119,0.04913152855995505,0.632934748243164,0.7311978053630741,30,0.9605425841003468,0.005026056528429675
RF,0.01507537688442211,0.7061728395061728,0.04657009518031324,0.6596027443258596,0.752742934686486,30,0.9605425841003468,0.005026056528429675
RF,0.020100502512562814,0.734307992202729,0.04377449853834098,0.6905334936643881,0.7780824907410699,30,0.9605425841003468,0.005026056528429675
RF,0.02512562814070352,0.7542560103963613,0.03487020528242267,0.7193858051139386,0.7891262156787839,30,0.9605425841003468,0.005026056528429675
RF,0.03015075376884422,0.7743339831059132,0.02965439848981518,0.744679584616098,0.8039883815957284,30,0.9605425841003468,0.005026056528429675
RF,0.035175879396984924,0.790253411306043,0.027669990606025333,0.7625834207000176,0.8179234019120684,30,0.9605425841003468,0.005026056528429675
RF,0.04020100502512563,0.8000649772579597,0.024798526608633655,0.775266450649326,0.8248635038665934,30,0.9605425841003468,0.005026056528429675
RF,0.04522613065326633,0.8137751786874593,0.02170507392502155,0.7920701047624378,0.8354802526124808,30,0.9605425841003468,0.005026056528429675
RF,0.05025125628140704,0.8205328135152696,0.02085033804628493,0.7996824754689847,0.8413831515615545,30,0.9605425841003468,0.005026056528429675
RF,0.05527638190954774,0.8294996751137096,0.021136197594884637,0.808363477518825,0.8506358727085942,30,0.9605425841003468,0.005026056528429675
RF,0.06030150753768844,0.8348278102664063,0.020571972407883492,0.8142558378585228,0.8553997826742897,30,0.9605425841003468,0.005026056528429675
RF,0.06532663316582915,0.8441195581546455,0.021436281667312183,0.8226832764873333,0.8655558398219576,30,0.9605425841003468,0.005026056528429675
RF,0.07035175879396985,0.8522417153996099,0.0226542314905966,0.8295874839090133,0.8748959468902066,30,0.9605425841003468,0.005026056528429675
RF,0.07537688442211056,0.8565951916829108,0.02266743412879168,0.8339277575541191,0.8792626258117024,30,0.9605425841003468,0.005026056528429675
RF,0.08040201005025126,0.8633528265107212,0.02123278878870821,0.842120037722013,0.8845856152994294,30,0.9605425841003468,0.005026056528429675
RF,0.08542713567839195,0.8680311890838207,0.022385129578492178,0.8456460595053286,0.8904163186623129,30,0.9605425841003468,0.005026056528429675
RF,0.09045226130653267,0.8749187784275504,0.02154967398325258,0.8533691044442978,0.896468452410803,30,0.9605425841003468,0.005026056528429675
RF,0.09547738693467336,0.8781026640675764,0.02097439732618065,0.8571282667413958,0.8990770613937571,30,0.9605425841003468,0.005026056528429675
RF,0.10050251256281408,0.8830409356725148,0.020134636366818937,0.862906299305696,0.9031755720393337,30,0.9605425841003468,0.005026056528429675
RF,0.10552763819095477,0.8869395711500976,0.01982641823452663,0.867113152915571,0.9067659893846242,30,0.9605425841003468,0.005026056528429675
RF,0.11055276381909548,0.8893437296946071,0.018426721413349133,0.870917008281258,0.9077704511079562,30,0.9605425841003468,0.005026056528429675
RF,0.11557788944723618,0.894606887589344,0.016877187977476265,0.8777296996118678,0.9114840755668203,30,0.9605425841003468,0.005026056528429675
RF,0.12060301507537688,0.8981806367771284,0.016080055002488124,0.8821005817746403,0.9142606917796166,30,0.9605425841003468,0.005026056528429675
RF,0.12562814070351758,0.9020792722547112,0.015405891030462443,0.8866733812242488,0.9174851632851736,30,0.9605425841003468,0.005026056528429675
RF,0.1306532663316583,0.9064977257959718,0.015233118811578834,0.8912646069843929,0.9217308446075506,30,0.9605425841003468,0.005026056528429675
RF,0.135678391959799,0.9080571799870047,0.015100073409255465,0.8929571065777493,0.9231572533962602,30,0.9605425841003468,0.005026056528429675
RF,0.1407035175879397,0.911630929174789,0.014795462301259707,0.8968354668735293,0.9264263914760488,30,0.9605425841003468,0.005026056528429675
RF,0.1457286432160804,0.9139701104613387,0.014701288749536792,0.8992688217118019,0.9286713992108755,30,0.9605425841003468,0.005026056528429675
RF,0.15075376884422112,0.9171539961013647,0.014476906121896187,0.9026770899794685,0.931630902223261,30,0.9605425841003468,0.005026056528429675
RF,0.15577889447236182,0.9191682910981159,0.013599374985752137,0.9055689161123638,0.9327676660838681,30,0.9605425841003468,0.005026056528429675
RF,0.16080402010050251,0.9217673814165044,0.013188501352421004,0.9085788800640834,0.9349558827689254,30,0.9605425841003468,0.005026056528429675
RF,0.1658291457286432,0.9250162443144901,0.011837698169911186,0.9131785461445789,0.9368539424844013,30,0.9605425841003468,0.005026056528429675
RF,0.1708542713567839,0.9270305393112414,0.011903375256901992,0.9151271640543394,0.9389339145681433,30,0.9605425841003468,0.005026056528429675
RF,0.17587939698492464,0.9292397660818713,0.011886484778228602,0.9173532813036427,0.9411262508600999,30,0.9605425841003468,0.005026056528429675
RF,0.18090452261306533,0.9311890838206628,0.011809069185856506,0.9193800146348062,0.9429981530065193,30,0.9605425841003468,0.005026056528429675
RF,0.18592964824120603,0.9337231968810915,0.0111686867435981,0.9225545101374935,0.9448918836246896,30,0.9605425841003468,0.005026056528429675
RF,0.19095477386934673,0.9350227420402858,0.010178419610706858,0.9248443224295789,0.9452011616509927,30,0.9605425841003468,0.005026056528429675
RF,0.19597989949748745,0.9371669915529564,0.010843477997979115,0.9263235135549772,0.9480104695509355,30,0.9605425841003468,0.005026056528429675
RF,0.20100502512562815,0.9382066276803118,0.010909335374614075,0.9272972923056978,0.9491159630549258,30,0.9605425841003468,0.005026056528429675
RF,0.20603015075376885,0.9400909681611436,0.01005668342192843,0.9300342847392151,0.950147651583072,30,0.9605425841003468,0.005026056528429675
RF,0.21105527638190955,0.9423001949317734,0.00891968499814309,0.9333805099336303,0.9512198799299165,30,0.9605425841003468,0.005026056528429675
RF,0.21608040201005024,0.9430149447693303,0.008453332095576712,0.9345616126737536,0.9514682768649071,30,0.9605425841003468,0.005026056528429675
RF,0.22110552763819097,0.945549057829759,0.00804430434663325,0.9375047534831257,0.9535933621763922,30,0.9605425841003468,0.005026056528429675
RF,0.22613065326633167,0.9466536712150742,0.008036971218267472,0.9386166999968066,0.9546906424333417,30,0.9605425841003468,0.005026056528429675
RF,0.23115577889447236,0.9480181936322282,0.008243806794437565,0.9397743868377906,0.9562620004266658,30,0.9605425841003468,0.005026056528429675
RF,0.23618090452261306,0.9497725795971406,0.008530481407955542,0.941242098189185,0.9583030610050961,30,0.9605425841003468,0.005026056528429675
RF,0.24120603015075376,0.9504873294346974,0.00890498301848045,0.941582346416217,0.9593923124531778,30,0.9605425841003468,0.005026056528429675
RF,0.24623115577889448,0.95217673814165,0.00939380819692153,0.9427829299447286,0.9615705463385715,30,0.9605425841003468,0.005026056528429675
RF,0.25125628140703515,0.953281351526965,0.008724875601227632,0.9445564759257374,0.9620062271281926,30,0.9605425841003468,0.005026056528429675
RF,0.2562814070351759,0.9549707602339177,0.008385895256670875,0.9465848649772468,0.9633566554905886,30,0.9605425841003468,0.005026056528429675
RF,0.2613065326633166,0.9564652371669912,0.007919544957290373,0.9485456922097008,0.9643847821242816,30,0.9605425841003468,0.005026056528429675
RF,0.2663316582914573,0.958089668615984,0.007605871606738624,0.9504837970092453,0.9656955402227226,30,0.9605425841003468,0.005026056528429675
RF,0.271356783919598,0.9590643274853797,0.007610177223617143,0.9514541502617626,0.9666745047089969,30,0.9605425841003468,0.005026056528429675
RF,0.2763819095477387,0.9597141000649769,0.007667354415340386,0.9520467456496365,0.9673814544803173,30,0.9605425841003468,0.005026056528429675
RF,0.2814070351758794,0.9614035087719295,0.007495679768427632,0.9539078290035019,0.9688991885403571,30,0.9605425841003468,0.005026056528429675
RF,0.2864321608040201,0.9621182586094863,0.0074304261859159376,0.9546878324235704,0.9695486847954022,30,0.9605425841003468,0.005026056528429675
RF,0.2914572864321608,0.9630279402209223,0.007009385841107495,0.9560185543798149,0.9700373260620297,30,0.9605425841003468,0.005026056528429675
RF,0.2964824120603015,0.9643924626380761,0.007183866444163868,0.9572085961939122,0.97157632908224,30,0.9605425841003468,0.005026056528429675
RF,0.30150753768844224,0.9654970760233912,0.007059058786692538,0.9584380172366986,0.9725561348100837,30,0.9605425841003468,0.005026056528429675
RF,0.3065326633165829,0.9669915529564647,0.00692380866244537,0.9600677442940193,0.97391536161891,30,0.9605425841003468,0.005026056528429675
RF,0.31155778894472363,0.9677712800519812,0.006862983395929066,0.9609082966560522,0.9746342634479103,30,0.9605425841003468,0.005026056528429675
RF,0.3165829145728643,0.9690058479532159,0.00695056653052645,0.9620552814226894,0.9759564144837424,30,0.9605425841003468,0.005026056528429675
RF,0.32160804020100503,0.9695256660168936,0.006839076597718153,0.9626865894191754,0.9763647426146118,30,0.9605425841003468,0.005026056528429675
RF,0.32663316582914576,0.9703703703703699,0.00670199412144263,0.9636683762489272,0.9770723644918126,30,0.9605425841003468,0.005026056528429675
RF,0.3316582914572864,0.9718648473034434,0.005693170946295563,0.9661716763571478,0.9775580182497389,30,0.9605425841003468,0.005026056528429675
RF,0.33668341708542715,0.9724496426250808,0.005785631335106988,0.9666640112899738,0.9782352739601878,30,0.9605425841003468,0.005026056528429675
RF,0.3417085427135678,0.9729694606887586,0.005919955860123736,0.9670495048286348,0.9788894165488823,30,0.9605425841003468,0.005026056528429675
RF,0.34673366834170855,0.9736842105263154,0.006449937417094118,0.9672342731092213,0.9801341479434095,30,0.9605425841003468,0.005026056528429675
RF,0.35175879396984927,0.9744639376218319,0.006150451920658448,0.9683134857011735,0.9806143895424904,30,0.9605425841003468,0.005026056528429675
RF,0.35678391959798994,0.975113710201429,0.006346174644929912,0.9687675355564991,0.9814598848463589,30,0.9605425841003468,0.005026056528429675
RF,0.36180904522613067,0.9755035737491873,0.00611484224249015,0.9693887315066971,0.9816184159916774,30,0.9605425841003468,0.005026056528429675
RF,0.36683417085427134,0.9767381416504219,0.005835242697647961,0.9709028989527739,0.98257338434807,30,0.9605425841003468,0.005026056528429675
RF,0.37185929648241206,0.9773229369720594,0.005825129293196052,0.9714978076788634,0.9831480662652554,30,0.9605425841003468,0.005026056528429675
RF,0.3768844221105528,0.9781676413255357,0.005523001026326595,0.972644640299209,0.9836906423518623,30,0.9605425841003468,0.005026056528429675
RF,0.38190954773869346,0.9784275503573745,0.005629523619311982,0.9727980267380625,0.9840570739766865,30,0.9605425841003468,0.005026056528429675
RF,0.3869346733668342,0.9790773229369717,0.005367392216615261,0.9737099307203564,0.984444715153587,30,0.9605425841003468,0.005026056528429675
RF,0.3919597989949749,0.9795321637426897,0.005694705080235103,0.9738374586624546,0.9852268688229248,30,0.9605425841003468,0.005026056528429675
RF,0.3969849246231156,0.9801169590643272,0.0055466745211413164,0.9745702845431858,0.9856636335854685,30,0.9605425841003468,0.005026056528429675
RF,0.4020100502512563,0.9805068226120854,0.0053933688582153685,0.97511345375387,0.9859001914703008,30,0.9605425841003468,0.005026056528429675
RF,0.40703517587939697,0.9810266406757632,0.005318344046189104,0.975708296629574,0.9863449847219523,30,0.9605425841003468,0.005026056528429675
RF,0.4120603015075377,0.9813515269655617,0.005312181182618553,0.9760393457829432,0.9866637081481803,30,0.9605425841003468,0.005026056528429675
RF,0.4170854271356784,0.9814165042235214,0.00536250758746759,0.9760539966360539,0.986779011810989,30,0.9605425841003468,0.005026056528429675
RF,0.4221105527638191,0.9821312540610784,0.005297361057447611,0.9768338930036308,0.987428615118526,30,0.9605425841003468,0.005026056528429675
RF,0.4271356783919598,0.9825211176088366,0.005282499354373683,0.977238618254463,0.9878036169632103,30,0.9605425841003468,0.005026056528429675
RF,0.4321608040201005,0.9829759584145547,0.005091783796821384,0.9778841746177332,0.988067742211376,30,0.9605425841003468,0.005026056528429675
RF,0.4371859296482412,0.9836907082521116,0.005619039964476888,0.9780716682876347,0.9893097482165885,30,0.9605425841003468,0.005026056528429675
RF,0.44221105527638194,0.9841455490578296,0.005624866629446143,0.9785206824283834,0.9897704156872758,30,0.9605425841003468,0.005026056528429675
RF,0.4472361809045226,0.9845354126055879,0.005559259164706281,0.9789761534408816,0.9900946717702941,30,0.9605425841003468,0.005026056528429675
RF,0.45226130653266333,0.985185185185185,0.005310125305308452,0.9798750598798766,0.9904953104904936,30,0.9605425841003468,0.005026056528429675
RF,0.457286432160804,0.9853151397011043,0.005338017395904018,0.9799771223052003,0.9906531570970083,30,0.9605425841003468,0.005026056528429675
RF,0.4623115577889447,0.9858999350227418,0.005237661233503544,0.9806622737892382,0.9911375962562453,30,0.9605425841003468,0.005026056528429675
RF,0.46733668341708545,0.9862897985705,0.0052075546765192535,0.9810822438939808,0.9914973532470193,30,0.9605425841003468,0.005026056528429675
RF,0.4723618090452261,0.9866146848602987,0.005188649369434435,0.9814260354908643,0.9918033342297331,30,0.9605425841003468,0.005026056528429675
RF,0.47738693467336685,0.9868745938921375,0.005218864988380202,0.9816557289037573,0.9920934588805177,30,0.9605425841003468,0.005026056528429675
RF,0.4824120603015075,0.987459389213775,0.0054341106402367775,0.9820252785735382,0.9928934998540118,30,0.9605425841003468,0.005026056528429675
RF,0.48743718592964824,0.9877192982456138,0.005348235270948836,0.9823710629746649,0.9930675335165626,30,0.9605425841003468,0.005026056528429675
RF,0.49246231155778897,0.9880441845354124,0.005163334617498538,0.9828808499179139,0.993207519152911,30,0.9605425841003468,0.005026056528429675
RF,0.49748743718592964,0.9882391163092915,0.004923006066980637,0.9833161102423109,0.9931621223762721,30,0.9605425841003468,0.005026056528429675
RF,0.5025125628140703,0.9886939571150095,0.005000032429560776,0.9836939246854487,0.9936939895445703,30,0.9605425841003468,0.005026056528429675
RF,0.507537688442211,0.9889538661468484,0.004998285082860711,0.9839555810639877,0.9939521512297091,30,0.9605425841003468,0.005026056528429675
RF,0.5125628140703518,0.9890838206627678,0.005134493685979378,0.9839493269767884,0.9942183143487472,30,0.9605425841003468,0.005026056528429675
RF,0.5175879396984925,0.9896036387264455,0.004673131593424797,0.9849305071330208,0.9942767703198703,30,0.9605425841003468,0.005026056528429675
RF,0.5226130653266332,0.9899285250162442,0.00460961263008611,0.9853189123861581,0.9945381376463303,30,0.9605425841003468,0.005026056528429675
RF,0.5276381909547738,0.9901234567901233,0.004576806966300283,0.985546649823823,0.9947002637564235,30,0.9605425841003468,0.005026056528429675
RF,0.5326633165829145,0.9903833658219622,0.004401683151560698,0.9859816826704015,0.9947850489735228,30,0.9605425841003468,0.005026056528429675
RF,0.5376884422110553,0.9909681611435996,0.004358305932590853,0.9866098552110087,0.9953264670761905,30,0.9605425841003468,0.005026056528429675
RF,0.542713567839196,0.9912930474333982,0.004365815511301982,0.9869272319220962,0.9956588629447002,30,0.9605425841003468,0.005026056528429675
RF,0.5477386934673367,0.9914879792072774,0.00401399970461474,0.9874739795026627,0.9955019789118921,30,0.9605425841003468,0.005026056528429675
RF,0.5527638190954774,0.9916829109811565,0.004028662270115273,0.9876542487110412,0.9957115732512717,30,0.9605425841003468,0.005026056528429675
RF,0.5577889447236181,0.992007797270955,0.004074477682816687,0.9879333195881383,0.9960822749537717,30,0.9605425841003468,0.005026056528429675
RF,0.5628140703517588,0.9921377517868745,0.004013999704614745,0.9881237520822598,0.9961517514914892,30,0.9605425841003468,0.005026056528429675
RF,0.5678391959798995,0.9924626380766729,0.004118723324688896,0.988343914751984,0.9965813614013618,30,0.9605425841003468,0.005026056528429675
RF,0.5728643216080402,0.9925276153346326,0.004065893048190638,0.988461722286442,0.9965935083828232,30,0.9605425841003468,0.005026056528429675
RF,0.577889447236181,0.9927225471085118,0.004093193801910378,0.9886293533066014,0.9968157409104222,30,0.9605425841003468,0.005026056528429675
RF,0.5829145728643216,0.9930474333983104,0.004020523002046125,0.9890269103962642,0.9970679564003565,30,0.9605425841003468,0.005026056528429675
RF,0.5879396984924623,0.9935022742040284,0.0037385052747398403,0.9897637689292885,0.9972407794787682,30,0.9605425841003468,0.005026056528429675
RF,0.592964824120603,0.9935022742040284,0.0037385052747398403,0.9897637689292885,0.9972407794787682,30,0.9605425841003468,0.005026056528429675
RF,0.5979899497487438,0.9939571150097464,0.0034851662764236223,0.9904719487333228,0.99744228128617,30,0.9605425841003468,0.005026056528429675
RF,0.6030150753768845,0.9940870695256658,0.003564469223024768,0.990522600302641,0.9976515387486906,30,0.9605425841003468,0.005026056528429675
RF,0.6080402010050251,0.9942170240415853,0.0034901755011093154,0.990726848540476,0.9977071995426946,30,0.9605425841003468,0.005026056528429675
RF,0.6130653266331658,0.9945419103313838,0.0034110659706764654,0.9911308443607074,0.9979529763020603,30,0.9605425841003468,0.005026056528429675
RF,0.6180904522613065,0.9949317738791421,0.0034187399195671014,0.991513033959575,0.9983505137987092,30,0.9605425841003468,0.005026056528429675
RF,0.6231155778894473,0.9951267056530213,0.003386005525241964,0.9917407001277794,0.9985127111782632,30,0.9605425841003468,0.005026056528429675
RF,0.628140703517588,0.9953866146848601,0.003216662817553078,0.992169951867307,0.9986032775024132,30,0.9605425841003468,0.005026056528429675
RF,0.6331658291457286,0.9955815464587393,0.0031528923112730057,0.9924286541474663,0.9987344387700123,30,0.9605425841003468,0.005026056528429675
RF,0.6381909547738693,0.9957115009746588,0.0030885122313046268,0.9926229887433542,0.9988000132059633,30,0.9605425841003468,0.005026056528429675
RF,0.6432160804020101,0.9959064327485379,0.002956286722827116,0.9929501460257107,0.998862719471365,30,0.9605425841003468,0.005026056528429675
RF,0.6482412060301508,0.9959714100064976,0.002982029225173714,0.9929893807813238,0.9989534392316713,30,0.9605425841003468,0.005026056528429675
RF,0.6532663316582915,0.9960363872644573,0.00300609882546476,0.9930302884389925,0.9990424860899221,30,0.9605425841003468,0.005026056528429675
RF,0.6582914572864321,0.9961663417803768,0.0028723607761630236,0.9932939810042137,0.9990387025565398,30,0.9605425841003468,0.005026056528429675
RF,0.6633165829145728,0.9962962962962962,0.0027733372605706626,0.9935229590357256,0.9990696335568668,30,0.9605425841003468,0.005026056528429675
RF,0.6683417085427136,0.9963612735542559,0.00274404759162219,0.9936172259626337,0.999105321145878,30,0.9605425841003468,0.005026056528429675
RF,0.6733668341708543,0.9964262508122156,0.002807770531773721,0.9936184802804419,0.9992340213439893,30,0.9605425841003468,0.005026056528429675
RF,0.678391959798995,0.9966211825860948,0.0025561645369044494,0.9940650180491903,0.9991773471229992,30,0.9605425841003468,0.005026056528429675
RF,0.6834170854271356,0.9966861598440545,0.002463055123113042,0.9942231047209414,0.9991492149671676,30,0.9605425841003468,0.005026056528429675
RF,0.6884422110552764,0.9969460688758933,0.002438103125323536,0.9945079657505698,0.9993841720012169,30,0.9605425841003468,0.005026056528429675
RF,0.6934673366834171,0.9969460688758933,0.002438103125323536,0.9945079657505698,0.9993841720012169,30,0.9605425841003468,0.005026056528429675
RF,0.6984924623115578,0.9971410006497725,0.002330951293291845,0.9948100493564807,0.9994719519430644,30,0.9605425841003468,0.005026056528429675
RF,0.7035175879396985,0.9972059779077322,0.002328138964143947,0.9948778389435883,0.9995341168718762,30,0.9605425841003468,0.005026056528429675
RF,0.7085427135678392,0.9973359324236516,0.002259593226303564,0.9950763391973481,0.9995955256499551,30,0.9605425841003468,0.005026056528429675
RF,0.7135678391959799,0.9974009096816113,0.002308356724821685,0.9950925529567897,0.999709266406433,30,0.9605425841003468,0.005026056528429675
RF,0.7185929648241206,0.9974009096816113,0.002308356724821685,0.9950925529567897,0.999709266406433,30,0.9605425841003468,0.005026056528429675
RF,0.7236180904522613,0.9974009096816113,0.002308356724821685,0.9950925529567897,0.999709266406433,30,0.9605425841003468,0.005026056528429675
RF,0.7286432160804021,0.9974009096816113,0.002308356724821685,0.9950925529567897,0.999709266406433,30,0.9605425841003468,0.005026056528429675
RF,0.7336683417085427,0.9975958414554905,0.002271161185317255,0.9953246802701733,0.9998670026408077,30,0.9605425841003468,0.005026056528429675
RF,0.7386934673366834,0.99772579597141,0.0019881415339439924,0.995737654437466,0.999713937505354,30,0.9605425841003468,0.005026056528429675
RF,0.7437185929648241,0.9979207277452891,0.0019782310464129685,0.9959424966988761,0.999898958791702,30,0.9605425841003468,0.005026056528429675
RF,0.7487437185929648,0.9979857050032488,0.0020143311350576446,0.9959713738681911,1.0,30,0.9605425841003468,0.005026056528429675
RF,0.7537688442211056,0.9981156595191683,0.002014331135057646,0.9961013283841106,1.0,30,0.9605425841003468,0.005026056528429675
RF,0.7587939698492463,0.9982456140350877,0.002005639266528128,0.9962399747685596,1.0,30,0.9605425841003468,0.005026056528429675
RF,0.7638190954773869,0.9982456140350877,0.002005639266528128,0.9962399747685596,1.0,30,0.9605425841003468,0.005026056528429675
RF,0.7688442211055276,0.9982456140350877,0.002005639266528128,0.9962399747685596,1.0,30,0.9605425841003468,0.005026056528429675
RF,0.7738693467336684,0.9983105912930473,0.002030528108234661,0.9962800631848127,1.0,30,0.9605425841003468,0.005026056528429675
RF,0.7788944723618091,0.9983105912930473,0.002030528108234661,0.9962800631848127,1.0,30,0.9605425841003468,0.005026056528429675
RF,0.7839195979899498,0.9983755685510071,0.00205298920252075,0.9963225793484863,1.0,30,0.9605425841003468,0.005026056528429675
RF,0.7889447236180904,0.9983755685510071,0.00205298920252075,0.9963225793484863,1.0,30,0.9605425841003468,0.005026056528429675
RF,0.7939698492462312,0.9983755685510071,0.00205298920252075,0.9963225793484863,1.0,30,0.9605425841003468,0.005026056528429675
RF,0.7989949748743719,0.9984405458089668,0.0019425843240641009,0.9964979614849027,1.0,30,0.9605425841003468,0.005026056528429675
RF,0.8040201005025126,0.9985055230669265,0.001749774235809592,0.996755748831117,1.0,30,0.9605425841003468,0.005026056528429675
RF,0.8090452261306533,0.9985705003248863,0.0017683959830794226,0.9968021043418068,1.0,30,0.9605425841003468,0.005026056528429675
RF,0.8140703517587939,0.998635477582846,0.0017093699597835667,0.9969261076230624,1.0,30,0.9605425841003468,0.005026056528429675
RF,0.8190954773869347,0.998635477582846,0.0017093699597835667,0.9969261076230624,1.0,30,0.9605425841003468,0.005026056528429675
RF,0.8241206030150754,0.998635477582846,0.0017093699597835667,0.9969261076230624,1.0,30,0.9605425841003468,0.005026056528429675
RF,0.8291457286432161,0.9987004548408057,0.0017233657792144119,0.9969770890615913,1.0,30,0.9605425841003468,0.005026056528429675
RF,0.8341708542713568,0.9987654320987654,0.0015764461556365184,0.9971889859431289,1.0,30,0.9605425841003468,0.005026056528429675
RF,0.8391959798994975,0.9988304093567251,0.0015012321597250827,0.997329177197,1.0,30,0.9605425841003468,0.005026056528429675
RF,0.8442211055276382,0.9988953866146848,0.0015084880365061903,0.9973868985781786,1.0,30,0.9605425841003468,0.005026056528429675
RF,0.8492462311557789,0.9990253411306043,0.0015142677053261986,0.9975110734252781,1.0,30,0.9605425841003468,0.005026056528429675
RF,0.8542713567839196,0.9990253411306043,0.0015142677053261986,0.9975110734252781,1.0,30,0.9605425841003468,0.005026056528429675
RF,0.8592964824120604,0.9990253411306043,0.0015142677053261986,0.9975110734252781,1.0,30,0.9605425841003468,0.005026056528429675
RF,0.864321608040201,0.9991552956465237,0.0015084880365061886,0.9976468076100176,1.0,30,0.9605425841003468,0.005026056528429675
RF,0.8693467336683417,0.9992202729044835,0.0015012321597250799,0.9977190407447584,1.0,30,0.9605425841003468,0.005026056528429675
RF,0.8743718592964824,0.9992852501624431,0.0013034603030397205,0.9979817898594033,1.0,30,0.9605425841003468,0.005026056528429675
RF,0.8793969849246231,0.9992852501624431,0.0013034603030397205,0.9979817898594033,1.0,30,0.9605425841003468,0.005026056528429675
RF,0.8844221105527639,0.9994801819363223,0.0010152640541173413,0.9984649178822049,1.0,30,0.9605425841003468,0.005026056528429675
RF,0.8894472361809045,0.9994801819363223,0.0010152640541173413,0.9984649178822049,1.0,30,0.9605425841003468,0.005026056528429675
RF,0.8944723618090452,0.999545159194282,0.0009824696549585541,0.9985626895393235,1.0,30,0.9605425841003468,0.005026056528429675
RF,0.8994974874371859,0.999545159194282,0.0009824696549585541,0.9985626895393235,1.0,30,0.9605425841003468,0.005026056528429675
RF,0.9045226130653267,0.999545159194282,0.0009824696549585541,0.9985626895393235,1.0,30,0.9605425841003468,0.005026056528429675
RF,0.9095477386934674,0.999545159194282,0.0009824696549585541,0.9985626895393235,1.0,30,0.9605425841003468,0.005026056528429675
RF,0.914572864321608,0.999545159194282,0.0009824696549585541,0.9985626895393235,1.0,30,0.9605425841003468,0.005026056528429675
RF,0.9195979899497487,0.999545159194282,0.0009824696549585541,0.9985626895393235,1.0,30,0.9605425841003468,0.005026056528429675
RF,0.9246231155778895,0.9996101364522417,0.0009439263121082045,0.9986662101401336,1.0,30,0.9605425841003468,0.005026056528429675
RF,0.9296482412060302,0.9996101364522417,0.0009439263121082045,0.9986662101401336,1.0,30,0.9605425841003468,0.005026056528429675
RF,0.9346733668341709,0.9996101364522417,0.0009439263121082045,0.9986662101401336,1.0,30,0.9605425841003468,0.005026056528429675
RF,0.9396984924623115,0.9996751137102015,0.0008988948097025717,0.9987762189004988,1.0,30,0.9605425841003468,0.005026056528429675
RF,0.9447236180904522,0.9996751137102015,0.0008988948097025717,0.9987762189004988,1.0,30,0.9605425841003468,0.005026056528429675
RF,0.949748743718593,0.9998050682261208,0.0005947925470358154,0.999210275679085,1.0,30,0.9605425841003468,0.005026056528429675
RF,0.9547738693467337,0.9998050682261208,0.0005947925470358154,0.999210275679085,1.0,30,0.9605425841003468,0.005026056528429675
RF,0.9597989949748744,0.9999350227420403,0.00035589509909368514,0.9995791276429465,1.0,30,0.9605425841003468,0.005026056528429675
RF,0.964824120603015,0.9999350227420403,0.00035589509909368514,0.9995791276429465,1.0,30,0.9605425841003468,0.005026056528429675
RF,0.9698492462311558,1.0,0.0,1.0,1.0,30,0.9605425841003468,0.005026056528429675
RF,0.9748743718592965,1.0,0.0,1.0,1.0,30,0.9605425841003468,0.005026056528429675
RF,0.9798994974874372,1.0,0.0,1.0,1.0,30,0.9605425841003468,0.005026056528429675
RF,0.9849246231155779,1.0,0.0,1.0,1.0,30,0.9605425841003468,0.005026056528429675
RF,0.9899497487437187,1.0,0.0,1.0,1.0,30,0.9605425841003468,0.005026056528429675
RF,0.9949748743718593,1.0,0.0,1.0,1.0,30,0.9605425841003468,0.005026056528429675
RF,1.0,1.0,0.0,1.0,1.0,30,0.9605425841003468,0.005026056528429675
LR,0.0,0.0,0.0,0.0,0.0,30,0.975620976919774,0.003664176400969131
LR,0.005025125628140704,0.5543859649122808,0.10910248151014415,0.44528348340213664,0.6634884464224249,30,0.975620976919774,0.003664176400969131
LR,0.010050251256281407,0.6788174139051333,0.076682686330388,0.6021347275747453,0.7555001002355213,30,0.975620976919774,0.003664176400969131
LR,0.01507537688442211,0.7261208576998051,0.05857747617905013,0.6675433815207549,0.7846983338788552,30,0.975620976919774,0.003664176400969131
LR,0.020100502512562814,0.7779727095516569,0.04254865144241853,0.7354240581092384,0.8205213609940754,30,0.975620976919774,0.003664176400969131
LR,0.02512562814070352,0.795711500974659,0.040260811913556335,0.7554506890611027,0.8359723128882154,30,0.975620976919774,0.003664176400969131
LR,0.03015075376884422,0.8257309941520468,0.03424713662641409,0.7914838575256327,0.8599781307784609,30,0.975620976919774,0.003664176400969131
LR,0.035175879396984924,0.8462638076673163,0.0302755458321685,0.8159882618351478,0.8765393534994849,30,0.975620976919774,0.003664176400969131
LR,0.04020100502512563,0.8593242365172187,0.025349316072085785,0.8339749204451329,0.8846735525893045,30,0.975620976919774,0.003664176400969131
LR,0.04522613065326633,0.8723846653671214,0.02367982344049495,0.8487048419266265,0.8960644888076164,30,0.975620976919774,0.003664176400969131
LR,0.05025125628140704,0.8837556855100716,0.020389960797065215,0.8633657247130063,0.9041456463071368,30,0.975620976919774,0.003664176400969131
LR,0.05527638190954774,0.8979207277452892,0.018232281453061695,0.8796884462922275,0.9161530091983509,30,0.975620976919774,0.003664176400969131
LR,0.06030150753768844,0.9026640675763484,0.016228084473524154,0.8864359831028242,0.9188921520498726,30,0.975620976919774,0.003664176400969131
LR,0.06532663316582915,0.910786224821313,0.016047427745789943,0.8947387970755231,0.9268336525671029,30,0.975620976919774,0.003664176400969131
LR,0.07035175879396985,0.9186484730344382,0.014469512669923565,0.9041789603645146,0.9331179857043618,30,0.975620976919774,0.003664176400969131
LR,0.07537688442211056,0.9228070175438599,0.014583764845069236,0.9082232526987906,0.9373907823889291,30,0.975620976919774,0.003664176400969131
LR,0.08040201005025126,0.9304743339831061,0.013862748581262364,0.9166115854018437,0.9443370825643684,30,0.975620976919774,0.003664176400969131
LR,0.08542713567839195,0.9339181286549708,0.014152878186642848,0.919765250468328,0.9480710068416136,30,0.975620976919774,0.003664176400969131
LR,0.09045226130653267,0.9395061728395061,0.01446543711220215,0.9250407357273039,0.9539716099517083,30,0.975620976919774,0.003664176400969131
LR,0.09547738693467336,0.9422352176738139,0.014328921880133617,0.9279062957936803,0.9565641395539475,30,0.975620976919774,0.003664176400969131
LR,0.10050251256281408,0.9456790123456786,0.013589736645587639,0.932089275700091,0.9592687489912662,30,0.975620976919774,0.003664176400969131
LR,0.10552763819095477,0.9499025341130599,0.013162810679989183,0.9367397234330708,0.9630653447930491,30,0.975620976919774,0.003664176400969131
LR,0.11055276381909548,0.9517868745938917,0.012433691905878173,0.9393531826880135,0.9642205664997698,30,0.975620976919774,0.003664176400969131
LR,0.11557788944723618,0.9545808966861595,0.012582618341062526,0.941998278345097,0.9671635150272221,30,0.975620976919774,0.003664176400969131
LR,0.12060301507537688,0.9563352826510717,0.011713817479126367,0.9446214651719453,0.9680491001301981,30,0.975620976919774,0.003664176400969131
LR,0.12562814070351758,0.9589993502274197,0.009799992610409914,0.9491993576170098,0.9687993428378295,30,0.975620976919774,0.003664176400969131
LR,0.1306532663316583,0.9617933723196875,0.008711599725232366,0.9530817725944551,0.9705049720449199,30,0.975620976919774,0.003664176400969131
LR,0.135678391959799,0.9633528265107206,0.008448939210213507,0.9549038873005071,0.9718017657209341,30,0.975620976919774,0.003664176400969131
LR,0.1407035175879397,0.9653021442495121,0.008753612506351578,0.9565485317431606,0.9740557567558636,30,0.975620976919774,0.003664176400969131
LR,0.1457286432160804,0.9658869395711496,0.00839214289788517,0.9574947966732644,0.9742790824690347,30,0.975620976919774,0.003664176400969131
LR,0.15075376884422112,0.9679662118258605,0.007825507341881269,0.9601407044839793,0.9757917191677418,30,0.975620976919774,0.003664176400969131
LR,0.15577889447236182,0.969005847953216,0.008323160915731528,0.9606826870374845,0.9773290088689475,30,0.975620976919774,0.003664176400969131
LR,0.16080402010050251,0.9701104613385312,0.008354325574858214,0.9617561357636729,0.9784647869133895,30,0.975620976919774,0.003664176400969131
LR,0.1658291457286432,0.9710201429499672,0.008743627773426708,0.9622765151765404,0.9797637707233939,30,0.975620976919774,0.003664176400969131
LR,0.1708542713567839,0.971280051981806,0.008472685282804334,0.9628073666990017,0.9797527372646103,30,0.975620976919774,0.003664176400969131
LR,0.17587939698492464,0.9724496426250809,0.0076912420843309,0.96475840054075,0.9801408847094119,30,0.975620976919774,0.003664176400969131
LR,0.18090452261306533,0.9733593242365168,0.007335477046766733,0.9660238471897501,0.9806948012832836,30,0.975620976919774,0.003664176400969131
LR,0.18592964824120603,0.974463937621832,0.007025568071121975,0.96743836955071,0.981489505692954,30,0.975620976919774,0.003664176400969131
LR,0.19095477386934673,0.9753086419753083,0.006759099673533496,0.9685495423017748,0.9820677416488418,30,0.975620976919774,0.003664176400969131
LR,0.19597989949748745,0.9762183235867443,0.006151517026202959,0.9700668065605413,0.9823698406129473,30,0.975620976919774,0.003664176400969131
LR,0.20100502512562815,0.9775828460038982,0.005411559024049591,0.9721712869798487,0.9829944050279478,30,0.975620976919774,0.003664176400969131
LR,0.20603015075376885,0.9779727095516565,0.005372678886746796,0.9726000306649097,0.9833453884384032,30,0.975620976919774,0.003664176400969131
LR,0.21105527638190955,0.9786224821312537,0.005105917555370769,0.9735165645758829,0.9837283996866245,30,0.975620976919774,0.003664176400969131
LR,0.21608040201005024,0.9791423001949314,0.004806288013974617,0.9743360121809568,0.9839485882089061,30,0.975620976919774,0.003664176400969131
LR,0.22110552763819097,0.9795971410006494,0.004794915398505868,0.9748022256021436,0.9843920563991553,30,0.975620976919774,0.003664176400969131
LR,0.22613065326633167,0.9802469135802466,0.004684333682834135,0.9755625798974125,0.9849312472630808,30,0.975620976919774,0.003664176400969131
LR,0.23115577889447236,0.9810266406757632,0.004548087960901944,0.9764785527148613,0.9855747286366651,30,0.975620976919774,0.003664176400969131
LR,0.23618090452261306,0.9815464587394409,0.004712222401246353,0.9768342363381946,0.9862586811406873,30,0.975620976919774,0.003664176400969131
LR,0.24120603015075376,0.9823261858349573,0.004745472520920987,0.9775807133140364,0.9870716583558783,30,0.975620976919774,0.003664176400969131
LR,0.24623115577889448,0.9830409356725143,0.004833473117743559,0.9782074625547708,0.9878744087902578,30,0.975620976919774,0.003664176400969131
LR,0.25125628140703515,0.9834957764782323,0.004794915398505874,0.9787008610797264,0.9882906918767381,30,0.975620976919774,0.003664176400969131
LR,0.2562814070351759,0.9838206627680308,0.004695974110510171,0.9791246886575207,0.988516636878541,30,0.975620976919774,0.003664176400969131
LR,0.2613065326633166,0.984470435347628,0.004592525868783461,0.9798779094788446,0.9890629612164115,30,0.975620976919774,0.003664176400969131
LR,0.2663316582914573,0.984925276153346,0.004689924693795108,0.9802353514595509,0.9896152008471412,30,0.975620976919774,0.003664176400969131
LR,0.271356783919598,0.9855750487329432,0.0048456566570437894,0.9807293920758994,0.990420705389987,30,0.975620976919774,0.003664176400969131
LR,0.2763819095477387,0.986094866796621,0.004571077600023884,0.9815237891965971,0.9906659443966448,30,0.975620976919774,0.003664176400969131
LR,0.2814070351758794,0.9866146848602987,0.004395725535722023,0.9822189593245767,0.9910104103960207,30,0.975620976919774,0.003664176400969131
LR,0.2864321608040201,0.9869395711500972,0.0046115072510580606,0.9823280638990392,0.9915510784011553,30,0.975620976919774,0.003664176400969131
LR,0.2914572864321608,0.9873944119558152,0.0045423223706345045,0.9828520895851808,0.9919367343264497,30,0.975620976919774,0.003664176400969131
LR,0.2964824120603015,0.9878492527615332,0.004569644136046754,0.9832796086254865,0.99241889689758,30,0.975620976919774,0.003664176400969131
LR,0.30150753768844224,0.9880441845354124,0.004684333682834141,0.9833598508525783,0.9927285182182466,30,0.975620976919774,0.003664176400969131
LR,0.3065326633165829,0.9884990253411304,0.004502241561844649,0.9839967837792858,0.9930012669029751,30,0.975620976919774,0.003664176400969131
LR,0.31155778894472363,0.9886289798570498,0.004465225533618822,0.984163754323431,0.9930942053906686,30,0.975620976919774,0.003664176400969131
LR,0.3165829145728643,0.9888888888888887,0.004408128149208679,0.98448076073968,0.9932970170380974,30,0.975620976919774,0.003664176400969131
LR,0.32160804020100503,0.9891487979207275,0.0042115261663705035,0.984937271754357,0.9933603240870981,30,0.975620976919774,0.003664176400969131
LR,0.32663316582914576,0.9896036387264455,0.004262551840861866,0.9853410868855836,0.9938661905673074,30,0.975620976919774,0.003664176400969131
LR,0.3316582914572864,0.989733593242365,0.004250238232542437,0.9854833550098225,0.9939838314749074,30,0.975620976919774,0.003664176400969131
LR,0.33668341708542715,0.9899935022742039,0.004118723324688905,0.985874778949515,0.9941122255988928,30,0.975620976919774,0.003664176400969131
LR,0.3417085427135678,0.9903183885640024,0.004236342641402176,0.9860820459226003,0.9945547312054046,30,0.975620976919774,0.003664176400969131
LR,0.34673366834170855,0.9904483430799219,0.0042630641360191625,0.9861852789439027,0.9947114072159411,30,0.975620976919774,0.003664176400969131
LR,0.35175879396984927,0.990643274853801,0.004325613775696305,0.9863176610781047,0.9949688886294973,30,0.975620976919774,0.003664176400969131
LR,0.35678391959798994,0.9910331384015593,0.004509511454456,0.9865236269471033,0.9955426498560153,30,0.975620976919774,0.003664176400969131
LR,0.36180904522613067,0.9912280701754385,0.004484745738299697,0.9867433244371387,0.9957128159137382,30,0.975620976919774,0.003664176400969131
LR,0.36683417085427134,0.9912930474333982,0.004571077600023884,0.9867219698333743,0.995864125033422,30,0.975620976919774,0.003664176400969131
LR,0.37185929648241206,0.9914230019493177,0.004239949574913313,0.9871830523744043,0.995662951524231,30,0.975620976919774,0.003664176400969131
LR,0.3768844221105528,0.991552956465237,0.004137767099456003,0.987415189365781,0.995690723564693,30,0.975620976919774,0.003664176400969131
LR,0.38190954773869346,0.991552956465237,0.004137767099456003,0.987415189365781,0.995690723564693,30,0.975620976919774,0.003664176400969131
LR,0.3869346733668342,0.9916179337231967,0.004131957480393974,0.9874859762428028,0.9957498912035907,30,0.975620976919774,0.003664176400969131
LR,0.3919597989949749,0.992007797270955,0.004074477682816691,0.9879333195881383,0.9960822749537717,30,0.975620976919774,0.003664176400969131
LR,0.3969849246231156,0.9921377517868745,0.004046511032398261,0.9880912407544762,0.9961842628192727,30,0.975620976919774,0.003664176400969131
LR,0.4020100502512563,0.9923326835607537,0.004156723627250759,0.9881759599335029,0.9964894071880044,30,0.975620976919774,0.003664176400969131
LR,0.40703517587939697,0.9923976608187134,0.004138294842216833,0.9882593659764966,0.9965359556609302,30,0.975620976919774,0.003664176400969131
LR,0.4120603015075377,0.9925925925925925,0.00426460065224711,0.9883279919403454,0.9968571932448396,30,0.975620976919774,0.003664176400969131
LR,0.4170854271356784,0.9927225471085119,0.004219296994369073,0.9885032501141429,0.996941844102881,30,0.975620976919774,0.003664176400969131
LR,0.4221105527638191,0.9931124106562702,0.004086786502701466,0.9890256241535688,0.9971991971589717,30,0.975620976919774,0.003664176400969131
LR,0.4271356783919598,0.9932423651721897,0.004118723324688909,0.9891236418475008,0.9973610884968785,30,0.975620976919774,0.003664176400969131
LR,0.4321608040201005,0.9933723196881091,0.004082509383264137,0.989289810304845,0.9974548290713733,30,0.975620976919774,0.003664176400969131
LR,0.4371859296482412,0.9933723196881091,0.004082509383264137,0.989289810304845,0.9974548290713733,30,0.975620976919774,0.003664176400969131
LR,0.44221105527638194,0.9933723196881091,0.004082509383264137,0.989289810304845,0.9974548290713733,30,0.975620976919774,0.003664176400969131
LR,0.4472361809045226,0.9935022742040285,0.004009100265975684,0.9894931739380528,0.9975113744700042,30,0.975620976919774,0.003664176400969131
LR,0.45226130653266333,0.9935672514619882,0.004035703024228005,0.9895315484377603,0.9976029544862162,30,0.975620976919774,0.003664176400969131
LR,0.457286432160804,0.9937621832358674,0.004108105304124832,0.9896540779317425,0.9978702885399923,30,0.975620976919774,0.003664176400969131
LR,0.4623115577889447,0.9938921377517869,0.0039894423418119634,0.9899026954099749,0.9978815800935988,30,0.975620976919774,0.003664176400969131
LR,0.46733668341708545,0.9939571150097465,0.0040421912969449796,0.9899149237128015,0.9979993063066914,30,0.975620976919774,0.003664176400969131
LR,0.4723618090452261,0.9942820012995451,0.003963080099279246,0.9903189212002659,0.9982450813988244,30,0.975620976919774,0.003664176400969131
LR,0.47738693467336685,0.9942820012995451,0.003963080099279246,0.9903189212002659,0.9982450813988244,30,0.975620976919774,0.003664176400969131
LR,0.4824120603015075,0.9942820012995451,0.003963080099279246,0.9903189212002659,0.9982450813988244,30,0.975620976919774,0.003664176400969131
LR,0.48743718592964824,0.9943469785575049,0.0040096449436856745,0.9903373336138191,0.9983566235011906,30,0.975620976919774,0.003664176400969131
LR,0.49246231155778897,0.9944119558154646,0.004022152173316623,0.990389803642148,0.9984341079887812,30,0.975620976919774,0.003664176400969131
LR,0.49748743718592964,0.9944769330734242,0.003934876701070907,0.9905420563723533,0.9984118097744952,30,0.975620976919774,0.003664176400969131
LR,0.5025125628140703,0.9946068875893437,0.003954805860802122,0.9906520817285416,0.9985616934501458,30,0.975620976919774,0.003664176400969131
LR,0.507537688442211,0.9946718648473034,0.003963080099279246,0.9907087847480242,0.9986349449465827,30,0.975620976919774,0.003664176400969131
LR,0.5125628140703518,0.9948018193632229,0.0035955792388102435,0.9912062401244126,0.9983973986020331,30,0.975620976919774,0.003664176400969131
LR,0.5175879396984925,0.9949317738791422,0.0035318488582698994,0.9913999250208724,0.9984636227374121,30,0.975620976919774,0.003664176400969131
LR,0.5226130653266332,0.9949317738791422,0.0035318488582698994,0.9913999250208724,0.9984636227374121,30,0.975620976919774,0.003664176400969131
LR,0.5276381909547738,0.9950617283950617,0.0034619043312226817,0.991599824063839,0.9985236327262844,30,0.975620976919774,0.003664176400969131
LR,0.5326633165829145,0.9951267056530214,0.0035001724438932756,0.9916265332091282,0.9986268780969146,30,0.975620976919774,0.003664176400969131
LR,0.5376884422110553,0.9951916829109811,0.0034619043312226817,0.9917297785797584,0.9986535872422039,30,0.975620976919774,0.003664176400969131
LR,0.542713567839196,0.9951916829109811,0.0034619043312226817,0.9917297785797584,0.9986535872422039,30,0.975620976919774,0.003664176400969131
LR,0.5477386934673367,0.9953216374269006,0.003261832462121155,0.9920598049647794,0.9985834698890218,30,0.975620976919774,0.003664176400969131
LR,0.5527638190954774,0.9953866146848603,0.0032971253381052523,0.9920894893467551,0.9986837400229656,30,0.975620976919774,0.003664176400969131
LR,0.5577889447236181,0.99545159194282,0.0033307333600647495,0.9921208585827552,0.9987823253028847,30,0.975620976919774,0.003664176400969131
LR,0.5628140703517588,0.9955165692007797,0.0032030558918430805,0.9923135133089366,0.9987196250926228,30,0.975620976919774,0.003664176400969131
LR,0.5678391959798995,0.9955815464587394,0.0031941803069266556,0.9923873661518128,0.9987757267656661,30,0.975620976919774,0.003664176400969131
LR,0.5728643216080402,0.9956465237166991,0.0031005092393254522,0.9925460144773737,0.9987470329560246,30,0.975620976919774,0.003664176400969131
LR,0.577889447236181,0.9957115009746588,0.0031306494070067773,0.992580851567652,0.9988421503816656,30,0.975620976919774,0.003664176400969131
LR,0.5829145728643216,0.9957115009746588,0.0031306494070067773,0.992580851567652,0.9988421503816656,30,0.975620976919774,0.003664176400969131
LR,0.5879396984924623,0.9957115009746588,0.0031306494070067773,0.992580851567652,0.9988421503816656,30,0.975620976919774,0.003664176400969131
LR,0.592964824120603,0.9958414554905782,0.0031859655132821726,0.992655489977296,0.9990274210038604,30,0.975620976919774,0.003664176400969131
LR,0.5979899497487438,0.9959714100064976,0.0031110564154015114,0.992860353591096,0.9990824664218991,30,0.975620976919774,0.003664176400969131
LR,0.6030150753768845,0.996101364522417,0.00302853541065237,0.9930728291117646,0.9991298999330694,30,0.975620976919774,0.003664176400969131
LR,0.6080402010050251,0.996101364522417,0.00302853541065237,0.9930728291117646,0.9991298999330694,30,0.975620976919774,0.003664176400969131
LR,0.6130653266331658,0.9961663417803768,0.003049375026974251,0.9931169667534026,0.999215716807351,30,0.975620976919774,0.003664176400969131
LR,0.6180904522613065,0.9962962962962962,0.0030002815024989735,0.9932960147937973,0.9992965777987952,30,0.975620976919774,0.003664176400969131
LR,0.6231155778894473,0.9963612735542559,0.0030169760730123524,0.9933442974812435,0.9993782496272682,30,0.975620976919774,0.003664176400969131
LR,0.628140703517588,0.9963612735542559,0.0030169760730123524,0.9933442974812435,0.9993782496272682,30,0.975620976919774,0.003664176400969131
LR,0.6331658291457286,0.9963612735542559,0.0030169760730123524,0.9933442974812435,0.9993782496272682,30,0.975620976919774,0.003664176400969131
LR,0.6381909547738693,0.9963612735542559,0.0030169760730123524,0.9933442974812435,0.9993782496272682,30,0.975620976919774,0.003664176400969131
LR,0.6432160804020101,0.9964262508122156,0.0028077705317737156,0.9936184802804419,0.9992340213439893,30,0.975620976919774,0.003664176400969131
LR,0.6482412060301508,0.9966211825860948,0.0025561645369044494,0.9940650180491903,0.9991773471229992,30,0.975620976919774,0.003664176400969131
LR,0.6532663316582915,0.9966861598440545,0.002463055123113042,0.9942231047209414,0.9991492149671676,30,0.975620976919774,0.003664176400969131
LR,0.6582914572864321,0.9967511371020142,0.00252522125678599,0.9942259158452282,0.9992763583588002,30,0.975620976919774,0.003664176400969131
LR,0.6633165829145728,0.9967511371020142,0.00252522125678599,0.9942259158452282,0.9992763583588002,30,0.975620976919774,0.003664176400969131
LR,0.6683417085427136,0.9967511371020142,0.00252522125678599,0.9942259158452282,0.9992763583588002,30,0.975620976919774,0.003664176400969131
LR,0.6733668341708543,0.996816114359974,0.0024807243246784323,0.9943353900352956,0.9992968386846524,30,0.975620976919774,0.003664176400969131
LR,0.678391959798995,0.996816114359974,0.0024807243246784323,0.9943353900352956,0.9992968386846524,30,0.975620976919774,0.003664176400969131
LR,0.6834170854271356,0.9968810916179336,0.00232344418428241,0.9945576474336512,0.999204535802216,30,0.975620976919774,0.003664176400969131
LR,0.6884422110552764,0.9968810916179336,0.00232344418428241,0.9945576474336512,0.999204535802216,30,0.975620976919774,0.003664176400969131
LR,0.6934673366834171,0.9968810916179336,0.00232344418428241,0.9945576474336512,0.999204535802216,30,0.975620976919774,0.003664176400969131
LR,0.6984924623115578,0.9968810916179336,0.00232344418428241,0.9945576474336512,0.999204535802216,30,0.975620976919774,0.003664176400969131
LR,0.7035175879396985,0.9969460688758933,0.002271161185317245,0.9946749076905761,0.9992172300612105,30,0.975620976919774,0.003664176400969131
LR,0.7085427135678392,0.9969460688758933,0.002271161185317245,0.9946749076905761,0.9992172300612105,30,0.975620976919774,0.003664176400969131
LR,0.7135678391959799,0.997011046133853,0.0023309512932918395,0.9946800948405612,0.9993419974271449,30,0.975620976919774,0.003664176400969131
LR,0.7185929648241206,0.997011046133853,0.0023309512932918395,0.9946800948405612,0.9993419974271449,30,0.975620976919774,0.003664176400969131
LR,0.7236180904522613,0.9970760233918128,0.0023318879826176877,0.994744135409195,0.9994079113744305,30,0.975620976919774,0.003664176400969131
LR,0.7286432160804021,0.9970760233918128,0.0023318879826176877,0.994744135409195,0.9994079113744305,30,0.975620976919774,0.003664176400969131
LR,0.7336683417085427,0.9972059779077322,0.002212716706453421,0.9949932612012788,0.9994186946141856,30,0.975620976919774,0.003664176400969131
LR,0.7386934673366834,0.9972059779077322,0.002212716706453421,0.9949932612012788,0.9994186946141856,30,0.975620976919774,0.003664176400969131
LR,0.7437185929648241,0.9972059779077322,0.002212716706453421,0.9949932612012788,0.9994186946141856,30,0.975620976919774,0.003664176400969131
LR,0.7487437185929648,0.9972059779077322,0.002212716706453421,0.9949932612012788,0.9994186946141856,30,0.975620976919774,0.003664176400969131
LR,0.7537688442211056,0.9972059779077322,0.002212716706453421,0.9949932612012788,0.9994186946141856,30,0.975620976919774,0.003664176400969131
LR,0.7587939698492463,0.997270955165692,0.0021476077755155903,0.9951233473901764,0.9994185629412076,30,0.975620976919774,0.003664176400969131
LR,0.7638190954773869,0.997270955165692,0.0021476077755155903,0.9951233473901764,0.9994185629412076,30,0.975620976919774,0.003664176400969131
LR,0.7688442211055276,0.9974009096816113,0.0020045501329878372,0.9953963595486235,0.9994054598145992,30,0.975620976919774,0.003664176400969131
LR,0.7738693467336684,0.9975308641975308,0.0019108480228208983,0.9956200161747099,0.9994417122203517,30,0.975620976919774,0.003664176400969131
LR,0.7788944723618091,0.9976608187134502,0.0018026419618860535,0.9958581767515642,0.9994634606753363,30,0.975620976919774,0.003664176400969131
LR,0.7839195979899498,0.9976608187134502,0.0018026419618860535,0.9958581767515642,0.9994634606753363,30,0.975620976919774,0.003664176400969131
LR,0.7889447236180904,0.99772579597141,0.0017794754954683798,0.9959463204759416,0.9995052714668784,30,0.975620976919774,0.003664176400969131
LR,0.7939698492462312,0.9978557504873293,0.0018704205554078764,0.9959853299319215,0.9997261710427372,30,0.975620976919774,0.003664176400969131
LR,0.7989949748743719,0.9978557504873293,0.0018704205554078764,0.9959853299319215,0.9997261710427372,30,0.975620976919774,0.003664176400969131
LR,0.8040201005025126,0.9978557504873293,0.0018704205554078764,0.9959853299319215,0.9997261710427372,30,0.975620976919774,0.003664176400969131
LR,0.8090452261306533,0.9979207277452891,0.001841000342108873,0.9960797274031802,0.9997617280873979,30,0.975620976919774,0.003664176400969131
LR,0.8140703517587939,0.9979857050032488,0.0018086890837404534,0.9961770159195084,0.9997943940869892,30,0.975620976919774,0.003664176400969131
LR,0.8190954773869347,0.9980506822612085,0.0017733287569097237,0.9962773535042988,0.9998240110181182,30,0.975620976919774,0.003664176400969131
LR,0.8241206030150754,0.9980506822612085,0.0017733287569097237,0.9962773535042988,0.9998240110181182,30,0.975620976919774,0.003664176400969131
LR,0.8291457286432161,0.9981156595191683,0.0018086890837404547,0.9963069704354278,0.9999243486029087,30,0.975620976919774,0.003664176400969131
LR,0.8341708542713568,0.9981156595191683,0.0018086890837404547,0.9963069704354278,0.9999243486029087,30,0.975620976919774,0.003664176400969131
LR,0.8391959798994975,0.9982456140350877,0.0017990039320187013,0.996446610103069,1.0,30,0.975620976919774,0.003664176400969131
LR,0.8442211055276382,0.9982456140350877,0.0017990039320187013,0.996446610103069,1.0,30,0.975620976919774,0.003664176400969131
LR,0.8492462311557789,0.9982456140350877,0.0017990039320187013,0.996446610103069,1.0,30,0.975620976919774,0.003664176400969131
LR,0.8542713567839196,0.9982456140350877,0.0017990039320187013,0.996446610103069,1.0,30,0.975620976919774,0.003664176400969131
LR,0.8592964824120604,0.9983105912930473,0.0016771269674544966,0.9966334643255929,0.9999877182605018,30,0.975620976919774,0.003664176400969131
LR,0.864321608040201,0.9983755685510071,0.001625551360500582,0.9967500171905065,1.0,30,0.975620976919774,0.003664176400969131
LR,0.8693467336683417,0.9983755685510071,0.001625551360500582,0.9967500171905065,1.0,30,0.975620976919774,0.003664176400969131
LR,0.8743718592964824,0.9984405458089668,0.0016508792292003864,0.9967896665797664,1.0,30,0.975620976919774,0.003664176400969131
LR,0.8793969849246231,0.9985055230669265,0.0016732160558724759,0.9968323070110541,1.0,30,0.975620976919774,0.003664176400969131
LR,0.8844221105527639,0.998635477582846,0.0014614280479687321,0.9971740495348772,1.0,30,0.975620976919774,0.003664176400969131
LR,0.8894472361809045,0.9987654320987654,0.0014003809011386818,0.9973650511976268,1.0,30,0.975620976919774,0.003664176400969131
LR,0.8944723618090452,0.9989603638726445,0.0014235803963747106,0.9975367834762698,1.0,30,0.975620976919774,0.003664176400969131
LR,0.8994974874371859,0.9989603638726445,0.0014235803963747106,0.9975367834762698,1.0,30,0.975620976919774,0.003664176400969131
LR,0.9045226130653267,0.9990253411306043,0.001425113601338598,0.9976002275292657,1.0,30,0.975620976919774,0.003664176400969131
LR,0.9095477386934674,0.999090318388564,0.0013283535817954506,0.9977619648067685,1.0,30,0.975620976919774,0.003664176400969131
LR,0.914572864321608,0.999090318388564,0.0013283535817954506,0.9977619648067685,1.0,30,0.975620976919774,0.003664176400969131
LR,0.9195979899497487,0.999090318388564,0.0013283535817954506,0.9977619648067685,1.0,30,0.975620976919774,0.003664176400969131
LR,0.9246231155778895,0.9991552956465237,0.0013234123858174827,0.9978318832607063,1.0,30,0.975620976919774,0.003664176400969131
LR,0.9296482412060302,0.9992202729044835,0.0012114141642609608,0.9980088587402225,1.0,30,0.975620976919774,0.003664176400969131
LR,0.9346733668341709,0.9992202729044835,0.0012114141642609608,0.9980088587402225,1.0,30,0.975620976919774,0.003664176400969131
LR,0.9396984924623115,0.9992852501624431,0.0011987288496264823,0.9980865213128166,1.0,30,0.975620976919774,0.003664176400969131
LR,0.9447236180904522,0.9992852501624431,0.0011987288496264823,0.9980865213128166,1.0,30,0.975620976919774,0.003664176400969131
LR,0.949748743718593,0.9992852501624431,0.0011987288496264823,0.9980865213128166,1.0,30,0.975620976919774,0.003664176400969131
LR,0.9547738693467337,0.9993502274204028,0.001182219171273156,0.9981680082491297,1.0,30,0.975620976919774,0.003664176400969131
LR,0.9597989949748744,0.9994152046783625,0.0011617220921412146,0.9982534825862214,1.0,30,0.975620976919774,0.003664176400969131
LR,0.964824120603015,0.9994152046783625,0.0011617220921412146,0.9982534825862214,1.0,30,0.975620976919774,0.003664176400969131
LR,0.9698492462311558,0.9994152046783625,0.0011617220921412146,0.9982534825862214,1.0,30,0.975620976919774,0.003664176400969131
LR,0.9748743718592965,0.9994152046783625,0.0011617220921412146,0.9982534825862214,1.0,30,0.975620976919774,0.003664176400969131
LR,0.9798994974874372,0.9994152046783625,0.0011617220921412146,0.9982534825862214,1.0,30,0.975620976919774,0.003664176400969131
LR,0.9849246231155779,0.9994152046783625,0.0011617220921412146,0.9982534825862214,1.0,30,0.975620976919774,0.003664176400969131
LR,0.9899497487437187,0.9994152046783625,0.0011617220921412146,0.9982534825862214,1.0,30,0.975620976919774,0.003664176400969131
LR,0.9949748743718593,0.999545159194282,0.0008385634837272683,0.9987065957105548,1.0,30,0.975620976919774,0.003664176400969131
LR,1.0,1.0,0.0,1.0,1.0,30,0.975620976919774,0.003664176400969131
LR_deploy,0.0,0.0,0.0,0.0,0.0,30,0.97544792341534,0.0035392603064672633
LR_deploy,0.005025125628140704,0.5597141000649771,0.10117527399703412,0.458538826067943,0.6608893740620112,30,0.97544792341534,0.0035392603064672633
LR_deploy,0.010050251256281407,0.6827810266406757,0.0718069209838595,0.6109741056568162,0.7545879476245353,30,0.97544792341534,0.0035392603064672633
LR_deploy,0.01507537688442211,0.7280701754385964,0.05676672056661669,0.6713034548719797,0.7848368960052131,30,0.97544792341534,0.0035392603064672633
LR_deploy,0.020100502512562814,0.773164392462638,0.04423404788787145,0.7289303445747666,0.8173984403505095,30,0.97544792341534,0.0035392603064672633
LR_deploy,0.02512562814070352,0.7988304093567251,0.040429691899466484,0.7584007174572587,0.8392601012561915,30,0.97544792341534,0.0035392603064672633
LR_deploy,0.03015075376884422,0.8269655620532813,0.03359854873273549,0.7933670133205458,0.8605641107860168,30,0.97544792341534,0.0035392603064672633
LR_deploy,0.035175879396984924,0.8466536712150746,0.028522186012827792,0.8181314852022469,0.8751758572279024,30,0.97544792341534,0.0035392603064672633
LR_deploy,0.04020100502512563,0.8593242365172189,0.027180196413413033,0.8321440401038058,0.886504432930632,30,0.97544792341534,0.0035392603064672633
LR_deploy,0.04522613065326633,0.8730994152046783,0.02366109483777329,0.8494383203669049,0.8967605100424516,30,0.97544792341534,0.0035392603064672633
LR_deploy,0.05025125628140704,0.8841455490578299,0.01924751659390535,0.8648980324639246,0.9033930656517353,30,0.97544792341534,0.0035392603064672633
LR_deploy,0.05527638190954774,0.8978557504873296,0.017082964756496413,0.8807727857308332,0.914938715243826,30,0.97544792341534,0.0035392603064672633
LR_deploy,0.06030150753768844,0.9043534762833012,0.015467430241183135,0.8888860460421181,0.9198209065244843,30,0.97544792341534,0.0035392603064672633
LR_deploy,0.06532663316582915,0.9111760883690712,0.015767370371417264,0.8954087179976539,0.9269434587404884,30,0.97544792341534,0.0035392603064672633
LR_deploy,0.07035175879396985,0.9192982456140353,0.01488610647157876,0.9044121391424566,0.934184352085614,30,0.97544792341534,0.0035392603064672633
LR_deploy,0.07537688442211056,0.9241065627030541,0.014783058669932073,0.909323504033122,0.9388896213729863,30,0.97544792341534,0.0035392603064672633
LR_deploy,0.08040201005025126,0.9316439246263808,0.012756194162726643,0.9188877304636541,0.9444001187891075,30,0.97544792341534,0.0035392603064672633
LR_deploy,0.08542713567839195,0.9354775828460038,0.013508664749417214,0.9219689180965865,0.948986247595421,30,0.97544792341534,0.0035392603064672633
LR_deploy,0.09045226130653267,0.9404158544509421,0.012825341336090354,0.9275905131148517,0.9532411957870325,30,0.97544792341534,0.0035392603064672633
LR_deploy,0.09547738693467336,0.9428200129954514,0.012831980284685827,0.9299880327107656,0.9556519932801372,30,0.97544792341534,0.0035392603064672633
LR_deploy,0.10050251256281408,0.9467186484730339,0.012657200860107864,0.934061447612926,0.9593758493331418,30,0.97544792341534,0.0035392603064672633
LR_deploy,0.10552763819095477,0.9499675113710196,0.01303460303039712,0.9369329083406225,0.9630021144014168,30,0.97544792341534,0.0035392603064672633
LR_deploy,0.11055276381909548,0.9524366471734889,0.012345561085724453,0.9400910860877644,0.9647822082592133,30,0.97544792341534,0.0035392603064672633
LR_deploy,0.11557788944723618,0.9551007147498373,0.011812767147112633,0.9432879476027246,0.9669134818969499,30,0.97544792341534,0.0035392603064672633
LR_deploy,0.12060301507537688,0.9567901234567898,0.011874720710369373,0.9449154027464205,0.9686648441671591,30,0.97544792341534,0.0035392603064672633
LR_deploy,0.12562814070351758,0.959649122807017,0.00996791128147155,0.9496812115255454,0.9696170340884885,30,0.97544792341534,0.0035392603064672633
LR_deploy,0.1306532663316583,0.9619233268356069,0.009763155018780386,0.9521601718168266,0.9716864818543872,30,0.97544792341534,0.0035392603064672633
LR_deploy,0.135678391959799,0.963287849252761,0.009468138266906212,0.9538197109858548,0.9727559875196672,30,0.97544792341534,0.0035392603064672633
LR_deploy,0.1407035175879397,0.9649772579597136,0.009150034620176635,0.955827223339537,0.9741272925798902,30,0.97544792341534,0.0035392603064672633
LR_deploy,0.1457286432160804,0.9666016894087065,0.008546594283893585,0.9580550951248129,0.9751482836926001,30,0.97544792341534,0.0035392603064672633
LR_deploy,0.15075376884422112,0.9684210526315785,0.008402285406832032,0.9600187672247464,0.9768233380384106,30,0.97544792341534,0.0035392603064672633
LR_deploy,0.15577889447236182,0.9696556205328132,0.008249367898896907,0.9614062526339163,0.97790498843171,30,0.97544792341534,0.0035392603064672633
LR_deploy,0.16080402010050251,0.9707602339181282,0.008094101350267049,0.9626661325678612,0.9788543352683952,30,0.97544792341534,0.0035392603064672633
LR_deploy,0.1658291457286432,0.9718648473034434,0.0073950738665004645,0.9644697734369428,0.9792599211699439,30,0.97544792341534,0.0035392603064672633
LR_deploy,0.1708542713567839,0.9723846653671211,0.007577104969604375,0.9648075603975167,0.9799617703367255,30,0.97544792341534,0.0035392603064672633
LR_deploy,0.17587939698492464,0.9732943469785571,0.007664220754968045,0.965630126223589,0.9809585677335252,30,0.97544792341534,0.0035392603064672633
LR_deploy,0.18090452261306533,0.9734892787524363,0.007428956531401692,0.9660603222210346,0.980918235283838,30,0.97544792341534,0.0035392603064672633
LR_deploy,0.18592964824120603,0.9747888239116306,0.006412926073224332,0.9683758978384063,0.9812017499848549,30,0.97544792341534,0.0035392603064672633
LR_deploy,0.19095477386934673,0.9754385964912278,0.006091584324703952,0.9693470121665239,0.9815301808159317,30,0.97544792341534,0.0035392603064672633
LR_deploy,0.19597989949748745,0.9764132553606234,0.005731401102831073,0.9706818542577923,0.9821446564634545,30,0.97544792341534,0.0035392603064672633
LR_deploy,0.20100502512562815,0.97719298245614,0.005540765630019908,0.97165221682612,0.9827337480861599,30,0.97544792341534,0.0035392603064672633
LR_deploy,0.20603015075376885,0.9779727095516565,0.005148510198109026,0.9728241993535475,0.9831212197497655,30,0.97544792341534,0.0035392603064672633
LR_deploy,0.21105527638190955,0.9786224821312537,0.004815366767841666,0.973807115363412,0.9834378488990954,30,0.97544792341534,0.0035392603064672633
LR_deploy,0.21608040201005024,0.9792722547108509,0.004649237536284041,0.9746230171745669,0.9839214922471349,30,0.97544792341534,0.0035392603064672633
LR_deploy,0.22110552763819097,0.9802469135802466,0.004822164616176247,0.9754247489640704,0.9850690781964229,30,0.97544792341534,0.0035392603064672633
LR_deploy,0.22613065326633167,0.980831708901884,0.004804470204524572,0.9760272386973594,0.9856361791064085,30,0.97544792341534,0.0035392603064672633
LR_deploy,0.23115577889447236,0.9810266406757632,0.004854661787757259,0.9761719788880059,0.9858813024635205,30,0.97544792341534,0.0035392603064672633
LR_deploy,0.23618090452261306,0.9817413905133201,0.004535105075089009,0.9772062854382311,0.9862764955884091,30,0.97544792341534,0.0035392603064672633
LR_deploy,0.24120603015075376,0.9824561403508768,0.0044036672324149154,0.9780524731184619,0.9868598075832917,30,0.97544792341534,0.0035392603064672633
LR_deploy,0.24623115577889448,0.9829759584145545,0.004250238232542435,0.9787257201820121,0.987226196647097,30,0.97544792341534,0.0035392603064672633
LR_deploy,0.25125628140703515,0.9832358674463934,0.004301312382419432,0.9789345550639739,0.9875371798288128,30,0.97544792341534,0.0035392603064672633
LR_deploy,0.2562814070351759,0.9836257309941517,0.004331667821731979,0.9792940631724197,0.9879573988158837,30,0.97544792341534,0.0035392603064672633
LR_deploy,0.2613065326633166,0.9842105263157891,0.004443654269613495,0.9797668720461756,0.9886541805854026,30,0.97544792341534,0.0035392603064672633
LR_deploy,0.2663316582914573,0.9847303443794668,0.004346263618257319,0.9803840807612095,0.9890766079977241,30,0.97544792341534,0.0035392603064672633
LR_deploy,0.271356783919598,0.9853151397011043,0.004656277928287881,0.9806588617728164,0.9899714176293922,30,0.97544792341534,0.0035392603064672633
LR_deploy,0.2763819095477387,0.9855100714749835,0.004766136053116979,0.9807439354218666,0.9902762075281004,30,0.97544792341534,0.0035392603064672633
LR_deploy,0.2814070351758794,0.986094866796621,0.004656277928287877,0.9814385888683331,0.9907511447249088,30,0.97544792341534,0.0035392603064672633
LR_deploy,0.2864321608040201,0.986549707602339,0.004673598883220814,0.9818761087191181,0.9912233064855598,30,0.97544792341534,0.0035392603064672633
LR_deploy,0.2914572864321608,0.9875243664717347,0.004301312382419425,0.9832230540893153,0.9918256788541541,30,0.97544792341534,0.0035392603064672633
LR_deploy,0.2964824120603015,0.9879792072774527,0.004129842865372986,0.9838493644120797,0.9921090501428257,30,0.97544792341534,0.0035392603064672633
LR_deploy,0.30150753768844224,0.988369070825211,0.0042671602831433385,0.9841019105420676,0.9926362311083543,30,0.97544792341534,0.0035392603064672633
LR_deploy,0.3065326633165829,0.9885640025990902,0.00433569915608215,0.984228303443008,0.9928997017551723,30,0.97544792341534,0.0035392603064672633
LR_deploy,0.31155778894472363,0.9889538661468484,0.004353793968030141,0.9846000721788183,0.9933076601148786,30,0.97544792341534,0.0035392603064672633
LR_deploy,0.3165829145728643,0.9892137751786872,0.0044842587687843535,0.9847295164099029,0.9936980339474716,30,0.97544792341534,0.0035392603064672633
LR_deploy,0.32160804020100503,0.9893437296946067,0.004274829980093277,0.9850688997145134,0.9936185596747,30,0.97544792341534,0.0035392603064672633
LR_deploy,0.32663316582914576,0.9894087069525664,0.004364314629285035,0.9850443923232814,0.9937730215818514,30,0.97544792341534,0.0035392603064672633
LR_deploy,0.3316582914572864,0.989733593242365,0.004548087960901951,0.985185505281463,0.994281681203267,30,0.97544792341534,0.0035392603064672633
LR_deploy,0.33668341708542715,0.9898635477582844,0.004474508248943286,0.9853890395093412,0.9943380560072277,30,0.97544792341534,0.0035392603064672633
LR_deploy,0.3417085427135678,0.9901234567901233,0.004341739139260462,0.9857817176508628,0.9944651959293838,30,0.97544792341534,0.0035392603064672633
LR_deploy,0.34673366834170855,0.9903183885640024,0.004388267141905816,0.9859301214220967,0.9947066557059082,30,0.97544792341534,0.0035392603064672633
LR_deploy,0.35175879396984927,0.9904483430799219,0.004201142703416016,0.9862472003765059,0.9946494857833379,30,0.97544792341534,0.0035392603064672633
LR_deploy,0.35678391959798994,0.9904483430799219,0.004201142703416016,0.9862472003765059,0.9946494857833379,30,0.97544792341534,0.0035392603064672633
LR_deploy,0.36180904522613067,0.9905133203378816,0.004244068031032343,0.9862692523068493,0.994757388368914,30,0.97544792341534,0.0035392603064672633
LR_deploy,0.36683417085427134,0.9907732293697205,0.0043718138867133655,0.9864014154830071,0.9951450432564338,30,0.97544792341534,0.0035392603064672633
LR_deploy,0.37185929648241206,0.9909681611435996,0.004358305932590864,0.9866098552110087,0.9953264670761905,30,0.97544792341534,0.0035392603064672633
LR_deploy,0.3768844221105528,0.9910331384015593,0.004391749301949684,0.9866413890996096,0.9954248877035089,30,0.97544792341534,0.0035392603064672633
LR_deploy,0.38190954773869346,0.9912930474333982,0.0044254334129068375,0.9868676140204914,0.995718480846305,30,0.97544792341534,0.0035392603064672633
LR_deploy,0.3869346733668342,0.9912930474333982,0.0044254334129068375,0.9868676140204914,0.995718480846305,30,0.97544792341534,0.0035392603064672633
LR_deploy,0.3919597989949749,0.9912930474333982,0.0044254334129068375,0.9868676140204914,0.995718480846305,30,0.97544792341534,0.0035392603064672633
LR_deploy,0.3969849246231156,0.9913580246913579,0.004453472342275423,0.9869045523490825,0.9958114970336334,30,0.97544792341534,0.0035392603064672633
LR_deploy,0.4020100502512563,0.9916179337231967,0.004131957480393978,0.9874859762428028,0.9957498912035907,30,0.97544792341534,0.0035392603064672633
LR_deploy,0.40703517587939697,0.9916179337231967,0.004131957480393978,0.9874859762428028,0.9957498912035907,30,0.97544792341534,0.0035392603064672633
LR_deploy,0.4120603015075377,0.9916179337231967,0.004131957480393978,0.9874859762428028,0.9957498912035907,30,0.97544792341534,0.0035392603064672633
LR_deploy,0.4170854271356784,0.9916179337231967,0.004131957480393978,0.9874859762428028,0.9957498912035907,30,0.97544792341534,0.0035392603064672633
LR_deploy,0.4221105527638191,0.9916829109811565,0.004188127173333962,0.9874947838078225,0.9958710381544904,30,0.97544792341534,0.0035392603064672633
LR_deploy,0.4271356783919598,0.9918128654970759,0.0041714080360384,0.9876414574610375,0.9959842735331144,30,0.97544792341534,0.0035392603064672633
LR_deploy,0.4321608040201005,0.992007797270955,0.004201142703416019,0.987806654567539,0.996208939974371,30,0.97544792341534,0.0035392603064672633
LR_deploy,0.4371859296482412,0.9920727745289147,0.004125081018194813,0.9879476935107199,0.9961978555471096,30,0.97544792341534,0.0035392603064672633
LR_deploy,0.44221105527638194,0.9923326835607537,0.004219296994369072,0.9881133865663846,0.9965519805551227,30,0.97544792341534,0.0035392603064672633
LR_deploy,0.4472361809045226,0.9927225471085119,0.004188127173333957,0.988534419935178,0.9969106742818459,30,0.97544792341534,0.0035392603064672633
LR_deploy,0.45226130653266333,0.9928525016244314,0.004200622856516365,0.988651878767915,0.9970531244809477,30,0.97544792341534,0.0035392603064672633
LR_deploy,0.457286432160804,0.9928525016244314,0.004200622856516365,0.988651878767915,0.9970531244809477,30,0.97544792341534,0.0035392603064672633
LR_deploy,0.4623115577889447,0.9929174788823911,0.004142514363927009,0.9887749645184641,0.9970599932463181,30,0.97544792341534,0.0035392603064672633
LR_deploy,0.46733668341708545,0.9929824561403507,0.004082509383264134,0.9888999467570866,0.9970649655236149,30,0.97544792341534,0.0035392603064672633
LR_deploy,0.4723618090452261,0.9930474333983105,0.0039877998073258895,0.9890596335909846,0.9970352332056364,30,0.97544792341534,0.0035392603064672633
LR_deploy,0.47738693467336685,0.9931124106562702,0.003989442341811958,0.9891229683144582,0.9971018529980822,30,0.97544792341534,0.0035392603064672633
LR_deploy,0.4824120603015075,0.9932423651721897,0.003956462092825929,0.9892859030793637,0.9971988272650156,30,0.97544792341534,0.0035392603064672633
LR_deploy,0.48743718592964824,0.9934372969460689,0.003778596072873124,0.9896587008731957,0.997215893018942,30,0.97544792341534,0.0035392603064672633
LR_deploy,0.49246231155778897,0.9934372969460689,0.003778596072873124,0.9896587008731957,0.997215893018942,30,0.97544792341534,0.0035392603064672633
LR_deploy,0.49748743718592964,0.9934372969460689,0.003778596072873124,0.9896587008731957,0.997215893018942,30,0.97544792341534,0.0035392603064672633
LR_deploy,0.5025125628140703,0.9935022742040285,0.003773390994308854,0.9897288832097196,0.9972756651983373,30,0.97544792341534,0.0035392603064672633
LR_deploy,0.507537688442211,0.9935672514619882,0.00380164353313773,0.9897656079288505,0.9973688949951259,30,0.97544792341534,0.0035392603064672633
LR_deploy,0.5125628140703518,0.9939571150097465,0.0035225618349425778,0.9904345531748039,0.9974796768446891,30,0.97544792341534,0.0035392603064672633
LR_deploy,0.5175879396984925,0.9940220922677062,0.0035070288117645533,0.9905150634559416,0.9975291210794708,30,0.97544792341534,0.0035392603064672633
LR_deploy,0.5226130653266332,0.994087069525666,0.0035275179567533276,0.9905595515689126,0.9976145874824193,30,0.97544792341534,0.0035392603064672633
LR_deploy,0.5276381909547738,0.994087069525666,0.0035275179567533276,0.9905595515689126,0.9976145874824193,30,0.97544792341534,0.0035392603064672633
LR_deploy,0.5326633165829145,0.994087069525666,0.0035275179567533276,0.9905595515689126,0.9976145874824193,30,0.97544792341534,0.0035392603064672633
LR_deploy,0.5376884422110553,0.994087069525666,0.0035275179567533276,0.9905595515689126,0.9976145874824193,30,0.97544792341534,0.0035392603064672633
LR_deploy,0.542713567839196,0.9942170240415854,0.003637245751284602,0.9905797782903007,0.9978542697928701,30,0.97544792341534,0.0035392603064672633
LR_deploy,0.5477386934673367,0.9942170240415854,0.003637245751284602,0.9905797782903007,0.9978542697928701,30,0.97544792341534,0.0035392603064672633
LR_deploy,0.5527638190954774,0.9942170240415854,0.003637245751284602,0.9905797782903007,0.9978542697928701,30,0.97544792341534,0.0035392603064672633
LR_deploy,0.5577889447236181,0.9943469785575049,0.003485166276423613,0.9908618122810813,0.9978321448339285,30,0.97544792341534,0.0035392603064672633
LR_deploy,0.5628140703517588,0.994541910331384,0.0035614045941175045,0.9909805057372665,0.9981033149255014,30,0.97544792341534,0.0035392603064672633
LR_deploy,0.5678391959798995,0.9946068875893437,0.003608311285061063,0.9909985763042826,0.9982151988744048,30,0.97544792341534,0.0035392603064672633
LR_deploy,0.5728643216080402,0.9946068875893437,0.003608311285061063,0.9909985763042826,0.9982151988744048,30,0.97544792341534,0.0035392603064672633
LR_deploy,0.577889447236181,0.9947368421052631,0.0035888920453263076,0.9911479500599368,0.9983257341505894,30,0.97544792341534,0.0035392603064672633
LR_deploy,0.5829145728643216,0.9948018193632229,0.0035219418293345084,0.9912798775338884,0.9983237611925574,30,0.97544792341534,0.0035392603064672633
LR_deploy,0.5879396984924623,0.9948667966211826,0.003490175501109302,0.9913766211200733,0.9983569721222919,30,0.97544792341534,0.0035392603064672633
LR_deploy,0.592964824120603,0.9949317738791422,0.0035318488582698985,0.9913999250208724,0.9984636227374121,30,0.97544792341534,0.0035392603064672633
LR_deploy,0.5979899497487438,0.9949967511371018,0.003571813604210812,0.9914249375328911,0.9985685647413126,30,0.97544792341534,0.0035392603064672633
LR_deploy,0.6030150753768845,0.9950617283950616,0.0033464321117449227,0.9917152962833167,0.9984081605068065,30,0.97544792341534,0.0035392603064672633
LR_deploy,0.6080402010050251,0.995191682910981,0.0034238463300599164,0.9917678365809212,0.9986155292410409,30,0.97544792341534,0.0035392603064672633
LR_deploy,0.6130653266331658,0.9953216374269005,0.0030969855318120298,0.9922246518950885,0.9984186229587125,30,0.97544792341534,0.0035392603064672633
LR_deploy,0.6180904522613065,0.9953866146848601,0.003092045595040246,0.9922945690898198,0.9984786602799004,30,0.97544792341534,0.0035392603064672633
LR_deploy,0.6231155778894473,0.9955165692007796,0.003120168462266661,0.9923964007385129,0.9986367376630463,30,0.97544792341534,0.0035392603064672633
LR_deploy,0.628140703517588,0.995646523716699,0.0030579567747875207,0.9925885669419116,0.9987044804914865,30,0.97544792341534,0.0035392603064672633
LR_deploy,0.6331658291457286,0.9957764782326185,0.0027128323843816234,0.9930636458482369,0.9984893106170001,30,0.97544792341534,0.0035392603064672633
LR_deploy,0.6381909547738693,0.9958414554905782,0.002695874492333411,0.9931455809982448,0.9985373299829117,30,0.97544792341534,0.0035392603064672633
LR_deploy,0.6432160804020101,0.9959714100064976,0.0028007618022773398,0.9931706482042203,0.9987721718087749,30,0.97544792341534,0.0035392603064672633
LR_deploy,0.6482412060301508,0.9959714100064976,0.0028007618022773398,0.9931706482042203,0.9987721718087749,30,0.97544792341534,0.0035392603064672633
LR_deploy,0.6532663316582915,0.9961663417803768,0.0026344196505249376,0.9935319221298519,0.9988007614309017,30,0.97544792341534,0.0035392603064672633
LR_deploy,0.6582914572864321,0.9962962962962962,0.002526085910554437,0.9937702103857418,0.9988223822068507,30,0.97544792341534,0.0035392603064672633
LR_deploy,0.6633165829145728,0.9962962962962962,0.002526085910554437,0.9937702103857418,0.9988223822068507,30,0.97544792341534,0.0035392603064672633
LR_deploy,0.6683417085427136,0.9963612735542559,0.0025968487566792884,0.9937644247975765,0.9989581223109352,30,0.97544792341534,0.0035392603064672633
LR_deploy,0.6733668341708543,0.9964262508122156,0.002614449030369978,0.9938118017818456,0.9990406998425856,30,0.97544792341534,0.0035392603064672633
LR_deploy,0.678391959798995,0.9964912280701753,0.0025799749668376434,0.9939112531033377,0.9990712030370129,30,0.97544792341534,0.0035392603064672633
LR_deploy,0.6834170854271356,0.9964912280701753,0.0025799749668376434,0.9939112531033377,0.9990712030370129,30,0.97544792341534,0.0035392603064672633
LR_deploy,0.6884422110552764,0.9964912280701753,0.0025799749668376434,0.9939112531033377,0.9990712030370129,30,0.97544792341534,0.0035392603064672633
LR_deploy,0.6934673366834171,0.996556205328135,0.0024912656936557235,0.9940649396344793,0.9990474710217908,30,0.97544792341534,0.0035392603064672633
LR_deploy,0.6984924623115578,0.9966861598440545,0.002463055123113031,0.9942231047209414,0.9991492149671676,30,0.97544792341534,0.0035392603064672633
LR_deploy,0.7035175879396985,0.9967511371020142,0.002525221256785979,0.9942259158452282,0.9992763583588002,30,0.97544792341534,0.0035392603064672633
LR_deploy,0.7085427135678392,0.9967511371020142,0.002525221256785979,0.9942259158452282,0.9992763583588002,30,0.97544792341534,0.0035392603064672633
LR_deploy,0.7135678391959799,0.996816114359974,0.002532992515133986,0.99428312184484,0.9993491068751079,30,0.97544792341534,0.0035392603064672633
LR_deploy,0.7185929648241206,0.996816114359974,0.002532992515133986,0.99428312184484,0.9993491068751079,30,0.97544792341534,0.0035392603064672633
LR_deploy,0.7236180904522613,0.9968810916179336,0.0024336204903030586,0.9944474711276305,0.9993147121082366,30,0.97544792341534,0.0035392603064672633
LR_deploy,0.7286432160804021,0.9968810916179336,0.0024336204903030586,0.9944474711276305,0.9993147121082366,30,0.97544792341534,0.0035392603064672633
LR_deploy,0.7336683417085427,0.9968810916179336,0.0024336204903030586,0.9944474711276305,0.9993147121082366,30,0.97544792341534,0.0035392603064672633
LR_deploy,0.7386934673366834,0.997011046133853,0.0023309512932918395,0.9946800948405612,0.9993419974271449,30,0.97544792341534,0.0035392603064672633
LR_deploy,0.7437185929648241,0.997011046133853,0.0023309512932918395,0.9946800948405612,0.9993419974271449,30,0.97544792341534,0.0035392603064672633
LR_deploy,0.7487437185929648,0.997011046133853,0.0023309512932918395,0.9946800948405612,0.9993419974271449,30,0.97544792341534,0.0035392603064672633
LR_deploy,0.7537688442211056,0.997011046133853,0.0023309512932918395,0.9946800948405612,0.9993419974271449,30,0.97544792341534,0.0035392603064672633
LR_deploy,0.7587939698492463,0.9970760233918128,0.00221666094613715,0.9948593624456756,0.9992926843379499,30,0.97544792341534,0.0035392603064672633
LR_deploy,0.7638190954773869,0.9972059779077322,0.002090932665025562,0.9951150452427067,0.9992969105727578,30,0.97544792341534,0.0035392603064672633
LR_deploy,0.7688442211055276,0.9972059779077322,0.002090932665025562,0.9951150452427067,0.9992969105727578,30,0.97544792341534,0.0035392603064672633
LR_deploy,0.7738693467336684,0.9972059779077322,0.002090932665025562,0.9951150452427067,0.9992969105727578,30,0.97544792341534,0.0035392603064672633
LR_deploy,0.7788944723618091,0.9972059779077322,0.002090932665025562,0.9951150452427067,0.9992969105727578,30,0.97544792341534,0.0035392603064672633
LR_deploy,0.7839195979899498,0.997270955165692,0.0020857040180192,0.9951852511476728,0.9993566591837112,30,0.97544792341534,0.0035392603064672633
LR_deploy,0.7889447236180904,0.997270955165692,0.0020857040180192,0.9951852511476728,0.9993566591837112,30,0.97544792341534,0.0035392603064672633
LR_deploy,0.7939698492462312,0.9973359324236516,0.002014331135057639,0.9953216012885939,0.9993502635587093,30,0.97544792341534,0.0035392603064672633
LR_deploy,0.7989949748743719,0.9974009096816113,0.0020045501329878385,0.9953963595486235,0.9994054598145992,30,0.97544792341534,0.0035392603064672633
LR_deploy,0.8040201005025126,0.9975308641975308,0.001978231046412963,0.9955526331511179,0.9995090952439437,30,0.97544792341534,0.0035392603064672633
LR_deploy,0.8090452261306533,0.9976608187134502,0.0018026419618860563,0.9958581767515642,0.9994634606753363,30,0.97544792341534,0.0035392603064672633
LR_deploy,0.8140703517587939,0.99772579597141,0.0017794754954683824,0.9959463204759416,0.9995052714668784,30,0.97544792341534,0.0035392603064672633
LR_deploy,0.8190954773869347,0.9977907732293697,0.0018267103432975565,0.9959640628860722,0.9996174835726672,30,0.97544792341534,0.0035392603064672633
LR_deploy,0.8241206030150754,0.9977907732293697,0.0018267103432975565,0.9959640628860722,0.9996174835726672,30,0.97544792341534,0.0035392603064672633
LR_deploy,0.8291457286432161,0.9979207277452891,0.001768395983079414,0.9961523317622096,0.9996891237283685,30,0.97544792341534,0.0035392603064672633
LR_deploy,0.8341708542713568,0.9979857050032488,0.0018086890837404534,0.9961770159195084,0.9997943940869892,30,0.97544792341534,0.0035392603064672633
LR_deploy,0.8391959798994975,0.9981156595191683,0.0018086890837404547,0.9963069704354278,0.9999243486029087,30,0.97544792341534,0.0035392603064672633
LR_deploy,0.8442211055276382,0.9981156595191683,0.0018086890837404547,0.9963069704354278,0.9999243486029087,30,0.97544792341534,0.0035392603064672633
LR_deploy,0.8492462311557789,0.9981156595191683,0.0018086890837404547,0.9963069704354278,0.9999243486029087,30,0.97544792341534,0.0035392603064672633
LR_deploy,0.8542713567839196,0.9981156595191683,0.0018086890837404547,0.9963069704354278,0.9999243486029087,30,0.97544792341534,0.0035392603064672633
LR_deploy,0.8592964824120604,0.9981156595191683,0.0018086890837404547,0.9963069704354278,0.9999243486029087,30,0.97544792341534,0.0035392603064672633
LR_deploy,0.864321608040201,0.9982456140350877,0.0017990039320187013,0.996446610103069,1.0,30,0.97544792341534,0.0035392603064672633
LR_deploy,0.8693467336683417,0.9982456140350877,0.0017990039320187013,0.996446610103069,1.0,30,0.97544792341534,0.0035392603064672633
LR_deploy,0.8743718592964824,0.9982456140350877,0.0017990039320187013,0.996446610103069,1.0,30,0.97544792341534,0.0035392603064672633
LR_deploy,0.8793969849246231,0.9982456140350877,0.0017990039320187013,0.996446610103069,1.0,30,0.97544792341534,0.0035392603064672633
LR_deploy,0.8844221105527639,0.9982456140350877,0.0017990039320187013,0.996446610103069,1.0,30,0.97544792341534,0.0035392603064672633
LR_deploy,0.8894472361809045,0.9983105912930473,0.0016771269674544966,0.9966334643255929,0.9999877182605018,30,0.97544792341534,0.0035392603064672633
LR_deploy,0.8944723618090452,0.9984405458089668,0.0016508792292003864,0.9967896665797664,1.0,30,0.97544792341534,0.0035392603064672633
LR_deploy,0.8994974874371859,0.9984405458089668,0.0016508792292003864,0.9967896665797664,1.0,30,0.97544792341534,0.0035392603064672633
LR_deploy,0.9045226130653267,0.9984405458089668,0.0016508792292003864,0.9967896665797664,1.0,30,0.97544792341534,0.0035392603064672633
LR_deploy,0.9095477386934674,0.9984405458089668,0.0016508792292003864,0.9967896665797664,1.0,30,0.97544792341534,0.0035392603064672633
LR_deploy,0.914572864321608,0.9987004548408057,0.001477773964091438,0.9972226808767143,1.0,30,0.97544792341534,0.0035392603064672633
LR_deploy,0.9195979899497487,0.9987004548408057,0.001477773964091438,0.9972226808767143,1.0,30,0.97544792341534,0.0035392603064672633
LR_deploy,0.9246231155778895,0.9987654320987654,0.0014910146125868653,0.9972744174861786,1.0,30,0.97544792341534,0.0035392603064672633
LR_deploy,0.9296482412060302,0.9988304093567251,0.0015012321597250742,0.997329177197,1.0,30,0.97544792341534,0.0035392603064672633
LR_deploy,0.9346733668341709,0.9989603638726445,0.0014235803963747104,0.9975367834762698,1.0,30,0.97544792341534,0.0035392603064672633
LR_deploy,0.9396984924623115,0.9989603638726445,0.0014235803963747104,0.9975367834762698,1.0,30,0.97544792341534,0.0035392603064672633
LR_deploy,0.9447236180904522,0.9989603638726445,0.0014235803963747104,0.9975367834762698,1.0,30,0.97544792341534,0.0035392603064672633
LR_deploy,0.949748743718593,0.999090318388564,0.0013283535817954506,0.9977619648067685,1.0,30,0.97544792341534,0.0035392603064672633
LR_deploy,0.9547738693467337,0.9991552956465237,0.0012203943773475647,0.9979349012691762,1.0,30,0.97544792341534,0.0035392603064672633
LR_deploy,0.9597989949748744,0.9992202729044835,0.0012114141642609606,0.9980088587402225,1.0,30,0.97544792341534,0.0035392603064672633
LR_deploy,0.964824120603015,0.9992852501624431,0.0011987288496264823,0.9980865213128166,1.0,30,0.97544792341534,0.0035392603064672633
LR_deploy,0.9698492462311558,0.9994152046783625,0.0011617220921412146,0.9982534825862214,1.0,30,0.97544792341534,0.0035392603064672633
LR_deploy,0.9748743718592965,0.9994152046783625,0.0011617220921412146,0.9982534825862214,1.0,30,0.97544792341534,0.0035392603064672633
LR_deploy,0.9798994974874372,0.9994152046783625,0.0011617220921412146,0.9982534825862214,1.0,30,0.97544792341534,0.0035392603064672633
LR_deploy,0.9849246231155779,0.9994152046783625,0.0011617220921412146,0.9982534825862214,1.0,30,0.97544792341534,0.0035392603064672633
LR_deploy,0.9899497487437187,0.9994152046783625,0.0011617220921412146,0.9982534825862214,1.0,30,0.97544792341534,0.0035392603064672633
LR_deploy,0.9949748743718593,0.9994801819363223,0.0010152640541173413,0.9984649178822049,1.0,30,0.97544792341534,0.0035392603064672633
LR_deploy,1.0,1.0,0.0,1.0,1.0,30,0.97544792341534,0.0035392603064672633
SVC,0.0,0.0,0.0,0.0,0.0,30,0.9740537923062668,0.0037228809147556692
SVC,0.005025125628140704,0.5343079922027291,0.1034416652401549,0.43086632696257415,0.6377496574428839,30,0.9740537923062668,0.0037228809147556692
SVC,0.010050251256281407,0.6541260558804419,0.061674042597864694,0.5924520132825772,0.7158000984783066,30,0.9740537923062668,0.0037228809147556692
SVC,0.01507537688442211,0.7029889538661468,0.05863054002104112,0.6443584138451057,0.7616194938871879,30,0.9740537923062668,0.0037228809147556692
SVC,0.020100502512562814,0.7519168291098114,0.05314548567470929,0.698771343435102,0.8050623147845207,30,0.9740537923062668,0.0037228809147556692
SVC,0.02512562814070352,0.7759584145549059,0.04956322574884553,0.7263951888060604,0.8255216403037514,30,0.9740537923062668,0.0037228809147556692
SVC,0.03015075376884422,0.8120207927225471,0.04317634726412211,0.768844445458425,0.8551971399866692,30,0.9740537923062668,0.0037228809147556692
SVC,0.035175879396984924,0.8372969460688758,0.03129281890675113,0.8060041271621247,0.868589764975627,30,0.9740537923062668,0.0037228809147556692
SVC,0.04020100502512563,0.8491877842755035,0.028536653226269738,0.8206511310492337,0.8777244375017732,30,0.9740537923062668,0.0037228809147556692
SVC,0.04522613065326633,0.8685867609653203,0.025698860478569077,0.8428879004867512,0.8942856214438893,30,0.9740537923062668,0.0037228809147556692
SVC,0.05025125628140704,0.8764782326185835,0.026039786210453216,0.8504384464081303,0.9025180188290367,30,0.9740537923062668,0.0037228809147556692
SVC,0.05527638190954774,0.8891487979207279,0.023993151915773985,0.8651556460049539,0.9131419498365019,30,0.9740537923062668,0.0037228809147556692
SVC,0.06030150753768844,0.8966020812313683,0.022561361186955,0.8740407200444134,0.9191634424183233,30,0.9740537923062668,0.0037228809147556692
SVC,0.06532663316582915,0.9104629711259353,0.018285913807104624,0.8921770573188307,0.92874888493304,30,0.9740537923062668,0.0037228809147556692
SVC,0.07035175879396985,0.9210728757497689,0.01655468125152921,0.9045181944982397,0.9376275570012982,30,0.9740537923062668,0.0037228809147556692
SVC,0.07537688442211056,0.9253411306042885,0.015570577136351182,0.9097705534679372,0.9409117077406397,30,0.9740537923062668,0.0037228809147556692
SVC,0.08040201005025126,0.9302794022092268,0.014593494890595613,0.9156859073186312,0.9448728970998224,30,0.9740537923062668,0.0037228809147556692
SVC,0.08542713567839195,0.9339181286549708,0.01448233564057261,0.9194357930143982,0.9484004642955435,30,0.9740537923062668,0.0037228809147556692
SVC,0.09045226130653267,0.9393112410656269,0.01381920156364301,0.9254920395019839,0.9531304426292699,30,0.9740537923062668,0.0037228809147556692
SVC,0.09547738693467336,0.942235217673814,0.013422385898427598,0.9288128317753864,0.9556576035722416,30,0.9740537923062668,0.0037228809147556692
SVC,0.10050251256281408,0.946718648473034,0.010754296326520222,0.9359643521465137,0.9574729447995542,30,0.9740537923062668,0.0037228809147556692
SVC,0.10552763819095477,0.9499025341130598,0.011562389073609607,0.9383401450394502,0.9614649231866694,30,0.9740537923062668,0.0037228809147556692
SVC,0.11055276381909548,0.951916829109811,0.010255368019318622,0.9416614610904924,0.9621721971291296,30,0.9740537923062668,0.0037228809147556692
SVC,0.11557788944723618,0.9547108512020788,0.010574296248253996,0.9441365549538248,0.9652851474503328,30,0.9740537923062668,0.0037228809147556692
SVC,0.12060301507537688,0.9568551007147493,0.010234905009866267,0.9466201957048831,0.9670900057246156,30,0.9740537923062668,0.0037228809147556692
SVC,0.12562814070351758,0.9595841455490574,0.008983115535734302,0.9506010300133231,0.9685672610847916,30,0.9740537923062668,0.0037228809147556692
SVC,0.1306532663316583,0.9619883040935667,0.0078098641331508295,0.9541784399604158,0.9697981682267176,30,0.9740537923062668,0.0037228809147556692
SVC,0.135678391959799,0.9634178037686804,0.007448039420613925,0.9559697643480665,0.9708658431892943,30,0.9740537923062668,0.0037228809147556692
SVC,0.1407035175879397,0.964652371669915,0.0070140576235291005,0.9576383140463859,0.9716664292934442,30,0.9740537923062668,0.0037228809147556692
SVC,0.1457286432160804,0.9652371669915525,0.006773623242162649,0.9584635437493898,0.9720107902337152,30,0.9740537923062668,0.0037228809147556692
SVC,0.15075376884422112,0.9667966211825856,0.006723140729555986,0.9600734804530296,0.9735197619121415,30,0.9740537923062668,0.0037228809147556692
SVC,0.15577889447236182,0.9677063027940217,0.006937987447679517,0.9607683153463422,0.9746442902417012,30,0.9740537923062668,0.0037228809147556692
SVC,0.16080402010050251,0.9688109161793368,0.00673320264469511,0.9620777135346417,0.9755441188240319,30,0.9740537923062668,0.0037228809147556692
SVC,0.1658291457286432,0.9703053931124102,0.006804503249866497,0.9635008898625437,0.9771098963622766,30,0.9740537923062668,0.0037228809147556692
SVC,0.1708542713567839,0.9710201429499671,0.006688947595304955,0.9643311953546622,0.977709090545272,30,0.9740537923062668,0.0037228809147556692
SVC,0.17587939698492464,0.9721897335932419,0.006633872006155223,0.9655558615870867,0.9788236055993971,30,0.9740537923062668,0.0037228809147556692
SVC,0.18090452261306533,0.9729044834307988,0.006622340272277129,0.9662821431585217,0.979526823703076,30,0.9740537923062668,0.0037228809147556692
SVC,0.18592964824120603,0.9733593242365168,0.0066811074508696805,0.9666782167856471,0.9800404316873865,30,0.9740537923062668,0.0037228809147556692
SVC,0.19095477386934673,0.9742040285899931,0.0065892812585314825,0.9676147473314616,0.9807933098485246,30,0.9740537923062668,0.0037228809147556692
SVC,0.19597989949748745,0.9750487329434694,0.006193971063624049,0.9688547618798453,0.9812427040070935,30,0.9740537923062668,0.0037228809147556692
SVC,0.20100502512562815,0.9760883690708247,0.005268839301049887,0.9708195297697748,0.9813572083718747,30,0.9740537923062668,0.0037228809147556692
SVC,0.20603015075376885,0.9766731643924622,0.005429286036763935,0.9712438783556983,0.9821024504292262,30,0.9740537923062668,0.0037228809147556692
SVC,0.21105527638190955,0.9773879142300191,0.005235576094190251,0.9721523381358289,0.9826234903242094,30,0.9740537923062668,0.0037228809147556692
SVC,0.21608040201005024,0.9782975958414551,0.005034852017576183,0.973262743823879,0.9833324478590313,30,0.9740537923062668,0.0037228809147556692
SVC,0.22110552763819097,0.9791423001949314,0.004554325780311921,0.9745879744146195,0.9836966259752433,30,0.9740537923062668,0.0037228809147556692
SVC,0.22613065326633167,0.9795971410006494,0.004513383942464115,0.9750837570581853,0.9841105249431136,30,0.9740537923062668,0.0037228809147556692
SVC,0.23115577889447236,0.9801819363222869,0.004285544495865145,0.9758963918264217,0.984467480818152,30,0.9740537923062668,0.0037228809147556692
SVC,0.23618090452261306,0.9807667316439244,0.004513383942464117,0.9762533477014602,0.9852801155863885,30,0.9740537923062668,0.0037228809147556692
SVC,0.24120603015075376,0.9813515269655616,0.004569644136046746,0.9767818828295148,0.9859211711016084,30,0.9740537923062668,0.0037228809147556692
SVC,0.24623115577889448,0.9819363222871991,0.004431351088935162,0.977504971198264,0.9863676733761342,30,0.9740537923062668,0.0037228809147556692
SVC,0.25125628140703515,0.9823261858349573,0.0038626195972788317,0.9784635662376785,0.9861888054322362,30,0.9740537923062668,0.0037228809147556692
SVC,0.2562814070351759,0.9828460038986351,0.003978479302834715,0.9788675245958004,0.9868244832014698,30,0.9740537923062668,0.0037228809147556692
SVC,0.2613065326633166,0.9834957764782323,0.003956462092825932,0.9795393143854063,0.9874522385710582,30,0.9740537923062668,0.0037228809147556692
SVC,0.2663316582914573,0.9842105263157891,0.00410651023308659,0.9801040160827025,0.9883170365488757,30,0.9740537923062668,0.0037228809147556692
SVC,0.271356783919598,0.9846003898635475,0.0042011427034160135,0.9803992471601315,0.9888015325669635,30,0.9740537923062668,0.0037228809147556692
SVC,0.2763819095477387,0.9851202079272252,0.00404651103239826,0.9810736968948269,0.9891667189596235,30,0.9740537923062668,0.0037228809147556692
SVC,0.2814070351758794,0.986094866796621,0.00439572553572202,0.981699141260899,0.9904905923323429,30,0.9740537923062668,0.0037228809147556692
SVC,0.2864321608040201,0.9863547758284598,0.004373811517106256,0.9819809643113535,0.990728587345566,30,0.9740537923062668,0.0037228809147556692
SVC,0.2914572864321608,0.9866146848602987,0.0044254334129068314,0.9821892514473919,0.9910401182732055,30,0.9740537923062668,0.0037228809147556692
SVC,0.2964824120603015,0.9870695256660167,0.0042671602831433385,0.9828023653828734,0.99133668594916,30,0.9740537923062668,0.0037228809147556692
SVC,0.30150753768844224,0.987199480181936,0.0044239527570644945,0.9827755274248715,0.9916234329390006,30,0.9740537923062668,0.0037228809147556692
SVC,0.3065326633165829,0.9875893437296944,0.004358305932590856,0.9832310377971035,0.9919476496622853,30,0.9740537923062668,0.0037228809147556692
SVC,0.31155778894472363,0.987914230019493,0.004043811738500121,0.9838704182809929,0.9919580417579931,30,0.9740537923062668,0.0037228809147556692
SVC,0.3165829145728643,0.9884340480831707,0.0038626195972788313,0.9845714284858919,0.9922966676804496,30,0.9740537923062668,0.0037228809147556692
SVC,0.32160804020100503,0.9885640025990902,0.0038896627718378544,0.9846743398272523,0.992453665370928,30,0.9740537923062668,0.0037228809147556692
SVC,0.32663316582914576,0.9890188434048082,0.003948173984932791,0.9850706694198754,0.9929670173897409,30,0.9740537923062668,0.0037228809147556692
SVC,0.3316582914572864,0.9892137751786872,0.003956462092825925,0.9852573130858613,0.9931702372715132,30,0.9740537923062668,0.0037228809147556692
SVC,0.33668341708542715,0.9894736842105262,0.004177685553564367,0.9852959986569618,0.9936513697640905,30,0.9740537923062668,0.0037228809147556692
SVC,0.3417085427135678,0.9896036387264455,0.004105978405041476,0.9854976603214041,0.993709617131487,30,0.9740537923062668,0.0037228809147556692
SVC,0.34673366834170855,0.9897985705003247,0.0039877998073258826,0.9858107706929988,0.9937863703076506,30,0.9740537923062668,0.0037228809147556692
SVC,0.35175879396984927,0.9899935022742039,0.004181865330051112,0.9858116369441527,0.9941753676042551,30,0.9740537923062668,0.0037228809147556692
SVC,0.35678391959798994,0.9902534113060427,0.004190212374943518,0.9860631989310992,0.9944436236809863,30,0.9740537923062668,0.0037228809147556692
SVC,0.36180904522613067,0.9903183885640024,0.004267160283143331,0.9860512282808591,0.9945855488471458,30,0.9740537923062668,0.0037228809147556692
SVC,0.36683417085427134,0.9907732293697205,0.004311454609144405,0.9864617747605761,0.9950846839788648,30,0.9740537923062668,0.0037228809147556692
SVC,0.37185929648241206,0.9909681611435996,0.004297756948538318,0.9866704041950614,0.9952659180921379,30,0.9740537923062668,0.0037228809147556692
SVC,0.3768844221105528,0.9914230019493177,0.003952043931656797,0.9874709580176608,0.9953750458809745,30,0.9740537923062668,0.0037228809147556692
SVC,0.38190954773869346,0.9914879792072774,0.0039812228927772475,0.9875067563145001,0.9954692021000546,30,0.9740537923062668,0.0037228809147556692
SVC,0.3869346733668342,0.9914879792072774,0.0039812228927772475,0.9875067563145001,0.9954692021000546,30,0.9740537923062668,0.0037228809147556692
SVC,0.3919597989949749,0.9916179337231967,0.0038699624502564734,0.9877479712729402,0.9954878961734532,30,0.9740537923062668,0.0037228809147556692
SVC,0.3969849246231156,0.9916829109811565,0.003929878619834161,0.9877530323613223,0.9956127896009906,30,0.9740537923062668,0.0037228809147556692
SVC,0.4020100502512563,0.9916829109811565,0.003929878619834161,0.9877530323613223,0.9956127896009906,30,0.9740537923062668,0.0037228809147556692
SVC,0.40703517587939697,0.9918128654970759,0.004011278533056236,0.9878015869640197,0.9958241440301322,30,0.9740537923062668,0.0037228809147556692
SVC,0.4120603015075377,0.9919428200129954,0.003989442341811957,0.9879533776711834,0.9959322623548074,30,0.9740537923062668,0.0037228809147556692
SVC,0.4170854271356784,0.992007797270955,0.003842780639205963,0.988165016631749,0.995850577910161,30,0.9740537923062668,0.0037228809147556692
SVC,0.4221105527638191,0.9920727745289147,0.003862619597278826,0.9882101549316359,0.9959353941261936,30,0.9740537923062668,0.0037228809147556692
SVC,0.4271356783919598,0.9922027290448342,0.0037617983678519093,0.9884409306769822,0.9959645274126862,30,0.9740537923062668,0.0037228809147556692
SVC,0.4321608040201005,0.9922027290448342,0.0037617983678519093,0.9884409306769822,0.9959645274126862,30,0.9740537923062668,0.0037228809147556692
SVC,0.4371859296482412,0.9923976608187134,0.0037739696908837333,0.9886236911278297,0.9961716305095971,30,0.9740537923062668,0.0037228809147556692
SVC,0.44221105527638194,0.9923976608187134,0.0037739696908837333,0.9886236911278297,0.9961716305095971,30,0.9740537923062668,0.0037228809147556692
SVC,0.4472361809045226,0.9925276153346327,0.003833677207670191,0.9886939381269626,0.9963612925423029,30,0.9740537923062668,0.0037228809147556692
SVC,0.45226130653266333,0.9926575698505522,0.003887978084208764,0.9887695917663435,0.9965455479347609,30,0.9740537923062668,0.0037228809147556692
SVC,0.457286432160804,0.9927225471085119,0.0038963942382613244,0.9888261528702507,0.9966189413467732,30,0.9740537923062668,0.0037228809147556692
SVC,0.4623115577889447,0.9927875243664717,0.00397023715745241,0.9888172872090193,0.996757761523924,30,0.9740537923062668,0.0037228809147556692
SVC,0.46733668341708545,0.9929824561403507,0.003952043931656802,0.9890304122086939,0.9969345000720076,30,0.9740537923062668,0.0037228809147556692
SVC,0.4723618090452261,0.9931124106562702,0.003956462092825925,0.9891559485634442,0.9970688727490962,30,0.9740537923062668,0.0037228809147556692
SVC,0.47738693467336685,0.9931124106562702,0.003956462092825925,0.9891559485634442,0.9970688727490962,30,0.9740537923062668,0.0037228809147556692
SVC,0.4824120603015075,0.9931773879142299,0.003989989703046861,0.9891873982111831,0.9971673776172768,30,0.9740537923062668,0.0037228809147556692
SVC,0.48743718592964824,0.9933723196881091,0.003985060745386316,0.9893872589427228,0.9973573804334954,30,0.9740537923062668,0.0037228809147556692
SVC,0.49246231155778897,0.9934372969460689,0.004013999704614748,0.9894232972414541,0.9974512966506837,30,0.9740537923062668,0.0037228809147556692
SVC,0.49748743718592964,0.9935672514619882,0.003835955090941696,0.9897312963710465,0.9974032065529299,30,0.9740537923062668,0.0037228809147556692
SVC,0.5025125628140703,0.9936322287199479,0.0038963942382613257,0.9897358344816866,0.9975286229582093,30,0.9740537923062668,0.0037228809147556692
SVC,0.507537688442211,0.9938271604938271,0.0037993450785545097,0.9900278154152726,0.9976265055723816,30,0.9740537923062668,0.0037228809147556692
SVC,0.5125628140703518,0.9940220922677062,0.003759475552954395,0.9902626167147518,0.9977815678206606,30,0.9740537923062668,0.0037228809147556692
SVC,0.5175879396984925,0.9941520467836257,0.003830827948853939,0.9903212188347718,0.9979828747324796,30,0.9740537923062668,0.0037228809147556692
SVC,0.5226130653266332,0.9942820012995451,0.0035809728985142842,0.9907010284010308,0.9978629741980595,30,0.9740537923062668,0.0037228809147556692
SVC,0.5276381909547738,0.9942820012995451,0.0035809728985142842,0.9907010284010308,0.9978629741980595,30,0.9740537923062668,0.0037228809147556692
SVC,0.5326633165829145,0.9943469785575049,0.003522561834942568,0.9908244167225623,0.9978695403924475,30,0.9740537923062668,0.0037228809147556692
SVC,0.5376884422110553,0.9944119558154646,0.003346432111744929,0.9910655237037197,0.9977583879272095,30,0.9740537923062668,0.0037228809147556692
SVC,0.542713567839196,0.9944769330734242,0.003437214564032998,0.9910397185093912,0.9979141476374572,30,0.9740537923062668,0.0037228809147556692
SVC,0.5477386934673367,0.9944769330734242,0.003437214564032998,0.9910397185093912,0.9979141476374572,30,0.9740537923062668,0.0037228809147556692
SVC,0.5527638190954774,0.9944769330734242,0.003437214564032998,0.9910397185093912,0.9979141476374572,30,0.9740537923062668,0.0037228809147556692
SVC,0.5577889447236181,0.9946068875893437,0.0034219323191043874,0.9911849552702393,0.998028819908448,30,0.9740537923062668,0.0037228809147556692
SVC,0.5628140703517588,0.9946718648473034,0.0033542539349089772,0.9913176109123945,0.9980261187822124,30,0.9740537923062668,0.0037228809147556692
SVC,0.5678391959798995,0.9948667966211826,0.0029621904465761545,0.9919046061746064,0.9978289870677588,30,0.9740537923062668,0.0037228809147556692
SVC,0.5728643216080402,0.9949317738791422,0.0028317789363245804,0.9920999949428176,0.9977635528154668,30,0.9740537923062668,0.0037228809147556692
SVC,0.577889447236181,0.9950617283950616,0.0027440475916221956,0.9923176808034394,0.9978057759866837,30,0.9740537923062668,0.0037228809147556692
SVC,0.5829145728643216,0.9950617283950616,0.0027440475916221956,0.9923176808034394,0.9978057759866837,30,0.9740537923062668,0.0037228809147556692
SVC,0.5879396984924623,0.995191682910981,0.002883742517130876,0.9923079403938502,0.9980754254281119,30,0.9740537923062668,0.0037228809147556692
SVC,0.592964824120603,0.995191682910981,0.002883742517130876,0.9923079403938502,0.9980754254281119,30,0.9740537923062668,0.0037228809147556692
SVC,0.5979899497487438,0.9952566601689408,0.002971024036106375,0.9922856361328344,0.9982276842050471,30,0.9740537923062668,0.0037228809147556692
SVC,0.6030150753768845,0.9953216374269005,0.0027851237023762522,0.9925365137245242,0.9981067611292768,30,0.9740537923062668,0.0037228809147556692
SVC,0.6080402010050251,0.9953866146848601,0.0027796295823531506,0.992606985102507,0.9981662442672132,30,0.9740537923062668,0.0037228809147556692
SVC,0.6130653266331658,0.9954515919428198,0.002819413030360271,0.9926321789124596,0.9982710049731801,30,0.9740537923062668,0.0037228809147556692
SVC,0.6180904522613065,0.9954515919428198,0.002819413030360271,0.9926321789124596,0.9982710049731801,30,0.9740537923062668,0.0037228809147556692
SVC,0.6231155778894473,0.9954515919428198,0.002819413030360271,0.9926321789124596,0.9982710049731801,30,0.9740537923062668,0.0037228809147556692
SVC,0.628140703517588,0.9955165692007796,0.002667371771273691,0.9928491974295058,0.9981839409720533,30,0.9740537923062668,0.0037228809147556692
SVC,0.6331658291457286,0.9955165692007796,0.002667371771273691,0.9928491974295058,0.9981839409720533,30,0.9740537923062668,0.0037228809147556692
SVC,0.6381909547738693,0.995646523716699,0.0027416590396608207,0.9929048646770382,0.9983881827563599,30,0.9740537923062668,0.0037228809147556692
SVC,0.6432160804020101,0.995646523716699,0.0027416590396608207,0.9929048646770382,0.9983881827563599,30,0.9740537923062668,0.0037228809147556692
SVC,0.6482412060301508,0.995646523716699,0.0027416590396608207,0.9929048646770382,0.9983881827563599,30,0.9740537923062668,0.0037228809147556692
SVC,0.6532663316582915,0.9957115009746588,0.0027756985528337346,0.992935802421825,0.9984871995274925,30,0.9740537923062668,0.0037228809147556692
SVC,0.6582914572864321,0.9957115009746588,0.0027756985528337346,0.992935802421825,0.9984871995274925,30,0.9740537923062668,0.0037228809147556692
SVC,0.6633165829145728,0.9957115009746588,0.0027756985528337346,0.992935802421825,0.9984871995274925,30,0.9740537923062668,0.0037228809147556692
SVC,0.6683417085427136,0.9957115009746588,0.0027756985528337346,0.992935802421825,0.9984871995274925,30,0.9740537923062668,0.0037228809147556692
SVC,0.6733668341708543,0.9957764782326185,0.002760709592192435,0.9930157686404261,0.9985371878248109,30,0.9740537923062668,0.0037228809147556692
SVC,0.678391959798995,0.9958414554905782,0.0028379416834097807,0.9930035138071684,0.998679397173988,30,0.9740537923062668,0.0037228809147556692
SVC,0.6834170854271356,0.9959064327485379,0.00286627203423136,0.9930401607143065,0.9987727047827692,30,0.9740537923062668,0.0037228809147556692
SVC,0.6884422110552764,0.996101364522417,0.0028038789560548855,0.9932974855663621,0.998905243478472,30,0.9740537923062668,0.0037228809147556692
SVC,0.6934673366834171,0.996101364522417,0.0028038789560548855,0.9932974855663621,0.998905243478472,30,0.9740537923062668,0.0037228809147556692
SVC,0.6984924623115578,0.996101364522417,0.0028038789560548855,0.9932974855663621,0.998905243478472,30,0.9740537923062668,0.0037228809147556692
SVC,0.7035175879396985,0.996101364522417,0.0028038789560548855,0.9932974855663621,0.998905243478472,30,0.9740537923062668,0.0037228809147556692
SVC,0.7085427135678392,0.9962313190383365,0.002800761802277353,0.9934305572360591,0.9990320808406139,30,0.9740537923062668,0.0037228809147556692
SVC,0.7135678391959799,0.9962962962962962,0.0027733372605706695,0.9935229590357255,0.999069633556867,30,0.9740537923062668,0.0037228809147556692
SVC,0.7185929648241206,0.9962962962962962,0.0027733372605706695,0.9935229590357255,0.999069633556867,30,0.9740537923062668,0.0037228809147556692
SVC,0.7236180904522613,0.9962962962962962,0.0027733372605706695,0.9935229590357255,0.999069633556867,30,0.9740537923062668,0.0037228809147556692
SVC,0.7286432160804021,0.9963612735542559,0.002791389455407676,0.9935698840988482,0.9991526630096635,30,0.9740537923062668,0.0037228809147556692
SVC,0.7336683417085427,0.9964912280701753,0.002679624347339782,0.9938116037228355,0.9991708524175151,30,0.9740537923062668,0.0037228809147556692
SVC,0.7386934673366834,0.9964912280701753,0.002679624347339782,0.9938116037228355,0.9991708524175151,30,0.9740537923062668,0.0037228809147556692
SVC,0.7437185929648241,0.9964912280701753,0.002679624347339782,0.9938116037228355,0.9991708524175151,30,0.9740537923062668,0.0037228809147556692
SVC,0.7487437185929648,0.996556205328135,0.0025433172556839174,0.9940128880724511,0.999099522583819,30,0.9740537923062668,0.0037228809147556692
SVC,0.7537688442211056,0.9966211825860948,0.002504380009713858,0.9941168025763809,0.9991255625958086,30,0.9740537923062668,0.0037228809147556692
SVC,0.7587939698492463,0.9966861598440545,0.002515690451181741,0.9941704693928728,0.9992018502952362,30,0.9740537923062668,0.0037228809147556692
SVC,0.7638190954773869,0.9966861598440545,0.002515690451181741,0.9941704693928728,0.9992018502952362,30,0.9740537923062668,0.0037228809147556692
SVC,0.7688442211055276,0.9967511371020142,0.00247278880801621,0.9942783482939981,0.9992239259100304,30,0.9740537923062668,0.0037228809147556692
SVC,0.7738693467336684,0.9967511371020142,0.00247278880801621,0.9942783482939981,0.9992239259100304,30,0.9740537923062668,0.0037228809147556692
SVC,0.7788944723618091,0.996816114359974,0.002316855510175485,0.9944992588497985,0.9991329698701494,30,0.9740537923062668,0.0037228809147556692
SVC,0.7839195979899498,0.996816114359974,0.002316855510175485,0.9944992588497985,0.9991329698701494,30,0.9740537923062668,0.0037228809147556692
SVC,0.7889447236180904,0.996816114359974,0.002316855510175485,0.9944992588497985,0.9991329698701494,30,0.9740537923062668,0.0037228809147556692
SVC,0.7939698492462312,0.997011046133853,0.0022740439804509807,0.9947370021534021,0.999285090114304,30,0.9740537923062668,0.0037228809147556692
SVC,0.7989949748743719,0.997011046133853,0.0022740439804509807,0.9947370021534021,0.999285090114304,30,0.9740537923062668,0.0037228809147556692
SVC,0.8040201005025126,0.9971410006497725,0.00215572730457221,0.9949852733452003,0.9992967279543448,30,0.9740537923062668,0.0037228809147556692
SVC,0.8090452261306533,0.9971410006497725,0.00215572730457221,0.9949852733452003,0.9992967279543448,30,0.9740537923062668,0.0037228809147556692
SVC,0.8140703517587939,0.9971410006497725,0.00215572730457221,0.9949852733452003,0.9992967279543448,30,0.9740537923062668,0.0037228809147556692
SVC,0.8190954773869347,0.9971410006497725,0.00215572730457221,0.9949852733452003,0.9992967279543448,30,0.9740537923062668,0.0037228809147556692
SVC,0.8241206030150754,0.9972059779077322,0.0021526860700865065,0.9950532918376458,0.9993586639778187,30,0.9740537923062668,0.0037228809147556692
SVC,0.8291457286432161,0.9973359324236516,0.002200841575780355,0.9951350908478712,0.999536773999432,30,0.9740537923062668,0.0037228809147556692
SVC,0.8341708542713568,0.9974658869395711,0.00205723970231433,0.9954086472372567,0.9995231266418854,30,0.9740537923062668,0.0037228809147556692
SVC,0.8391959798994975,0.9974658869395711,0.00205723970231433,0.9954086472372567,0.9995231266418854,30,0.9740537923062668,0.0037228809147556692
SVC,0.8442211055276382,0.9975308641975308,0.0021065407393020745,0.9954243234582287,0.9996374049368328,30,0.9740537923062668,0.0037228809147556692
SVC,0.8492462311557789,0.9975308641975308,0.0021065407393020745,0.9954243234582287,0.9996374049368328,30,0.9740537923062668,0.0037228809147556692
SVC,0.8542713567839196,0.9975308641975308,0.0021065407393020745,0.9954243234582287,0.9996374049368328,30,0.9740537923062668,0.0037228809147556692
SVC,0.8592964824120604,0.9975958414554905,0.002090932665025571,0.9955049087904649,0.9996867741205161,30,0.9740537923062668,0.0037228809147556692
SVC,0.864321608040201,0.9977907732293697,0.0020305281082346614,0.995760245121135,0.9998213013376044,30,0.9740537923062668,0.0037228809147556692
SVC,0.8693467336683417,0.9977907732293697,0.0020305281082346614,0.995760245121135,0.9998213013376044,30,0.9740537923062668,0.0037228809147556692
SVC,0.8743718592964824,0.9979207277452891,0.0021065407393020762,0.995814187005987,1.0,30,0.9740537923062668,0.0037228809147556692
SVC,0.8793969849246231,0.9979857050032488,0.002078361813625392,0.9959073431896234,1.0,30,0.9740537923062668,0.0037228809147556692
SVC,0.8844221105527639,0.9979857050032488,0.002078361813625392,0.9959073431896234,1.0,30,0.9740537923062668,0.0037228809147556692
SVC,0.8894472361809045,0.9980506822612085,0.0020476636703270715,0.9960030185908815,1.0,30,0.9740537923062668,0.0037228809147556692
SVC,0.8944723618090452,0.9981156595191683,0.0019481971191306745,0.9961674624000376,1.0,30,0.9740537923062668,0.0037228809147556692
SVC,0.8994974874371859,0.9982456140350877,0.0017246324944013875,0.9965209815406864,0.9999702465294891,30,0.9740537923062668,0.0037228809147556692
SVC,0.9045226130653267,0.9982456140350877,0.0017246324944013875,0.9965209815406864,0.9999702465294891,30,0.9740537923062668,0.0037228809147556692
SVC,0.9095477386934674,0.9983105912930473,0.0016771269674544969,0.9966334643255929,0.9999877182605018,30,0.9740537923062668,0.0037228809147556692
SVC,0.914572864321608,0.9985055230669265,0.00159298275664109,0.9969125403102854,1.0,30,0.9740537923062668,0.0037228809147556692
SVC,0.9195979899497487,0.9985055230669265,0.00159298275664109,0.9969125403102854,1.0,30,0.9740537923062668,0.0037228809147556692
SVC,0.9246231155778895,0.9985705003248863,0.001613415178936978,0.9969570851459493,1.0,30,0.9740537923062668,0.0037228809147556692
SVC,0.9296482412060302,0.9985705003248863,0.001613415178936978,0.9969570851459493,1.0,30,0.9740537923062668,0.0037228809147556692
SVC,0.9346733668341709,0.998635477582846,0.0015484927659060197,0.9970869848169399,1.0,30,0.9740537923062668,0.0037228809147556692
SVC,0.9396984924623115,0.9987004548408057,0.0015639289611808131,0.9971365258796249,1.0,30,0.9740537923062668,0.0037228809147556692
SVC,0.9447236180904522,0.9988304093567251,0.0015861134587621356,0.9972442958979629,1.0,30,0.9740537923062668,0.0037228809147556692
SVC,0.949748743718593,0.9988304093567251,0.0015861134587621356,0.9972442958979629,1.0,30,0.9740537923062668,0.0037228809147556692
SVC,0.9547738693467337,0.9989603638726445,0.0015128248582092873,0.9974475390144353,1.0,30,0.9740537923062668,0.0037228809147556692
SVC,0.9597989949748744,0.9989603638726445,0.0015128248582092873,0.9974475390144353,1.0,30,0.9740537923062668,0.0037228809147556692
SVC,0.964824120603015,0.9990253411306043,0.001425113601338598,0.9976002275292657,1.0,30,0.9740537923062668,0.0037228809147556692
SVC,0.9698492462311558,0.9990253411306043,0.001425113601338598,0.9976002275292657,1.0,30,0.9740537923062668,0.0037228809147556692
SVC,0.9748743718592965,0.999090318388564,0.0014235803963747096,0.9976667379921893,1.0,30,0.9740537923062668,0.0037228809147556692
SVC,0.9798994974874372,0.9992202729044835,0.0013151358044117163,0.9979051371000718,1.0,30,0.9740537923062668,0.0037228809147556692
SVC,0.9849246231155779,0.9993502274204028,0.001182219171273156,0.9981680082491297,1.0,30,0.9740537923062668,0.0037228809147556692
SVC,0.9899497487437187,0.9994152046783625,0.0011617220921412146,0.9982534825862214,1.0,30,0.9740537923062668,0.0037228809147556692
SVC,0.9949748743718593,0.9994152046783625,0.0011617220921412146,0.9982534825862214,1.0,30,0.9740537923062668,0.0037228809147556692
SVC,1.0,1.0,0.0,1.0,1.0,30,0.9740537923062668,0.0037228809147556692
DistilBERT,0.0,0.0,0.0,0.0,0.0,30,0.9737667053913868,0.003872493019399213
DistilBERT,0.005025125628140704,0.55142998945344,0.10906746589751357,0.4423625235559264,0.6604974553509536,30,0.9737667053913868,0.003872493019399213
DistilBERT,0.010050251256281407,0.6746980516618178,0.058564640985290344,0.6161334106765275,0.7332626926471082,30,0.9737667053913868,0.003872493019399213
DistilBERT,0.01507537688442211,0.7219277021886561,0.04295438167856624,0.6789733205100899,0.7648820838672223,30,0.9737667053913868,0.003872493019399213
DistilBERT,0.020100502512562814,0.7647131041823806,0.03567134127930662,0.729041762903074,0.8003844454616872,30,0.9737667053913868,0.003872493019399213
DistilBERT,0.02512562814070352,0.7924554546612206,0.033389893553297884,0.7590655611079227,0.8258453482145185,30,0.9737667053913868,0.003872493019399213
DistilBERT,0.03015075376884422,0.8217977476727364,0.025967041182700924,0.7958307064900355,0.8477647888554373,30,0.9737667053913868,0.003872493019399213
DistilBERT,0.035175879396984924,0.8421052631578944,0.024529267288741812,0.8175759958691525,0.8666345304466362,30,0.9737667053913868,0.003872493019399213
DistilBERT,0.04020100502512563,0.854816316801682,0.021999895458987603,0.8328164213426944,0.8768162122606696,30,0.9737667053913868,0.003872493019399213
DistilBERT,0.04522613065326633,0.8667966211825859,0.01858708351601552,0.8482095376665704,0.8853837046986015,30,0.9737667053913868,0.003872493019399213
DistilBERT,0.05025125628140704,0.877063027940221,0.018105716520522917,0.858957311419698,0.8951687444607439,30,0.9737667053913868,0.003872493019399213
DistilBERT,0.05527638190954774,0.8851851851851854,0.017809598180261323,0.8673755870049241,0.9029947833654467,30,0.9737667053913868,0.003872493019399213
DistilBERT,0.06030150753768844,0.8899285250162445,0.01743322373036342,0.8724953012858812,0.9073617487466079,30,0.9737667053913868,0.003872493019399213
DistilBERT,0.06532663316582915,0.897530864197531,0.016680003353823452,0.8808508608437076,0.9142108675513545,30,0.9737667053913868,0.003872493019399213
DistilBERT,0.07035175879396985,0.9055880441845356,0.015209015306356663,0.890379028878179,0.9207970594908923,30,0.9737667053913868,0.003872493019399213
DistilBERT,0.07537688442211056,0.9097465886939574,0.014890946837990169,0.8948556418559672,0.9246375355319476,30,0.9737667053913868,0.003872493019399213
DistilBERT,0.08040201005025126,0.9166341780376873,0.01603108921573958,0.9006030888219477,0.9326652672534269,30,0.9737667053913868,0.003872493019399213
DistilBERT,0.08542713567839195,0.9195581546458743,0.015619169010737772,0.9039389856351365,0.9351773236566121,30,0.9737667053913868,0.003872493019399213
DistilBERT,0.09045226130653267,0.9248213125406107,0.015131279702289844,0.9096900328383208,0.9399525922429006,30,0.9737667053913868,0.003872493019399213
DistilBERT,0.09547738693467336,0.9287199480181937,0.014137439576817344,0.9145825084413763,0.942857387595011,30,0.9737667053913868,0.003872493019399213
DistilBERT,0.10050251256281408,0.9329434697855751,0.012503749322561526,0.9204397204630136,0.9454472191081366,30,0.9737667053913868,0.003872493019399213
DistilBERT,0.10552763819095477,0.9368421052631578,0.011802965016794512,0.9250391402463632,0.9486450702799524,30,0.9737667053913868,0.003872493019399213
DistilBERT,0.11055276381909548,0.9390513320337879,0.011457466592417014,0.9275938654413709,0.9505087986262049,30,0.9737667053913868,0.003872493019399213
DistilBERT,0.11557788944723618,0.9434048083170887,0.010497189248768583,0.9329076190683201,0.9539019975658574,30,0.9737667053913868,0.003872493019399213
DistilBERT,0.12060301507537688,0.9460038986354774,0.01046802338913883,0.9355358752463385,0.9564719220246163,30,0.9737667053913868,0.003872493019399213
DistilBERT,0.12562814070351758,0.949252761533463,0.009932795891934203,0.9393199656415289,0.9591855574253972,30,0.9737667053913868,0.003872493019399213
DistilBERT,0.1306532663316583,0.9514619883040932,0.009663557059547488,0.9417984312445458,0.9611255453636407,30,0.9737667053913868,0.003872493019399213
DistilBERT,0.135678391959799,0.954165238146548,0.009114758356981372,0.9450504797895666,0.9632799965035294,30,0.9737667053913868,0.003872493019399213
DistilBERT,0.1407035175879397,0.9563352826510716,0.008801381551365114,0.9475339010997065,0.9651366642024367,30,0.9737667053913868,0.003872493019399213
DistilBERT,0.1457286432160804,0.9582196231319033,0.007974778135967166,0.9502448449959362,0.9661944012678705,30,0.9737667053913868,0.003872493019399213
DistilBERT,0.15075376884422112,0.9598440545808963,0.007214201290882655,0.9526298532900136,0.967058255871779,30,0.9737667053913868,0.003872493019399213
DistilBERT,0.15577889447236182,0.9604938271604934,0.006866800759752157,0.9536270264007412,0.9673606279202456,30,0.9737667053913868,0.003872493019399213
DistilBERT,0.16080402010050251,0.9623781676413252,0.006736121030721634,0.9556420466106036,0.9691142886720469,30,0.9737667053913868,0.003872493019399213
DistilBERT,0.1658291457286432,0.9641975308641971,0.0064037250692575145,0.9577938057949397,0.9706012559334546,30,0.9737667053913868,0.003872493019399213
DistilBERT,0.1708542713567839,0.9657569850552303,0.006489093771141418,0.959267891284089,0.9722460788263717,30,0.9737667053913868,0.003872493019399213
DistilBERT,0.17587939698492464,0.9670565302144246,0.006129110940557179,0.9609274192738675,0.9731856411549817,30,0.9737667053913868,0.003872493019399213
DistilBERT,0.18090452261306533,0.9682261208576993,0.0064985099569399235,0.9617276109007594,0.9747246308146392,30,0.9737667053913868,0.003872493019399213
DistilBERT,0.18592964824120603,0.9694606887589339,0.006234735184692903,0.963225953574241,0.9756954239436267,30,0.9737667053913868,0.003872493019399213
DistilBERT,0.19095477386934673,0.9702404158544504,0.006371931026564345,0.9638684848278861,0.9766123468810147,30,0.9737667053913868,0.003872493019399213
DistilBERT,0.19597989949748745,0.9710201429499671,0.0065503904147784075,0.9644697525351886,0.9775705333647455,30,0.9737667053913868,0.003872493019399213
DistilBERT,0.20100502512562815,0.972384665367121,0.006597230530056058,0.965787434837065,0.978981895897177,30,0.9737667053913868,0.003872493019399213
DistilBERT,0.20603015075376885,0.9729044834307987,0.006582649532557273,0.9663218338982414,0.979487132963356,30,0.9737667053913868,0.003872493019399213
DistilBERT,0.21105527638190955,0.9742690058479527,0.006257112054057593,0.9680118937938952,0.9805261179020103,30,0.9737667053913868,0.003872493019399213
DistilBERT,0.21608040201005024,0.9749837556855095,0.006187268584216474,0.9687964871012931,0.981171024269726,30,0.9737667053913868,0.003872493019399213
DistilBERT,0.22110552763819097,0.975841847313239,0.006416636591742128,0.9694252107214969,0.982258483904981,30,0.9737667053913868,0.003872493019399213
DistilBERT,0.22613065326633167,0.976478232618583,0.006673258095368195,0.9698049745232148,0.9831514907139512,30,0.9737667053913868,0.003872493019399213
DistilBERT,0.23115577889447236,0.9769980506822608,0.006701994121442632,0.9702960565608181,0.9837000448037034,30,0.9737667053913868,0.003872493019399213
DistilBERT,0.23618090452261306,0.9779727095516565,0.005995101492075125,0.9719776080595813,0.9839678110437317,30,0.9737667053913868,0.003872493019399213
DistilBERT,0.24120603015075376,0.9786874593892134,0.0054880951832443695,0.9731993642059691,0.9841755545724578,30,0.9737667053913868,0.003872493019399213
DistilBERT,0.24623115577889448,0.9793372319688106,0.0053347435425473615,0.9740024884262632,0.984671975511358,30,0.9737667053913868,0.003872493019399213
DistilBERT,0.25125628140703515,0.9797202386200002,0.005493052464136498,0.9742271861558638,0.9852132910841367,30,0.9737667053913868,0.003872493019399213
DistilBERT,0.2562814070351759,0.9799870045484077,0.005582778910815334,0.9744042256375923,0.9855697834592231,30,0.9737667053913868,0.003872493019399213
DistilBERT,0.2613065326633166,0.9807667316439244,0.005188649369434439,0.9755780822744899,0.9859553810133588,30,0.9737667053913868,0.003872493019399213
DistilBERT,0.2663316582914573,0.9810266406757632,0.005142993101970866,0.9758836475737923,0.986169633777734,30,0.9737667053913868,0.003872493019399213
DistilBERT,0.271356783919598,0.9815464587394409,0.004684333682834126,0.9768621250566067,0.9862307924222751,30,0.9737667053913868,0.003872493019399213
DistilBERT,0.2763819095477387,0.9820917452760878,0.004800685340036567,0.9772910599360513,0.9868924306161243,30,0.9737667053913868,0.003872493019399213
DistilBERT,0.2814070351758794,0.9824796497105408,0.004673308786964513,0.9778063409235763,0.9871529584975053,30,0.9737667053913868,0.003872493019399213
DistilBERT,0.2864321608040201,0.982777108414065,0.004639987426249828,0.9781371209878151,0.9874170958403148,30,0.9737667053913868,0.003872493019399213
DistilBERT,0.2914572864321608,0.9834307992202727,0.004396222312073914,0.9790345769081987,0.9878270215323466,30,0.9737667053913868,0.003872493019399213
DistilBERT,0.2964824120603015,0.9837618893688714,0.00438486883042521,0.9793770205384462,0.9881467581992966,30,0.9737667053913868,0.003872493019399213
DistilBERT,0.30150753768844224,0.9840155945419101,0.0045036964791752045,0.9795118980627349,0.9885192910210854,30,0.9737667053913868,0.003872493019399213
DistilBERT,0.3065326633165829,0.9843568067759196,0.0043744019021932125,0.9799824048737265,0.9887312086781128,30,0.9737667053913868,0.003872493019399213
DistilBERT,0.31155778894472363,0.9846989985665819,0.00445672143547404,0.9802422771311079,0.989155720002056,30,0.9737667053913868,0.003872493019399213
DistilBERT,0.3165829145728643,0.9850552306692656,0.004293181349851001,0.9807620493194146,0.9893484120191166,30,0.9737667053913868,0.003872493019399213
DistilBERT,0.32160804020100503,0.9853791374024115,0.004303817826698051,0.9810753195757134,0.9896829552291095,30,0.9737667053913868,0.003872493019399213
DistilBERT,0.32663316582914576,0.986094866796621,0.00457107760002388,0.9815237891965971,0.9906659443966448,30,0.9737667053913868,0.003872493019399213
DistilBERT,0.3316582914572864,0.9862897985705,0.0044769478697825925,0.9818128507007174,0.9907667464402826,30,0.9737667053913868,0.003872493019399213
DistilBERT,0.33668341708542715,0.986549707602339,0.004673598883220809,0.9818761087191181,0.9912233064855598,30,0.9737667053913868,0.003872493019399213
DistilBERT,0.3417085427135678,0.9868288812483468,0.00430303743497003,0.9825258438133767,0.9911319186833168,30,0.9737667053913868,0.003872493019399213
DistilBERT,0.34673366834170855,0.9872644574398958,0.004244068031032331,0.9830203894088635,0.991508525470928,30,0.9737667053913868,0.003872493019399213
DistilBERT,0.35175879396984927,0.9877842755035735,0.0039960057282212025,0.9837882697753523,0.9917802812317947,30,0.9737667053913868,0.003872493019399213
DistilBERT,0.35678391959798994,0.9883040935672512,0.003898635477582834,0.9844054580896684,0.9922027290448341,30,0.9737667053913868,0.003872493019399213
DistilBERT,0.36180904522613067,0.9884990253411304,0.0038767281240409063,0.9846222972170895,0.9923757534651714,30,0.9737667053913868,0.003872493019399213
DistilBERT,0.36683417085427134,0.988823911630929,0.0038285470150709743,0.984995364615858,0.9926524586459999,30,0.9737667053913868,0.003872493019399213
DistilBERT,0.37185929648241206,0.9889538661468484,0.0036318380978833382,0.9853220280489651,0.9925857042447318,30,0.9737667053913868,0.003872493019399213
DistilBERT,0.3768844221105528,0.9890188434048082,0.0036010413422459223,0.9854178020625622,0.9926198847470541,30,0.9737667053913868,0.003872493019399213
DistilBERT,0.38190954773869346,0.9893136899572584,0.003680681449880057,0.9856330085073783,0.9929943714071385,30,0.9737667053913868,0.003872493019399213
DistilBERT,0.3869346733668342,0.9897985705003247,0.003954805860802124,0.9858437646395226,0.9937533763611268,30,0.9737667053913868,0.003872493019399213
DistilBERT,0.3919597989949749,0.9901234567901233,0.003996005728221224,0.986127451061902,0.9941194625183445,30,0.9737667053913868,0.003872493019399213
DistilBERT,0.3969849246231156,0.9903183885640024,0.0038131150243083125,0.9865052735396941,0.9941315035883108,30,0.9737667053913868,0.003872493019399213
DistilBERT,0.4020100502512563,0.9905133203378816,0.0036101264832735036,0.9869031938546081,0.9941234468211552,30,0.9737667053913868,0.003872493019399213
DistilBERT,0.40703517587939697,0.9908382066276802,0.00366118313204265,0.9871770234956375,0.9944993897597229,30,0.9737667053913868,0.003872493019399213
DistilBERT,0.4120603015075377,0.991098115659519,0.0036444434741908917,0.9874536721853281,0.9947425591337099,30,0.9737667053913868,0.003872493019399213
DistilBERT,0.4170854271356784,0.9912930474333982,0.0036101264832734984,0.9876829209501247,0.9949031739166717,30,0.9737667053913868,0.003872493019399213
DistilBERT,0.4221105527638191,0.9916829109811565,0.003794168464885982,0.9878887425162705,0.9954770794460425,30,0.9737667053913868,0.003872493019399213
DistilBERT,0.4271356783919598,0.9918128654970759,0.003912055949208423,0.9879008095478675,0.9957249214462843,30,0.9737667053913868,0.003872493019399213
DistilBERT,0.4321608040201005,0.992007797270955,0.0038767281240409115,0.9881310691469141,0.995884525394996,30,0.9737667053913868,0.003872493019399213
DistilBERT,0.4371859296482412,0.9921377517868745,0.0038812320211439218,0.9882565197657306,0.9960189838080183,30,0.9737667053913868,0.003872493019399213
DistilBERT,0.44221105527638194,0.9923326835607537,0.003896394238261322,0.9884362893224924,0.9962290777990149,30,0.9737667053913868,0.003872493019399213
DistilBERT,0.4472361809045226,0.9927506277325548,0.0036622464743955997,0.9890883812581592,0.9964128742069505,30,0.9737667053913868,0.003872493019399213
DistilBERT,0.45226130653266333,0.9931124106562702,0.00353679196615882,0.9895756186901113,0.9966492026224291,30,0.9737667053913868,0.003872493019399213
DistilBERT,0.457286432160804,0.9933073424301494,0.003265178275352937,0.9900421641547965,0.9965725207055023,30,0.9737667053913868,0.003872493019399213
DistilBERT,0.4623115577889447,0.9933723196881091,0.0032618324621211487,0.9901104872259879,0.9966341521502303,30,0.9737667053913868,0.003872493019399213
DistilBERT,0.46733668341708545,0.9936972059779077,0.0034219323191043848,0.9902752736588033,0.997119138297012,30,0.9737667053913868,0.003872493019399213
DistilBERT,0.4723618090452261,0.9938271604938271,0.0034751261654613536,0.9903520343283658,0.9973022866592884,30,0.9737667053913868,0.003872493019399213
DistilBERT,0.47738693467336685,0.9940220922677062,0.003580972898514289,0.9904411193691919,0.9976030651662205,30,0.9737667053913868,0.003872493019399213
DistilBERT,0.4824120603015075,0.9940220922677062,0.003580972898514289,0.9904411193691919,0.9976030651662205,30,0.9737667053913868,0.003872493019399213
DistilBERT,0.48743718592964824,0.9943469785575049,0.0035225618349425682,0.9908244167225623,0.9978695403924475,30,0.9737667053913868,0.003872493019399213
DistilBERT,0.49246231155778897,0.9944210983442227,0.0034288755309679676,0.9909922228132547,0.9978499738751906,30,0.9737667053913868,0.003872493019399213
DistilBERT,0.49748743718592964,0.9948018193632228,0.00355895099093675,0.991242868372286,0.9983607703541595,30,0.9737667053913868,0.003872493019399213
DistilBERT,0.5025125628140703,0.9948530828280453,0.003560344651819591,0.9912927381762258,0.9984134274798648,30,0.9737667053913868,0.003872493019399213
DistilBERT,0.507537688442211,0.9948667966211825,0.003564469223024757,0.9913023273981577,0.9984312658442073,30,0.9737667053913868,0.003872493019399213
DistilBERT,0.5125628140703518,0.9950617283950616,0.0032671841186517987,0.9917945442764098,0.9983289125137134,30,0.9737667053913868,0.003872493019399213
DistilBERT,0.5175879396984925,0.9952566601689408,0.00334447379765248,0.9919121863712883,0.9986011339665932,30,0.9737667053913868,0.003872493019399213
DistilBERT,0.5226130653266332,0.9954378781496828,0.0033597231623493503,0.9920781549873334,0.9987976013120321,30,0.9737667053913868,0.003872493019399213
DistilBERT,0.5276381909547738,0.9955165692007796,0.0032838518327747085,0.9922327173680049,0.9988004210335543,30,0.9737667053913868,0.003872493019399213
DistilBERT,0.5326633165829145,0.9955165692007796,0.0032838518327747085,0.9922327173680049,0.9988004210335543,30,0.9737667053913868,0.003872493019399213
DistilBERT,0.5376884422110553,0.9959064327485379,0.0028662720342313526,0.9930401607143065,0.9987727047827692,30,0.9737667053913868,0.003872493019399213
DistilBERT,0.542713567839196,0.9959981845550037,0.0029426426213892683,0.9930555419336144,0.9989408271763929,30,0.9737667053913868,0.003872493019399213
DistilBERT,0.5477386934673367,0.996101364522417,0.0028958337337552,0.9932055307886618,0.9989971982561723,30,0.9737667053913868,0.003872493019399213
DistilBERT,0.5527638190954774,0.9962313190383365,0.0028928156675535055,0.993338503370783,0.99912413470589,30,0.9737667053913868,0.003872493019399213
DistilBERT,0.5577889447236181,0.9962962962962962,0.0029562867228271257,0.9933400095734691,0.9992525830191233,30,0.9737667053913868,0.003872493019399213
DistilBERT,0.5628140703517588,0.9964912280701753,0.002913876486096148,0.9935773515840791,0.9994051045562715,30,0.9737667053913868,0.003872493019399213
DistilBERT,0.5678391959798995,0.9967057509771077,0.0026697759109932453,0.9940359750661144,0.9993755268881009,30,0.9737667053913868,0.003872493019399213
DistilBERT,0.5728643216080402,0.996816114359974,0.002480724324678427,0.9943353900352956,0.9992968386846524,30,0.9737667053913868,0.003872493019399213
DistilBERT,0.577889447236181,0.996816114359974,0.002480724324678427,0.9943353900352956,0.9992968386846524,30,0.9737667053913868,0.003872493019399213
DistilBERT,0.5829145728643216,0.996816114359974,0.002480724324678427,0.9943353900352956,0.9992968386846524,30,0.9737667053913868,0.003872493019399213
DistilBERT,0.5879396984924623,0.9968810916179336,0.0024336204903030586,0.9944474711276305,0.9993147121082366,30,0.9737667053913868,0.003872493019399213
DistilBERT,0.592964824120603,0.9969584765934937,0.002434600761889527,0.9945238758316042,0.9993930773553832,30,0.9737667053913868,0.003872493019399213
DistilBERT,0.5979899497487438,0.997011046133853,0.0024407887546950974,0.9945702573791579,0.9994518348885482,30,0.9737667053913868,0.003872493019399213
DistilBERT,0.6030150753768845,0.997011046133853,0.0024407887546950974,0.9945702573791579,0.9994518348885482,30,0.9737667053913868,0.003872493019399213
DistilBERT,0.6080402010050251,0.9970760233918128,0.0023318879826176877,0.994744135409195,0.9994079113744305,30,0.9737667053913868,0.003872493019399213
DistilBERT,0.6130653266331658,0.9972059779077322,0.00232813896414394,0.9948778389435883,0.9995341168718762,30,0.9737667053913868,0.003872493019399213
DistilBERT,0.6180904522613065,0.9974043925497097,0.002050812514361545,0.9953535800353481,0.9994552050640713,30,0.9737667053913868,0.003872493019399213
DistilBERT,0.6231155778894473,0.9976172284424069,0.002035630079875489,0.9955815983625314,0.9996528585222824,30,0.9737667053913868,0.003872493019399213
DistilBERT,0.628140703517588,0.99772579597141,0.001921106153318866,0.9958046898180911,0.9996469021247288,30,0.9737667053913868,0.003872493019399213
DistilBERT,0.6331658291457286,0.997908646546573,0.0017687155579356234,0.9961399309886373,0.9996773621045086,30,0.9737667053913868,0.003872493019399213
DistilBERT,0.6381909547738693,0.9979857050032488,0.001734732917474128,0.9962509720857746,0.999720437920723,30,0.9737667053913868,0.003872493019399213
DistilBERT,0.6432160804020101,0.9981156595191683,0.0015764461556365102,0.9965392133635318,0.9996921056748047,30,0.9737667053913868,0.003872493019399213
DistilBERT,0.6482412060301508,0.998180636777128,0.0015300492256625825,0.9966505875514654,0.9997106860027906,30,0.9737667053913868,0.003872493019399213
DistilBERT,0.6532663316582915,0.9982456140350877,0.0014792509999065127,0.9967663630351812,0.9997248650349942,30,0.9737667053913868,0.003872493019399213
DistilBERT,0.6582914572864321,0.9983105912930473,0.0014235803963747124,0.9968870108966726,0.999734171689422,30,0.9737667053913868,0.003872493019399213
DistilBERT,0.6633165829145728,0.9983755685510071,0.001362440275977102,0.99701312827503,0.9997380088269842,30,0.9737667053913868,0.003872493019399213
DistilBERT,0.6683417085427136,0.9984405458089668,0.0013925618511881374,0.9970479839577786,0.999833107660155,30,0.9737667053913868,0.003872493019399213
DistilBERT,0.6733668341708543,0.9984405458089668,0.0013925618511881374,0.9970479839577786,0.999833107660155,30,0.9737667053913868,0.003872493019399213
DistilBERT,0.678391959798995,0.9984405458089668,0.0013925618511881374,0.9970479839577786,0.999833107660155,30,0.9737667053913868,0.003872493019399213
DistilBERT,0.6834170854271356,0.9984598104231357,0.0013909792083646995,0.997068831214771,0.9998507896315004,30,0.9737667053913868,0.003872493019399213
DistilBERT,0.6884422110552764,0.9985435625169381,0.0014216508784030723,0.997121911638535,0.9999652133953412,30,0.9737667053913868,0.003872493019399213
DistilBERT,0.6934673366834171,0.998635477582846,0.0013688367443622147,0.9972666408384838,1.0,30,0.9737667053913868,0.003872493019399213
DistilBERT,0.6984924623115578,0.9987654320987654,0.0011987288496264855,0.997566703249139,0.9999641609483919,30,0.9737667053913868,0.003872493019399213
DistilBERT,0.7035175879396985,0.9987654320987654,0.0011987288496264855,0.997566703249139,0.9999641609483919,30,0.9737667053913868,0.003872493019399213
DistilBERT,0.7085427135678392,0.9987654320987654,0.0011987288496264855,0.997566703249139,0.9999641609483919,30,0.9737667053913868,0.003872493019399213
DistilBERT,0.7135678391959799,0.9988304093567251,0.0012114141642609632,0.9976189951924641,1.0,30,0.9737667053913868,0.003872493019399213
DistilBERT,0.7185929648241206,0.9988953866146848,0.0012203943773475665,0.9976749922373372,1.0,30,0.9737667053913868,0.003872493019399213
DistilBERT,0.7236180904522613,0.9989603638726445,0.0012257509255942795,0.9977346129470502,1.0,30,0.9737667053913868,0.003872493019399213
DistilBERT,0.7286432160804021,0.9990119538563512,0.0012186934075975782,0.9977932604487536,1.0,30,0.9737667053913868,0.003872493019399213
DistilBERT,0.7336683417085427,0.9990253411306043,0.0012275312474121073,0.9977978098831921,1.0,30,0.9737667053913868,0.003872493019399213
DistilBERT,0.7386934673366834,0.999090318388564,0.0012257509255942786,0.9978645674629697,1.0,30,0.9737667053913868,0.003872493019399213
DistilBERT,0.7437185929648241,0.9991552956465237,0.001107837772233813,0.99804745787429,1.0,30,0.9737667053913868,0.003872493019399213
DistilBERT,0.7487437185929648,0.9992202729044835,0.0010979373254874393,0.998122335578996,1.0,30,0.9737667053913868,0.003872493019399213
DistilBERT,0.7537688442211056,0.9992202729044835,0.0010979373254874393,0.998122335578996,1.0,30,0.9737667053913868,0.003872493019399213
DistilBERT,0.7587939698492463,0.9992852501624431,0.0009554240114104778,0.9983298261510326,1.0,30,0.9737667053913868,0.003872493019399213
DistilBERT,0.7638190954773869,0.9992852501624431,0.0009554240114104778,0.9983298261510326,1.0,30,0.9737667053913868,0.003872493019399213
DistilBERT,0.7688442211055276,0.9993502274204028,0.0009346263186849861,0.9984156011017178,1.0,30,0.9737667053913868,0.003872493019399213
DistilBERT,0.7738693467336684,0.9994152046783625,0.0009085606231957355,0.9985066440551668,1.0,30,0.9737667053913868,0.003872493019399213
DistilBERT,0.7788944723618091,0.9994152046783625,0.0009085606231957355,0.9985066440551668,1.0,30,0.9737667053913868,0.003872493019399213
DistilBERT,0.7839195979899498,0.9994152046783625,0.0009085606231957355,0.9985066440551668,1.0,30,0.9737667053913868,0.003872493019399213
DistilBERT,0.7889447236180904,0.9994152046783625,0.0009085606231957355,0.9985066440551668,1.0,30,0.9737667053913868,0.003872493019399213
DistilBERT,0.7939698492462312,0.9994251635043312,0.0008946186308341289,0.998530544873497,1.0,30,0.9737667053913868,0.003872493019399213
DistilBERT,0.7989949748743719,0.9994801819363223,0.0008767572029411626,0.9986034247333812,1.0,30,0.9737667053913868,0.003872493019399213
DistilBERT,0.8040201005025126,0.9994801819363223,0.0008767572029411626,0.9986034247333812,1.0,30,0.9737667053913868,0.003872493019399213
DistilBERT,0.8090452261306533,0.9994801819363223,0.0008767572029411626,0.9986034247333812,1.0,30,0.9737667053913868,0.003872493019399213
DistilBERT,0.8140703517587939,0.9994801819363223,0.0008767572029411626,0.9986034247333812,1.0,30,0.9737667053913868,0.003872493019399213
DistilBERT,0.8190954773869347,0.999545159194282,0.0008385634837272682,0.9987065957105548,1.0,30,0.9737667053913868,0.003872493019399213
DistilBERT,0.8241206030150754,0.999545159194282,0.0008385634837272682,0.9987065957105548,1.0,30,0.9737667053913868,0.003872493019399213
DistilBERT,0.8291457286432161,0.999545159194282,0.0008385634837272682,0.9987065957105548,1.0,30,0.9737667053913868,0.003872493019399213
DistilBERT,0.8341708542713568,0.999545159194282,0.0008385634837272682,0.9987065957105548,1.0,30,0.9737667053913868,0.003872493019399213
DistilBERT,0.8391959798994975,0.999545159194282,0.0008385634837272682,0.9987065957105548,1.0,30,0.9737667053913868,0.003872493019399213
DistilBERT,0.8442211055276382,0.9996101364522417,0.0007930567293810872,0.9988170797228606,1.0,30,0.9737667053913868,0.003872493019399213
DistilBERT,0.8492462311557789,0.9996751137102015,0.0007388869820457358,0.9989362267281557,1.0,30,0.9737667053913868,0.003872493019399213
DistilBERT,0.8542713567839196,0.9997400909681612,0.0006739686230833727,0.9990661223450779,1.0,30,0.9737667053913868,0.003872493019399213
DistilBERT,0.8592964824120604,0.9997400909681612,0.0006739686230833727,0.9990661223450779,1.0,30,0.9737667053913868,0.003872493019399213
DistilBERT,0.864321608040201,0.9997400909681612,0.0006739686230833727,0.9990661223450779,1.0,30,0.9737667053913868,0.003872493019399213
DistilBERT,0.8693467336683417,0.9997400909681612,0.0006739686230833727,0.9990661223450779,1.0,30,0.9737667053913868,0.003872493019399213
DistilBERT,0.8743718592964824,0.9998050682261208,0.0005947925470358154,0.999210275679085,1.0,30,0.9737667053913868,0.003872493019399213
DistilBERT,0.8793969849246231,0.9998700454840805,0.0004945577616032548,0.9993754877224773,1.0,30,0.9737667053913868,0.003872493019399213
DistilBERT,0.8844221105527639,0.9998700454840805,0.0004945577616032548,0.9993754877224773,1.0,30,0.9737667053913868,0.003872493019399213
DistilBERT,0.8894472361809045,0.9998700454840805,0.0004945577616032548,0.9993754877224773,1.0,30,0.9737667053913868,0.003872493019399213
DistilBERT,0.8944723618090452,0.9998700454840805,0.0004945577616032548,0.9993754877224773,1.0,30,0.9737667053913868,0.003872493019399213
DistilBERT,0.8994974874371859,0.9998700454840805,0.0004945577616032548,0.9993754877224773,1.0,30,0.9737667053913868,0.003872493019399213
DistilBERT,0.9045226130653267,0.9998700454840805,0.0004945577616032548,0.9993754877224773,1.0,30,0.9737667053913868,0.003872493019399213
DistilBERT,0.9095477386934674,0.9998700454840805,0.0004945577616032548,0.9993754877224773,1.0,30,0.9737667053913868,0.003872493019399213
DistilBERT,0.914572864321608,0.9998700454840805,0.0004945577616032548,0.9993754877224773,1.0,30,0.9737667053913868,0.003872493019399213
DistilBERT,0.9195979899497487,0.9999190233167136,0.00036357925661556815,0.999555444060098,1.0,30,0.9737667053913868,0.003872493019399213
DistilBERT,0.9246231155778895,0.9999350227420403,0.00035589509909368514,0.9995791276429465,1.0,30,0.9737667053913868,0.003872493019399213
DistilBERT,0.9296482412060302,0.9999350227420403,0.00035589509909368514,0.9995791276429465,1.0,30,0.9737667053913868,0.003872493019399213
DistilBERT,0.9346733668341709,0.9999350227420403,0.00035589509909368514,0.9995791276429465,1.0,30,0.9737667053913868,0.003872493019399213
DistilBERT,0.9396984924623115,1.0,0.0,1.0,1.0,30,0.9737667053913868,0.003872493019399213
DistilBERT,0.9447236180904522,1.0,0.0,1.0,1.0,30,0.9737667053913868,0.003872493019399213
DistilBERT,0.949748743718593,1.0,0.0,1.0,1.0,30,0.9737667053913868,0.003872493019399213
DistilBERT,0.9547738693467337,1.0,0.0,1.0,1.0,30,0.9737667053913868,0.003872493019399213
DistilBERT,0.9597989949748744,1.0,0.0,1.0,1.0,30,0.9737667053913868,0.003872493019399213
DistilBERT,0.964824120603015,1.0,0.0,1.0,1.0,30,0.9737667053913868,0.003872493019399213
DistilBERT,0.9698492462311558,1.0,0.0,1.0,1.0,30,0.9737667053913868,0.003872493019399213
DistilBERT,0.9748743718592965,1.0,0.0,1.0,1.0,30,0.9737667053913868,0.003872493019399213
DistilBERT,0.9798994974874372,1.0,0.0,1.0,1.0,30,0.9737667053913868,0.003872493019399213
DistilBERT,0.9849246231155779,1.0,0.0,1.0,1.0,30,0.9737667053913868,0.003872493019399213
DistilBERT,0.9899497487437187,1.0,0.0,1.0,1.0,30,0.9737667053913868,0.003872493019399213
DistilBERT,0.9949748743718593,1.0,0.0,1.0,1.0,30,0.9737667053913868,0.003872493019399213
DistilBERT,1.0,1.0,0.0,1.0,1.0,30,0.9737667053913868,0.003872493019399213
RoBERTa,0.0,0.0,0.0,0.0,0.0,30,0.9901768023579509,0.002851858820023542
RoBERTa,0.005025125628140704,0.7921948925916131,0.05021428437741458,0.7419806082141985,0.8424091769690277,30,0.9901768023579509,0.002851858820023542
RoBERTa,0.010050251256281407,0.8458190889470092,0.042224430358566614,0.8035946585884426,0.8880435193055758,30,0.9901768023579509,0.002851858820023542
RoBERTa,0.01507537688442211,0.8668909851401256,0.03965203292298049,0.8272389522171452,0.9065430180631061,30,0.9901768023579509,0.002851858820023542
RoBERTa,0.020100502512562814,0.8937621832358676,0.03189425150760193,0.8618679317282657,0.9256564347434696,30,0.9901768023579509,0.002851858820023542
RoBERTa,0.02512562814070352,0.9071474983755687,0.02619530990450372,0.880952188471065,0.9333428082800724,30,0.9901768023579509,0.002851858820023542
RoBERTa,0.03015075376884422,0.9237816764132555,0.021319008664553867,0.9024626677487017,0.9451006850778093,30,0.9901768023579509,0.002851858820023542
RoBERTa,0.035175879396984924,0.9360623781676414,0.020000129718243127,0.9160622484493982,0.9560625078858845,30,0.9901768023579509,0.002851858820023542
RoBERTa,0.04020100502512563,0.9436647173489277,0.01860833724391125,0.9250563801050165,0.9622730545928389,30,0.9901768023579509,0.002851858820023542
RoBERTa,0.04522613065326633,0.9528914879792072,0.014828635198764012,0.9380628527804432,0.9677201231779712,30,0.9901768023579509,0.002851858820023542
RoBERTa,0.05025125628140704,0.9568551007147494,0.012887002394762061,0.9439680983199874,0.9697421031095115,30,0.9901768023579509,0.002851858820023542
RoBERTa,0.05527638190954774,0.9626380766731639,0.011181388985371504,0.9514566876877925,0.9738194656585354,30,0.9901768023579509,0.002851858820023542
RoBERTa,0.06030150753768844,0.9656270305393108,0.010384240991252099,0.9552427895480586,0.9760112715305629,30,0.9901768023579509,0.002851858820023542
RoBERTa,0.06532663316582915,0.9706302794022087,0.009099056433594616,0.961531222968614,0.9797293358358033,30,0.9901768023579509,0.002851858820023542
RoBERTa,0.07035175879396985,0.9729753380286745,0.008694268264318015,0.9642810697643566,0.9816696062929925,30,0.9901768023579509,0.002851858820023542
RoBERTa,0.07537688442211056,0.974463937621832,0.007786340392567782,0.9666775972292643,0.9822502780143998,30,0.9901768023579509,0.002851858820023542
RoBERTa,0.08040201005025126,0.9777777777777774,0.007304449999742679,0.9704733277780347,0.9850822277775201,30,0.9901768023579509,0.002851858820023542
RoBERTa,0.08542713567839195,0.97946718648473,0.006449598828815072,0.973017587655915,0.985916785313545,30,0.9901768023579509,0.002851858820023542
RoBERTa,0.09045226130653267,0.9816114359974006,0.0058744070915397574,0.9757370289058609,0.9874858430889404,30,0.9901768023579509,0.002851858820023542
RoBERTa,0.09547738693467336,0.9824548342753399,0.0053680430249644934,0.9770867912503753,0.9878228773003044,30,0.9901768023579509,0.002851858820023542
RoBERTa,0.10050251256281408,0.9837556855100711,0.005102066776928959,0.9786536187331422,0.988857752287,30,0.9901768023579509,0.002851858820023542
RoBERTa,0.10552763819095477,0.9857699805068223,0.005173897483204138,0.9805960830236181,0.9909438779900265,30,0.9901768023579509,0.002851858820023542
RoBERTa,0.11055276381909548,0.9859649122807015,0.005000032429560778,0.9809648798511407,0.9909649447102623,30,0.9901768023579509,0.002851858820023542
RoBERTa,0.11557788944723618,0.9869395711500972,0.004993476726689649,0.9819460944234076,0.9919330478767868,30,0.9901768023579509,0.002851858820023542
RoBERTa,0.12060301507537688,0.9871345029239763,0.005005270809655985,0.9821292321143203,0.9921397737336323,30,0.9901768023579509,0.002851858820023542
RoBERTa,0.12562814070351758,0.987914230019493,0.004920787597187961,0.982993442422305,0.9928350176166809,30,0.9901768023579509,0.002851858820023542
RoBERTa,0.1306532663316583,0.988630612451471,0.004908892572801323,0.9837217198786696,0.9935395050242724,30,0.9901768023579509,0.002851858820023542
RoBERTa,0.135678391959799,0.9889538661468484,0.004530769179300255,0.9844230969675482,0.9934846353261487,30,0.9901768023579509,0.002851858820023542
RoBERTa,0.1407035175879397,0.9894087069525664,0.0044239527570644945,0.9849847541955019,0.993832659709631,30,0.9901768023579509,0.002851858820023542
RoBERTa,0.1457286432160804,0.9896036387264455,0.004353793968030145,0.9852498447584154,0.9939574326944757,30,0.9901768023579509,0.002851858820023542
RoBERTa,0.15075376884422112,0.990188434048083,0.004297756948538336,0.9858906770995447,0.9944861909966213,30,0.9901768023579509,0.002851858820023542
RoBERTa,0.15577889447236182,0.9904483430799219,0.004324098939797739,0.9861242441401241,0.9947724420197197,30,0.9901768023579509,0.002851858820023542
RoBERTa,0.16080402010050251,0.9907732293697205,0.004280955844205706,0.9864922735255147,0.9950541852139262,30,0.9901768023579509,0.002851858820023542
RoBERTa,0.1658291457286432,0.991098115659519,0.004180298403625019,0.986917817255894,0.995278414063144,30,0.9901768023579509,0.002851858820023542
RoBERTa,0.1708542713567839,0.9914651228853819,0.004223303254819713,0.9872418196305622,0.9956884261402016,30,0.9901768023579509,0.002851858820023542
RoBERTa,0.17587939698492464,0.9919428200129954,0.004395725535722023,0.9875470944772734,0.9963385455487174,30,0.9901768023579509,0.002851858820023542
RoBERTa,0.18090452261306533,0.9921250175503898,0.004340957180474258,0.9877840603699156,0.9964659747308641,30,0.9901768023579509,0.002851858820023542
RoBERTa,0.18592964824120603,0.9922804405392786,0.00430409406939643,0.9879763464698821,0.996584534608675,30,0.9901768023579509,0.002851858820023542
RoBERTa,0.19095477386934673,0.9924626380766731,0.004150414404852851,0.9883122236718203,0.996613052481526,30,0.9901768023579509,0.002851858820023542
RoBERTa,0.19597989949748745,0.9925276153346327,0.004192817418636231,0.9883347979159965,0.9967204327532689,30,0.9901768023579509,0.002851858820023542
RoBERTa,0.20100502512562815,0.9926575698505522,0.004052982003001698,0.9886045878475505,0.996710551853554,30,0.9901768023579509,0.002851858820023542
RoBERTa,0.20603015075376885,0.9927225471085119,0.004125081018194817,0.9885974660903171,0.9968476281267068,30,0.9901768023579509,0.002851858820023542
RoBERTa,0.21105527638190955,0.9929174788823911,0.004297756948538338,0.9886197219338528,0.9972152358309294,30,0.9901768023579509,0.002851858820023542
RoBERTa,0.21608040201005024,0.9929174788823911,0.004297756948538338,0.9886197219338528,0.9972152358309294,30,0.9901768023579509,0.002851858820023542
RoBERTa,0.22110552763819097,0.9929958434146039,0.0043422470702638785,0.98865359634434,0.9973380904848678,30,0.9901768023579509,0.002851858820023542
RoBERTa,0.22613065326633167,0.9931124106562702,0.004454943186926836,0.9886574674693434,0.9975673538431971,30,0.9901768023579509,0.002851858820023542
RoBERTa,0.23115577889447236,0.9933073424301494,0.004540879829221744,0.9887664626009277,0.9978482222593711,30,0.9901768023579509,0.002851858820023542
RoBERTa,0.23618090452261306,0.9935672514619882,0.0045254641095185235,0.9890417873524697,0.9980927155715067,30,0.9901768023579509,0.002851858820023542
RoBERTa,0.24120603015075376,0.9937621832358674,0.0045326967561495545,0.9892294864797179,0.9982948799920169,30,0.9901768023579509,0.002851858820023542
RoBERTa,0.24623115577889448,0.9938921377517869,0.004454943186926831,0.98943719456486,0.9983470809387137,30,0.9901768023579509,0.002851858820023542
RoBERTa,0.25125628140703515,0.9940220922677062,0.004605346883074981,0.9894167453846312,0.9986274391507812,30,0.9901768023579509,0.002851858820023542
RoBERTa,0.2562814070351759,0.9943469785575049,0.004645478297718048,0.9897015002597869,0.9989924568552229,30,0.9901768023579509,0.002851858820023542
RoBERTa,0.2613065326633166,0.9943486111519259,0.0046461246763371145,0.9897024864755888,0.9989947358282629,30,0.9901768023579509,0.002851858820023542
RoBERTa,0.2663316582914573,0.9945298291326677,0.004532220998177633,0.9899976081344901,0.9990620501308454,30,0.9901768023579509,0.002851858820023542
RoBERTa,0.271356783919598,0.9945419103313838,0.004503696479175201,0.9900382138522086,0.9990456068105591,30,0.9901768023579509,0.002851858820023542
RoBERTa,0.2763819095477387,0.994736842105263,0.004318034281918706,0.9904188078233443,0.9990548763871817,30,0.9901768023579509,0.002851858820023542
RoBERTa,0.2814070351758794,0.9948018193632228,0.004231700637965935,0.9905701187252568,0.9990335200011887,30,0.9901768023579509,0.002851858820023542
RoBERTa,0.2864321608040201,0.9948018193632228,0.004231700637965935,0.9905701187252568,0.9990335200011887,30,0.9901768023579509,0.002851858820023542
RoBERTa,0.2914572864321608,0.9948667966211825,0.004142514363927012,0.9907242822572555,0.9990093109851095,30,0.9901768023579509,0.002851858820023542
RoBERTa,0.2964824120603015,0.9951267056530213,0.0041509405396594045,0.9909757651133619,0.9992776461926807,30,0.9901768023579509,0.002851858820023542
RoBERTa,0.30150753768844224,0.9951267056530213,0.0041509405396594045,0.9909757651133619,0.9992776461926807,30,0.9901768023579509,0.002851858820023542
RoBERTa,0.3065326633165829,0.9951267056530213,0.0041509405396594045,0.9909757651133619,0.9992776461926807,30,0.9901768023579509,0.002851858820023542
RoBERTa,0.31155778894472363,0.9951267056530213,0.0041509405396594045,0.9909757651133619,0.9992776461926807,30,0.9901768023579509,0.002851858820023542
RoBERTa,0.3165829145728643,0.995191682910981,0.004213081478604133,0.9909786014323769,0.9994047643895851,30,0.9901768023579509,0.002851858820023542
RoBERTa,0.32160804020100503,0.995191682910981,0.004213081478604133,0.9909786014323769,0.9994047643895851,30,0.9901768023579509,0.002851858820023542
RoBERTa,0.32663316582914576,0.9952566601689408,0.004242524078505281,0.9910141360904355,0.999499184247446,30,0.9901768023579509,0.002851858820023542
RoBERTa,0.3316582914572864,0.9953866146848601,0.004205299165182995,0.9911813155196771,0.9995919138500431,30,0.9901768023579509,0.002851858820023542
RoBERTa,0.33668341708542715,0.9954515919428198,0.004169313429812417,0.9912822785130074,0.9996209053726323,30,0.9901768023579509,0.002851858820023542
RoBERTa,0.3417085427135678,0.9955165692007796,0.004068040905206909,0.9914485282955726,0.9995846101059865,30,0.9901768023579509,0.002851858820023542
RoBERTa,0.34673366834170855,0.9956099536016665,0.0038591377818016806,0.9917508158198648,0.9994690913834682,30,0.9901768023579509,0.002851858820023542
RoBERTa,0.35175879396984927,0.9957115009746588,0.003810250389372911,0.9919012505852859,0.9995217513640317,30,0.9901768023579509,0.002851858820023542
RoBERTa,0.35678391959798994,0.9957124805313115,0.003809839408464164,0.9919026411228473,0.9995223199397756,30,0.9901768023579509,0.002851858820023542
RoBERTa,0.36180904522613067,0.9959064327485379,0.0035595645502880867,0.9923468681982498,0.9994659972988259,30,0.9901768023579509,0.002851858820023542
RoBERTa,0.36683417085427134,0.9959714100064976,0.0035441937014249517,0.9924272163050726,0.9995156037079226,30,0.9901768023579509,0.002851858820023542
RoBERTa,0.37185929648241206,0.996021040876899,0.003528226917461805,0.9924928139594372,0.9995492677943608,30,0.9901768023579509,0.002851858820023542
RoBERTa,0.3768844221105528,0.9960585905485843,0.003491778221478232,0.992566812327106,0.9995503687700625,30,0.9901768023579509,0.002851858820023542
RoBERTa,0.38190954773869346,0.9961343429297232,0.003399885958731918,0.9927344569709914,0.9995342288884551,30,0.9901768023579509,0.002851858820023542
RoBERTa,0.3869346733668342,0.9962962962962962,0.003331388951717606,0.9929649073445787,0.9996276852480138,30,0.9901768023579509,0.002851858820023542
RoBERTa,0.3919597989949749,0.9963612735542559,0.003346432111744935,0.993014841442511,0.9997077056660008,30,0.9901768023579509,0.002851858820023542
RoBERTa,0.3969849246231156,0.9963612735542559,0.003346432111744935,0.993014841442511,0.9997077056660008,30,0.9901768023579509,0.002851858820023542
RoBERTa,0.4020100502512563,0.9963612735542559,0.003346432111744935,0.993014841442511,0.9997077056660008,30,0.9901768023579509,0.002851858820023542
RoBERTa,0.40703517587939697,0.9963612735542559,0.003346432111744935,0.993014841442511,0.9997077056660008,30,0.9901768023579509,0.002851858820023542
RoBERTa,0.4120603015075377,0.9963612735542559,0.003346432111744935,0.993014841442511,0.9997077056660008,30,0.9901768023579509,0.002851858820023542
RoBERTa,0.4170854271356784,0.9964251079961208,0.003162164164686578,0.9932629438314342,0.9995872721608074,30,0.9901768023579509,0.002851858820023542
RoBERTa,0.4221105527638191,0.9964262508122156,0.003159119911064707,0.9932671309011509,0.9995853707232802,30,0.9901768023579509,0.002851858820023542
RoBERTa,0.4271356783919598,0.9964583585024972,0.0031642148729473553,0.9932941436295498,0.9996225733754446,30,0.9901768023579509,0.002851858820023542
RoBERTa,0.4321608040201005,0.9966211825860948,0.00315289231127301,0.9934682902748218,0.9997740748973678,30,0.9901768023579509,0.002851858820023542
RoBERTa,0.4371859296482412,0.9966301618554108,0.0031517442265387215,0.993478417628872,0.9997819060819495,30,0.9901768023579509,0.002851858820023542
RoBERTa,0.44221105527638194,0.9966861598440545,0.0031618837960299974,0.9935242760480245,0.9998480436400845,30,0.9901768023579509,0.002851858820023542
RoBERTa,0.4472361809045226,0.9966861598440545,0.0031618837960299974,0.9935242760480245,0.9998480436400845,30,0.9901768023579509,0.002851858820023542
RoBERTa,0.45226130653266333,0.9966861598440545,0.0031618837960299974,0.9935242760480245,0.9998480436400845,30,0.9901768023579509,0.002851858820023542
RoBERTa,0.457286432160804,0.996816114359974,0.0029176213488239853,0.99389849301115,0.999733735708798,30,0.9901768023579509,0.002851858820023542
RoBERTa,0.4623115577889447,0.996816114359974,0.0029176213488239853,0.99389849301115,0.999733735708798,30,0.9901768023579509,0.002851858820023542
RoBERTa,0.46733668341708545,0.9968538817109154,0.0028359302158749962,0.9940179514950404,0.9996898119267904,30,0.9901768023579509,0.002851858820023542
RoBERTa,0.4723618090452261,0.9969019888265237,0.0027965304924520967,0.9941054583340716,0.9996985193189758,30,0.9901768023579509,0.002851858820023542
RoBERTa,0.47738693467336685,0.9969460688758933,0.002835632222821047,0.9941104366530723,0.9997817010987143,30,0.9901768023579509,0.002851858820023542
RoBERTa,0.4824120603015075,0.9969460688758933,0.002835632222821047,0.9941104366530723,0.9997817010987143,30,0.9901768023579509,0.002851858820023542
RoBERTa,0.48743718592964824,0.9969803533587365,0.0028067567321789265,0.9941735966265576,0.9997871100909154,30,0.9901768023579509,0.002851858820023542
RoBERTa,0.49246231155778897,0.9970760233918128,0.0027921716858995286,0.9942838517059133,0.9998681950777123,30,0.9901768023579509,0.002851858820023542
RoBERTa,0.49748743718592964,0.9970760233918128,0.0027921716858995286,0.9942838517059133,0.9998681950777123,30,0.9901768023579509,0.002851858820023542
RoBERTa,0.5025125628140703,0.9972084267993638,0.002777068721538607,0.9944313580778252,0.9999854955209024,30,0.9901768023579509,0.002851858820023542
RoBERTa,0.507537688442211,0.997282873104966,0.002733180877784609,0.9945496922271814,1.0,30,0.9901768023579509,0.002851858820023542
RoBERTa,0.5125628140703518,0.9973359324236516,0.0027320839497385766,0.994603848473913,1.0,30,0.9901768023579509,0.002851858820023542
RoBERTa,0.5175879396984925,0.9973530746650732,0.002725765713969492,0.9946273089511036,1.0,30,0.9901768023579509,0.002851858820023542
RoBERTa,0.5226130653266332,0.9974658869395711,0.0027638719180770417,0.994702015021494,1.0,30,0.9901768023579509,0.002851858820023542
RoBERTa,0.5276381909547738,0.9974658869395711,0.0027638719180770417,0.994702015021494,1.0,30,0.9901768023579509,0.002851858820023542
RoBERTa,0.5326633165829145,0.9974700500553448,0.0027618390296938063,0.994708211025651,1.0,30,0.9901768023579509,0.002851858820023542
RoBERTa,0.5376884422110553,0.9975119261022461,0.002751835870889608,0.9947600902313566,1.0,30,0.9901768023579509,0.002851858820023542
RoBERTa,0.542713567839196,0.9975958414554905,0.002644348402992072,0.9949514930524984,1.0,30,0.9901768023579509,0.002851858820023542
RoBERTa,0.5477386934673367,0.99772579597141,0.0024056417243031613,0.9953201542471068,1.0,30,0.9901768023579509,0.002851858820023542
RoBERTa,0.5527638190954774,0.99772579597141,0.0024056417243031613,0.9953201542471068,1.0,30,0.9901768023579509,0.002851858820023542
RoBERTa,0.5577889447236181,0.9977907732293697,0.002330951293291849,0.9954598219360778,1.0,30,0.9901768023579509,0.002851858820023542
RoBERTa,0.5628140703517588,0.9977907732293697,0.002330951293291849,0.9954598219360778,1.0,30,0.9901768023579509,0.002851858820023542
RoBERTa,0.5678391959798995,0.9979207277452891,0.002043393251350735,0.9958773344939383,0.9999641209966398,30,0.9901768023579509,0.002851858820023542
RoBERTa,0.5728643216080402,0.9979207277452891,0.002043393251350735,0.9958773344939383,0.9999641209966398,30,0.9901768023579509,0.002851858820023542
RoBERTa,0.577889447236181,0.9979207277452891,0.002043393251350735,0.9958773344939383,0.9999641209966398,30,0.9901768023579509,0.002851858820023542
RoBERTa,0.5829145728643216,0.9980506822612085,0.001982641823452669,0.9960680404377559,1.0,30,0.9901768023579509,0.002851858820023542
RoBERTa,0.5879396984924623,0.9980506822612085,0.001982641823452669,0.9960680404377559,1.0,30,0.9901768023579509,0.002851858820023542
RoBERTa,0.592964824120603,0.9980506822612085,0.001982641823452669,0.9960680404377559,1.0,30,0.9901768023579509,0.002851858820023542
RoBERTa,0.5979899497487438,0.9981656169084538,0.0018977803544503703,0.9962678365540035,1.0,30,0.9901768023579509,0.002851858820023542
RoBERTa,0.6030150753768845,0.9982456140350877,0.0019392088491871865,0.9963064051859005,1.0,30,0.9901768023579509,0.002851858820023542
RoBERTa,0.6080402010050251,0.9982661847247934,0.0019403425608451074,0.9963258421639484,1.0,30,0.9901768023579509,0.002851858820023542
RoBERTa,0.6130653266331658,0.9983594058662383,0.0019259672981093243,0.9964334385681289,1.0,30,0.9901768023579509,0.002851858820023542
RoBERTa,0.6180904522613065,0.9984405458089668,0.0018026419618860554,0.9966379038470807,1.0,30,0.9901768023579509,0.002851858820023542
RoBERTa,0.6231155778894473,0.9984405458089668,0.0018026419618860554,0.9966379038470807,1.0,30,0.9901768023579509,0.002851858820023542
RoBERTa,0.628140703517588,0.9984405458089668,0.0018026419618860554,0.9966379038470807,1.0,30,0.9901768023579509,0.002851858820023542
RoBERTa,0.6331658291457286,0.9984405458089668,0.0018026419618860554,0.9966379038470807,1.0,30,0.9901768023579509,0.002851858820023542
RoBERTa,0.6381909547738693,0.998550745932391,0.0017776886677059957,0.996773057264685,1.0,30,0.9901768023579509,0.002851858820023542
RoBERTa,0.6432160804020101,0.9985705003248863,0.0017683959830794144,0.9968021043418068,1.0,30,0.9901768023579509,0.002851858820023542
RoBERTa,0.6482412060301508,0.9985705003248863,0.0017683959830794144,0.9968021043418068,1.0,30,0.9901768023579509,0.002851858820023542
RoBERTa,0.6532663316582915,0.9985705003248863,0.0017683959830794144,0.9968021043418068,1.0,30,0.9901768023579509,0.002851858820023542
RoBERTa,0.6582914572864321,0.9985705003248863,0.0017683959830794144,0.9968021043418068,1.0,30,0.9901768023579509,0.002851858820023542
RoBERTa,0.6633165829145728,0.9985705003248863,0.0017683959830794144,0.9968021043418068,1.0,30,0.9901768023579509,0.002851858820023542
RoBERTa,0.6683417085427136,0.9985705003248863,0.0017683959830794144,0.9968021043418068,1.0,30,0.9901768023579509,0.002851858820023542
RoBERTa,0.6733668341708543,0.9985705003248863,0.0017683959830794144,0.9968021043418068,1.0,30,0.9901768023579509,0.002851858820023542
RoBERTa,0.678391959798995,0.9985705003248863,0.0017683959830794144,0.9968021043418068,1.0,30,0.9901768023579509,0.002851858820023542
RoBERTa,0.6834170854271356,0.9985705003248863,0.0017683959830794144,0.9968021043418068,1.0,30,0.9901768023579509,0.002851858820023542
RoBERTa,0.6884422110552764,0.998635477582846,0.0017843776411074026,0.9968510999417386,1.0,30,0.9901768023579509,0.002851858820023542
RoBERTa,0.6934673366834171,0.998635477582846,0.0017843776411074026,0.9968510999417386,1.0,30,0.9901768023579509,0.002851858820023542
RoBERTa,0.6984924623115578,0.998635477582846,0.0017843776411074026,0.9968510999417386,1.0,30,0.9901768023579509,0.002851858820023542
RoBERTa,0.7035175879396985,0.998635477582846,0.0017843776411074026,0.9968510999417386,1.0,30,0.9901768023579509,0.002851858820023542
RoBERTa,0.7085427135678392,0.9987654320987654,0.001734732917474129,0.9970306991812913,1.0,30,0.9901768023579509,0.002851858820023542
RoBERTa,0.7135678391959799,0.9987654320987654,0.001734732917474129,0.9970306991812913,1.0,30,0.9901768023579509,0.002851858820023542
RoBERTa,0.7185929648241206,0.9987654320987654,0.001734732917474129,0.9970306991812913,1.0,30,0.9901768023579509,0.002851858820023542
RoBERTa,0.7236180904522613,0.9987654320987654,0.001734732917474129,0.9970306991812913,1.0,30,0.9901768023579509,0.002851858820023542
RoBERTa,0.7286432160804021,0.9987654320987654,0.001734732917474129,0.9970306991812913,1.0,30,0.9901768023579509,0.002851858820023542
RoBERTa,0.7336683417085427,0.9987654320987654,0.001734732917474129,0.9970306991812913,1.0,30,0.9901768023579509,0.002851858820023542
RoBERTa,0.7386934673366834,0.9987654320987654,0.001734732917474129,0.9970306991812913,1.0,30,0.9901768023579509,0.002851858820023542
RoBERTa,0.7437185929648241,0.9987654320987654,0.001734732917474129,0.9970306991812913,1.0,30,0.9901768023579509,0.002851858820023542
RoBERTa,0.7487437185929648,0.9988372662532937,0.0017407528507935644,0.9970965134025002,1.0,30,0.9901768023579509,0.002851858820023542
RoBERTa,0.7537688442211056,0.9988953866146848,0.0017497742358095856,0.9971456123788752,1.0,30,0.9901768023579509,0.002851858820023542
RoBERTa,0.7587939698492463,0.998977342854624,0.001746855805859528,0.9972304870487645,1.0,30,0.9901768023579509,0.002851858820023542
RoBERTa,0.7638190954773869,0.9990253411306043,0.0017547593576939795,0.9972705817729103,1.0,30,0.9901768023579509,0.002851858820023542
RoBERTa,0.7688442211055276,0.9990253411306043,0.0017547593576939795,0.9972705817729103,1.0,30,0.9901768023579509,0.002851858820023542
RoBERTa,0.7738693467336684,0.9990901551291219,0.0017534270160656008,0.9973367281130563,1.0,30,0.9901768023579509,0.002851858820023542
RoBERTa,0.7788944723618091,0.999090318388564,0.0017535144058822818,0.9973368039826818,1.0,30,0.9901768023579509,0.002851858820023542
RoBERTa,0.7839195979899498,0.999090318388564,0.0017535144058822818,0.9973368039826818,1.0,30,0.9901768023579509,0.002851858820023542
RoBERTa,0.7889447236180904,0.9991106713990138,0.0017445519142068946,0.9973661194848069,1.0,30,0.9901768023579509,0.002851858820023542
RoBERTa,0.7939698492462312,0.9991552956465237,0.0017497742358095836,0.9974055214107141,1.0,30,0.9901768023579509,0.002851858820023542
RoBERTa,0.7989949748743719,0.9991552956465237,0.0017497742358095836,0.9974055214107141,1.0,30,0.9901768023579509,0.002851858820023542
RoBERTa,0.8040201005025126,0.9991703155151977,0.0017418815277980768,0.9974284339873997,1.0,30,0.9901768023579509,0.002851858820023542
RoBERTa,0.8090452261306533,0.9992352927731575,0.0017174742186743318,0.9975178185544832,1.0,30,0.9901768023579509,0.002851858820023542
RoBERTa,0.8140703517587939,0.9992986374366962,0.0016323082754051447,0.997666329161291,1.0,30,0.9901768023579509,0.002851858820023542
RoBERTa,0.8190954773869347,0.9993502274204028,0.0015639289611808162,0.997786298459222,1.0,30,0.9901768023579509,0.002851858820023542
RoBERTa,0.8241206030150754,0.9993502274204028,0.0015639289611808162,0.997786298459222,1.0,30,0.9901768023579509,0.002851858820023542
RoBERTa,0.8291457286432161,0.9993730837422983,0.0014572400296672208,0.9979158437126311,1.0,30,0.9901768023579509,0.002851858820023542
RoBERTa,0.8341708542713568,0.9994152046783625,0.0012695101913897994,0.9981456944869728,1.0,30,0.9901768023579509,0.002851858820023542
RoBERTa,0.8391959798994975,0.9994152046783625,0.0012695101913897994,0.9981456944869728,1.0,30,0.9901768023579509,0.002851858820023542
RoBERTa,0.8442211055276382,0.9994152046783625,0.0012695101913897994,0.9981456944869728,1.0,30,0.9901768023579509,0.002851858820023542
RoBERTa,0.8492462311557789,0.9994152046783625,0.0012695101913897994,0.9981456944869728,1.0,30,0.9901768023579509,0.002851858820023542
RoBERTa,0.8542713567839196,0.9994801819363223,0.0012469470369385997,0.9982332348993836,1.0,30,0.9901768023579509,0.002851858820023542
RoBERTa,0.8592964824120604,0.9994801819363223,0.0012469470369385997,0.9982332348993836,1.0,30,0.9901768023579509,0.002851858820023542
RoBERTa,0.864321608040201,0.9994801819363223,0.0012469470369385997,0.9982332348993836,1.0,30,0.9901768023579509,0.002851858820023542
RoBERTa,0.8693467336683417,0.9994801819363223,0.0012469470369385997,0.9982332348993836,1.0,30,0.9901768023579509,0.002851858820023542
RoBERTa,0.8743718592964824,0.9994921542954103,0.0012344098826316443,0.9982577444127786,1.0,30,0.9901768023579509,0.002851858820023542
RoBERTa,0.8793969849246231,0.999545159194282,0.0012203943773475665,0.9983247648169344,1.0,30,0.9901768023579509,0.002851858820023542
RoBERTa,0.8844221105527639,0.999545159194282,0.0012203943773475665,0.9983247648169344,1.0,30,0.9901768023579509,0.002851858820023542
RoBERTa,0.8894472361809045,0.9996101364522417,0.0009439263121082045,0.9986662101401336,1.0,30,0.9901768023579509,0.002851858820023542
RoBERTa,0.8944723618090452,0.9996751137102015,0.0008988948097025717,0.9987762189004988,1.0,30,0.9901768023579509,0.002851858820023542
RoBERTa,0.8994974874371859,0.9997688246299724,0.0006152794662105788,0.9991535451637619,1.0,30,0.9901768023579509,0.002851858820023542
RoBERTa,0.9045226130653267,0.9998050682261208,0.0005947925470358154,0.999210275679085,1.0,30,0.9901768023579509,0.002851858820023542
RoBERTa,0.9095477386934674,0.9998050682261208,0.0005947925470358154,0.999210275679085,1.0,30,0.9901768023579509,0.002851858820023542
RoBERTa,0.914572864321608,0.9998050682261208,0.0005947925470358154,0.999210275679085,1.0,30,0.9901768023579509,0.002851858820023542
RoBERTa,0.9195979899497487,0.9998050682261208,0.0005947925470358154,0.999210275679085,1.0,30,0.9901768023579509,0.002851858820023542
RoBERTa,0.9246231155778895,0.9998050682261208,0.0005947925470358154,0.999210275679085,1.0,30,0.9901768023579509,0.002851858820023542
RoBERTa,0.9296482412060302,0.9998050682261208,0.0005947925470358154,0.999210275679085,1.0,30,0.9901768023579509,0.002851858820023542
RoBERTa,0.9346733668341709,0.9998050682261208,0.0005947925470358154,0.999210275679085,1.0,30,0.9901768023579509,0.002851858820023542
RoBERTa,0.9396984924623115,0.9998050682261208,0.0005947925470358154,0.999210275679085,1.0,30,0.9901768023579509,0.002851858820023542
RoBERTa,0.9447236180904522,0.9998050682261208,0.0005947925470358154,0.999210275679085,1.0,30,0.9901768023579509,0.002851858820023542
RoBERTa,0.949748743718593,0.9998050682261208,0.0005947925470358154,0.999210275679085,1.0,30,0.9901768023579509,0.002851858820023542
RoBERTa,0.9547738693467337,0.9998050682261208,0.0005947925470358154,0.999210275679085,1.0,30,0.9901768023579509,0.002851858820023542
RoBERTa,0.9597989949748744,0.9999350227420403,0.00035589509909368525,0.9995791276429465,1.0,30,0.9901768023579509,0.002851858820023542
RoBERTa,0.964824120603015,0.9999350227420403,0.00035589509909368525,0.9995791276429465,1.0,30,0.9901768023579509,0.002851858820023542
RoBERTa,0.9698492462311558,0.9999350227420403,0.00035589509909368525,0.9995791276429465,1.0,30,0.9901768023579509,0.002851858820023542
RoBERTa,0.9748743718592965,0.9999350227420403,0.00035589509909368525,0.9995791276429465,1.0,30,0.9901768023579509,0.002851858820023542
RoBERTa,0.9798994974874372,0.9999350227420403,0.00035589509909368525,0.9995791276429465,1.0,30,0.9901768023579509,0.002851858820023542
RoBERTa,0.9849246231155779,0.9999350227420403,0.00035589509909368525,0.9995791276429465,1.0,30,0.9901768023579509,0.002851858820023542
RoBERTa,0.9899497487437187,0.9999350227420403,0.00035589509909368525,0.9995791276429465,1.0,30,0.9901768023579509,0.002851858820023542
RoBERTa,0.9949748743718593,0.9999350227420403,0.00035589509909368525,0.9995791276429465,1.0,30,0.9901768023579509,0.002851858820023542
RoBERTa,1.0,1.0,0.0,1.0,1.0,30,0.9901768023579509,0.002851858820023542
