dataset_key,dataset,feature_set,features,classifier,repeat,fold,accuracy
Cruz,Fake News Filipino 2020,Vectorizers (TF-IDF + BOW),vectorizers,MNB,1,1,0.9103313840155945
Cruz,Fake News Filipino 2020,Vectorizers (TF-IDF + BOW),vectorizers,LR,1,1,0.9649122807017544
Cruz,Fake News Filipino 2020,Vectorizers (TF-IDF + BOW),vectorizers,RF,1,1,0.9239766081871345
Cruz,Fake News Filipino 2020,Vectorizers (TF-IDF + BOW),vectorizers,SVC,1,1,0.9688109161793372
Cruz,Fake News Filipino 2020,Vectorizers (TF-IDF + BOW),vectorizers,MNB,1,2,0.8927875243664717
Cruz,Fake News Filipino 2020,Vectorizers (TF-IDF + BOW),vectorizers,LR,1,2,0.9415204678362573
Cruz,Fake News Filipino 2020,Vectorizers (TF-IDF + BOW),vectorizers,RF,1,2,0.9220272904483431
Cruz,Fake News Filipino 2020,Vectorizers (TF-IDF + BOW),vectorizers,SVC,1,2,0.9473684210526315
Cruz,Fake News Filipino 2020,Vectorizers (TF-IDF + BOW),vectorizers,MNB,1,3,0.9064327485380117
Cruz,Fake News Filipino 2020,Vectorizers (TF-IDF + BOW),vectorizers,LR,1,3,0.9376218323586745
Cruz,Fake News Filipino 2020,Vectorizers (TF-IDF + BOW),vectorizers,RF,1,3,0.9142300194931774
Cruz,Fake News Filipino 2020,Vectorizers (TF-IDF + BOW),vectorizers,SVC,1,3,0.9415204678362573
Cruz,Fake News Filipino 2020,Vectorizers (TF-IDF + BOW),vectorizers,MNB,1,4,0.8927875243664717
Cruz,Fake News Filipino 2020,Vectorizers (TF-IDF + BOW),vectorizers,LR,1,4,0.9337231968810916
Cruz,Fake News Filipino 2020,Vectorizers (TF-IDF + BOW),vectorizers,RF,1,4,0.9083820662768031
Cruz,Fake News Filipino 2020,Vectorizers (TF-IDF + BOW),vectorizers,SVC,1,4,0.9415204678362573
Cruz,Fake News Filipino 2020,Vectorizers (TF-IDF + BOW),vectorizers,MNB,1,5,0.90234375
Cruz,Fake News Filipino 2020,Vectorizers (TF-IDF + BOW),vectorizers,LR,1,5,0.953125
Cruz,Fake News Filipino 2020,Vectorizers (TF-IDF + BOW),vectorizers,RF,1,5,0.9375
Cruz,Fake News Filipino 2020,Vectorizers (TF-IDF + BOW),vectorizers,SVC,1,5,0.94921875
Cruz,Fake News Filipino 2020,Vectorizers (TF-IDF + BOW),vectorizers,MNB,2,1,0.9025341130604289
Cruz,Fake News Filipino 2020,Vectorizers (TF-IDF + BOW),vectorizers,LR,2,1,0.9512670565302144
Cruz,Fake News Filipino 2020,Vectorizers (TF-IDF + BOW),vectorizers,RF,2,1,0.9317738791423001
Cruz,Fake News Filipino 2020,Vectorizers (TF-IDF + BOW),vectorizers,SVC,2,1,0.9532163742690059
Cruz,Fake News Filipino 2020,Vectorizers (TF-IDF + BOW),vectorizers,MNB,2,2,0.9083820662768031
Cruz,Fake News Filipino 2020,Vectorizers (TF-IDF + BOW),vectorizers,LR,2,2,0.9298245614035088
Cruz,Fake News Filipino 2020,Vectorizers (TF-IDF + BOW),vectorizers,RF,2,2,0.9200779727095516
Cruz,Fake News Filipino 2020,Vectorizers (TF-IDF + BOW),vectorizers,SVC,2,2,0.9395711500974658
Cruz,Fake News Filipino 2020,Vectorizers (TF-IDF + BOW),vectorizers,MNB,2,3,0.9103313840155945
Cruz,Fake News Filipino 2020,Vectorizers (TF-IDF + BOW),vectorizers,LR,2,3,0.9590643274853801
Cruz,Fake News Filipino 2020,Vectorizers (TF-IDF + BOW),vectorizers,RF,2,3,0.9181286549707602
Cruz,Fake News Filipino 2020,Vectorizers (TF-IDF + BOW),vectorizers,SVC,2,3,0.9532163742690059
Cruz,Fake News Filipino 2020,Vectorizers (TF-IDF + BOW),vectorizers,MNB,2,4,0.8947368421052632
Cruz,Fake News Filipino 2020,Vectorizers (TF-IDF + BOW),vectorizers,LR,2,4,0.949317738791423
Cruz,Fake News Filipino 2020,Vectorizers (TF-IDF + BOW),vectorizers,RF,2,4,0.9278752436647173
Cruz,Fake News Filipino 2020,Vectorizers (TF-IDF + BOW),vectorizers,SVC,2,4,0.9454191033138402
Cruz,Fake News Filipino 2020,Vectorizers (TF-IDF + BOW),vectorizers,MNB,2,5,0.90234375
Cruz,Fake News Filipino 2020,Vectorizers (TF-IDF + BOW),vectorizers,LR,2,5,0.953125
Cruz,Fake News Filipino 2020,Vectorizers (TF-IDF + BOW),vectorizers,RF,2,5,0.93359375
Cruz,Fake News Filipino 2020,Vectorizers (TF-IDF + BOW),vectorizers,SVC,2,5,0.95703125
Cruz,Fake News Filipino 2020,Vectorizers (TF-IDF + BOW),vectorizers,MNB,3,1,0.9025341130604289
Cruz,Fake News Filipino 2020,Vectorizers (TF-IDF + BOW),vectorizers,LR,3,1,0.9298245614035088
Cruz,Fake News Filipino 2020,Vectorizers (TF-IDF + BOW),vectorizers,RF,3,1,0.9142300194931774
Cruz,Fake News Filipino 2020,Vectorizers (TF-IDF + BOW),vectorizers,SVC,3,1,0.935672514619883
Cruz,Fake News Filipino 2020,Vectorizers (TF-IDF + BOW),vectorizers,MNB,3,2,0.9181286549707602
Cruz,Fake News Filipino 2020,Vectorizers (TF-IDF + BOW),vectorizers,LR,3,2,0.9571150097465887
Cruz,Fake News Filipino 2020,Vectorizers (TF-IDF + BOW),vectorizers,RF,3,2,0.9220272904483431
Cruz,Fake News Filipino 2020,Vectorizers (TF-IDF + BOW),vectorizers,SVC,3,2,0.9571150097465887
Cruz,Fake News Filipino 2020,Vectorizers (TF-IDF + BOW),vectorizers,MNB,3,3,0.9025341130604289
Cruz,Fake News Filipino 2020,Vectorizers (TF-IDF + BOW),vectorizers,LR,3,3,0.9668615984405458
Cruz,Fake News Filipino 2020,Vectorizers (TF-IDF + BOW),vectorizers,RF,3,3,0.9376218323586745
Cruz,Fake News Filipino 2020,Vectorizers (TF-IDF + BOW),vectorizers,SVC,3,3,0.9551656920077972
Cruz,Fake News Filipino 2020,Vectorizers (TF-IDF + BOW),vectorizers,MNB,3,4,0.9005847953216374
Cruz,Fake News Filipino 2020,Vectorizers (TF-IDF + BOW),vectorizers,LR,3,4,0.9590643274853801
Cruz,Fake News Filipino 2020,Vectorizers (TF-IDF + BOW),vectorizers,RF,3,4,0.9278752436647173
Cruz,Fake News Filipino 2020,Vectorizers (TF-IDF + BOW),vectorizers,SVC,3,4,0.9610136452241715
Cruz,Fake News Filipino 2020,Vectorizers (TF-IDF + BOW),vectorizers,MNB,3,5,0.916015625
Cruz,Fake News Filipino 2020,Vectorizers (TF-IDF + BOW),vectorizers,LR,3,5,0.931640625
Cruz,Fake News Filipino 2020,Vectorizers (TF-IDF + BOW),vectorizers,RF,3,5,0.921875
Cruz,Fake News Filipino 2020,Vectorizers (TF-IDF + BOW),vectorizers,SVC,3,5,0.935546875
Cruz,Fake News Filipino 2020,Vectorizers (TF-IDF + BOW),vectorizers,MNB,4,1,0.8869395711500975
Cruz,Fake News Filipino 2020,Vectorizers (TF-IDF + BOW),vectorizers,LR,4,1,0.9415204678362573
Cruz,Fake News Filipino 2020,Vectorizers (TF-IDF + BOW),vectorizers,RF,4,1,0.9161793372319688
Cruz,Fake News Filipino 2020,Vectorizers (TF-IDF + BOW),vectorizers,SVC,4,1,0.9473684210526315
Cruz,Fake News Filipino 2020,Vectorizers (TF-IDF + BOW),vectorizers,MNB,4,2,0.9044834307992202
Cruz,Fake News Filipino 2020,Vectorizers (TF-IDF + BOW),vectorizers,LR,4,2,0.9532163742690059
Cruz,Fake News Filipino 2020,Vectorizers (TF-IDF + BOW),vectorizers,RF,4,2,0.9259259259259259
Cruz,Fake News Filipino 2020,Vectorizers (TF-IDF + BOW),vectorizers,SVC,4,2,0.9415204678362573
Cruz,Fake News Filipino 2020,Vectorizers (TF-IDF + BOW),vectorizers,MNB,4,3,0.9181286549707602
Cruz,Fake News Filipino 2020,Vectorizers (TF-IDF + BOW),vectorizers,LR,4,3,0.9434697855750487
Cruz,Fake News Filipino 2020,Vectorizers (TF-IDF + BOW),vectorizers,RF,4,3,0.9376218323586745
Cruz,Fake News Filipino 2020,Vectorizers (TF-IDF + BOW),vectorizers,SVC,4,3,0.9454191033138402
Cruz,Fake News Filipino 2020,Vectorizers (TF-IDF + BOW),vectorizers,MNB,4,4,0.8908382066276803
Cruz,Fake News Filipino 2020,Vectorizers (TF-IDF + BOW),vectorizers,LR,4,4,0.9434697855750487
Cruz,Fake News Filipino 2020,Vectorizers (TF-IDF + BOW),vectorizers,RF,4,4,0.9278752436647173
Cruz,Fake News Filipino 2020,Vectorizers (TF-IDF + BOW),vectorizers,SVC,4,4,0.9532163742690059
Cruz,Fake News Filipino 2020,Vectorizers (TF-IDF + BOW),vectorizers,MNB,4,5,0.91796875
Cruz,Fake News Filipino 2020,Vectorizers (TF-IDF + BOW),vectorizers,LR,4,5,0.955078125
Cruz,Fake News Filipino 2020,Vectorizers (TF-IDF + BOW),vectorizers,RF,4,5,0.927734375
Cruz,Fake News Filipino 2020,Vectorizers (TF-IDF + BOW),vectorizers,SVC,4,5,0.958984375
Cruz,Fake News Filipino 2020,Vectorizers (TF-IDF + BOW),vectorizers,MNB,5,1,0.8888888888888888
Cruz,Fake News Filipino 2020,Vectorizers (TF-IDF + BOW),vectorizers,LR,5,1,0.9434697855750487
Cruz,Fake News Filipino 2020,Vectorizers (TF-IDF + BOW),vectorizers,RF,5,1,0.9259259259259259
Cruz,Fake News Filipino 2020,Vectorizers (TF-IDF + BOW),vectorizers,SVC,5,1,0.9454191033138402
Cruz,Fake News Filipino 2020,Vectorizers (TF-IDF + BOW),vectorizers,MNB,5,2,0.8888888888888888
Cruz,Fake News Filipino 2020,Vectorizers (TF-IDF + BOW),vectorizers,LR,5,2,0.9434697855750487
Cruz,Fake News Filipino 2020,Vectorizers (TF-IDF + BOW),vectorizers,RF,5,2,0.9103313840155945
Cruz,Fake News Filipino 2020,Vectorizers (TF-IDF + BOW),vectorizers,SVC,5,2,0.9454191033138402
Cruz,Fake News Filipino 2020,Vectorizers (TF-IDF + BOW),vectorizers,MNB,5,3,0.8908382066276803
Cruz,Fake News Filipino 2020,Vectorizers (TF-IDF + BOW),vectorizers,LR,5,3,0.9512670565302144
Cruz,Fake News Filipino 2020,Vectorizers (TF-IDF + BOW),vectorizers,RF,5,3,0.9317738791423001
Cruz,Fake News Filipino 2020,Vectorizers (TF-IDF + BOW),vectorizers,SVC,5,3,0.9512670565302144
Cruz,Fake News Filipino 2020,Vectorizers (TF-IDF + BOW),vectorizers,MNB,5,4,0.9200779727095516
Cruz,Fake News Filipino 2020,Vectorizers (TF-IDF + BOW),vectorizers,LR,5,4,0.9512670565302144
Cruz,Fake News Filipino 2020,Vectorizers (TF-IDF + BOW),vectorizers,RF,5,4,0.9200779727095516
Cruz,Fake News Filipino 2020,Vectorizers (TF-IDF + BOW),vectorizers,SVC,5,4,0.949317738791423
Cruz,Fake News Filipino 2020,Vectorizers (TF-IDF + BOW),vectorizers,MNB,5,5,0.9140625
Cruz,Fake News Filipino 2020,Vectorizers (TF-IDF + BOW),vectorizers,LR,5,5,0.955078125
Cruz,Fake News Filipino 2020,Vectorizers (TF-IDF + BOW),vectorizers,RF,5,5,0.912109375
Cruz,Fake News Filipino 2020,Vectorizers (TF-IDF + BOW),vectorizers,SVC,5,5,0.95703125
Cruz,Fake News Filipino 2020,Vectorizers (TF-IDF + BOW),vectorizers,MNB,6,1,0.9142300194931774
Cruz,Fake News Filipino 2020,Vectorizers (TF-IDF + BOW),vectorizers,LR,6,1,0.9512670565302144
Cruz,Fake News Filipino 2020,Vectorizers (TF-IDF + BOW),vectorizers,RF,6,1,0.949317738791423
Cruz,Fake News Filipino 2020,Vectorizers (TF-IDF + BOW),vectorizers,SVC,6,1,0.9512670565302144
Cruz,Fake News Filipino 2020,Vectorizers (TF-IDF + BOW),vectorizers,MNB,6,2,0.9298245614035088
Cruz,Fake News Filipino 2020,Vectorizers (TF-IDF + BOW),vectorizers,LR,6,2,0.9395711500974658
Cruz,Fake News Filipino 2020,Vectorizers (TF-IDF + BOW),vectorizers,RF,6,2,0.9044834307992202
Cruz,Fake News Filipino 2020,Vectorizers (TF-IDF + BOW),vectorizers,SVC,6,2,0.9454191033138402
Cruz,Fake News Filipino 2020,Vectorizers (TF-IDF + BOW),vectorizers,MNB,6,3,0.8869395711500975
Cruz,Fake News Filipino 2020,Vectorizers (TF-IDF + BOW),vectorizers,LR,6,3,0.9337231968810916
Cruz,Fake News Filipino 2020,Vectorizers (TF-IDF + BOW),vectorizers,RF,6,3,0.9064327485380117
Cruz,Fake News Filipino 2020,Vectorizers (TF-IDF + BOW),vectorizers,SVC,6,3,0.9317738791423001
Cruz,Fake News Filipino 2020,Vectorizers (TF-IDF + BOW),vectorizers,MNB,6,4,0.9181286549707602
Cruz,Fake News Filipino 2020,Vectorizers (TF-IDF + BOW),vectorizers,LR,6,4,0.9532163742690059
Cruz,Fake News Filipino 2020,Vectorizers (TF-IDF + BOW),vectorizers,RF,6,4,0.935672514619883
Cruz,Fake News Filipino 2020,Vectorizers (TF-IDF + BOW),vectorizers,SVC,6,4,0.9473684210526315
Cruz,Fake News Filipino 2020,Vectorizers (TF-IDF + BOW),vectorizers,MNB,6,5,0.88671875
Cruz,Fake News Filipino 2020,Vectorizers (TF-IDF + BOW),vectorizers,LR,6,5,0.94921875
Cruz,Fake News Filipino 2020,Vectorizers (TF-IDF + BOW),vectorizers,RF,6,5,0.9375
Cruz,Fake News Filipino 2020,Vectorizers (TF-IDF + BOW),vectorizers,SVC,6,5,0.94921875
Cruz,Fake News Filipino 2020,+ Readability (READ),"vectorizers,read",MNB,1,1,0.9103313840155945
Cruz,Fake News Filipino 2020,+ Readability (READ),"vectorizers,read",LR,1,1,0.9649122807017544
Cruz,Fake News Filipino 2020,+ Readability (READ),"vectorizers,read",RF,1,1,0.9317738791423001
Cruz,Fake News Filipino 2020,+ Readability (READ),"vectorizers,read",SVC,1,1,0.9688109161793372
Cruz,Fake News Filipino 2020,+ Readability (READ),"vectorizers,read",MNB,1,2,0.8927875243664717
Cruz,Fake News Filipino 2020,+ Readability (READ),"vectorizers,read",LR,1,2,0.9395711500974658
Cruz,Fake News Filipino 2020,+ Readability (READ),"vectorizers,read",RF,1,2,0.9239766081871345
Cruz,Fake News Filipino 2020,+ Readability (READ),"vectorizers,read",SVC,1,2,0.9473684210526315
Cruz,Fake News Filipino 2020,+ Readability (READ),"vectorizers,read",MNB,1,3,0.9064327485380117
Cruz,Fake News Filipino 2020,+ Readability (READ),"vectorizers,read",LR,1,3,0.9395711500974658
Cruz,Fake News Filipino 2020,+ Readability (READ),"vectorizers,read",RF,1,3,0.9200779727095516
Cruz,Fake News Filipino 2020,+ Readability (READ),"vectorizers,read",SVC,1,3,0.9415204678362573
Cruz,Fake News Filipino 2020,+ Readability (READ),"vectorizers,read",MNB,1,4,0.8908382066276803
Cruz,Fake News Filipino 2020,+ Readability (READ),"vectorizers,read",LR,1,4,0.9376218323586745
Cruz,Fake News Filipino 2020,+ Readability (READ),"vectorizers,read",RF,1,4,0.9181286549707602
Cruz,Fake News Filipino 2020,+ Readability (READ),"vectorizers,read",SVC,1,4,0.9415204678362573
Cruz,Fake News Filipino 2020,+ Readability (READ),"vectorizers,read",MNB,1,5,0.896484375
Cruz,Fake News Filipino 2020,+ Readability (READ),"vectorizers,read",LR,1,5,0.953125
Cruz,Fake News Filipino 2020,+ Readability (READ),"vectorizers,read",RF,1,5,0.93359375
Cruz,Fake News Filipino 2020,+ Readability (READ),"vectorizers,read",SVC,1,5,0.94921875
Cruz,Fake News Filipino 2020,+ Readability (READ),"vectorizers,read",MNB,2,1,0.9025341130604289
Cruz,Fake News Filipino 2020,+ Readability (READ),"vectorizers,read",LR,2,1,0.9473684210526315
Cruz,Fake News Filipino 2020,+ Readability (READ),"vectorizers,read",RF,2,1,0.9239766081871345
Cruz,Fake News Filipino 2020,+ Readability (READ),"vectorizers,read",SVC,2,1,0.9532163742690059
Cruz,Fake News Filipino 2020,+ Readability (READ),"vectorizers,read",MNB,2,2,0.9064327485380117
Cruz,Fake News Filipino 2020,+ Readability (READ),"vectorizers,read",LR,2,2,0.9317738791423001
Cruz,Fake News Filipino 2020,+ Readability (READ),"vectorizers,read",RF,2,2,0.9083820662768031
Cruz,Fake News Filipino 2020,+ Readability (READ),"vectorizers,read",SVC,2,2,0.9395711500974658
Cruz,Fake News Filipino 2020,+ Readability (READ),"vectorizers,read",MNB,2,3,0.9083820662768031
Cruz,Fake News Filipino 2020,+ Readability (READ),"vectorizers,read",LR,2,3,0.9571150097465887
Cruz,Fake News Filipino 2020,+ Readability (READ),"vectorizers,read",RF,2,3,0.9181286549707602
Cruz,Fake News Filipino 2020,+ Readability (READ),"vectorizers,read",SVC,2,3,0.9571150097465887
Cruz,Fake News Filipino 2020,+ Readability (READ),"vectorizers,read",MNB,2,4,0.8927875243664717
Cruz,Fake News Filipino 2020,+ Readability (READ),"vectorizers,read",LR,2,4,0.9532163742690059
Cruz,Fake News Filipino 2020,+ Readability (READ),"vectorizers,read",RF,2,4,0.9220272904483431
Cruz,Fake News Filipino 2020,+ Readability (READ),"vectorizers,read",SVC,2,4,0.9512670565302144
Cruz,Fake News Filipino 2020,+ Readability (READ),"vectorizers,read",MNB,2,5,0.90234375
Cruz,Fake News Filipino 2020,+ Readability (READ),"vectorizers,read",LR,2,5,0.947265625
Cruz,Fake News Filipino 2020,+ Readability (READ),"vectorizers,read",RF,2,5,0.927734375
Cruz,Fake News Filipino 2020,+ Readability (READ),"vectorizers,read",SVC,2,5,0.95703125
Cruz,Fake News Filipino 2020,+ Readability (READ),"vectorizers,read",MNB,3,1,0.9025341130604289
Cruz,Fake News Filipino 2020,+ Readability (READ),"vectorizers,read",LR,3,1,0.9278752436647173
Cruz,Fake News Filipino 2020,+ Readability (READ),"vectorizers,read",RF,3,1,0.9142300194931774
Cruz,Fake News Filipino 2020,+ Readability (READ),"vectorizers,read",SVC,3,1,0.935672514619883
Cruz,Fake News Filipino 2020,+ Readability (READ),"vectorizers,read",MNB,3,2,0.9181286549707602
Cruz,Fake News Filipino 2020,+ Readability (READ),"vectorizers,read",LR,3,2,0.9532163742690059
Cruz,Fake News Filipino 2020,+ Readability (READ),"vectorizers,read",RF,3,2,0.9337231968810916
Cruz,Fake News Filipino 2020,+ Readability (READ),"vectorizers,read",SVC,3,2,0.9551656920077972
Cruz,Fake News Filipino 2020,+ Readability (READ),"vectorizers,read",MNB,3,3,0.9025341130604289
Cruz,Fake News Filipino 2020,+ Readability (READ),"vectorizers,read",LR,3,3,0.9629629629629629
Cruz,Fake News Filipino 2020,+ Readability (READ),"vectorizers,read",RF,3,3,0.9395711500974658
Cruz,Fake News Filipino 2020,+ Readability (READ),"vectorizers,read",SVC,3,3,0.9551656920077972
Cruz,Fake News Filipino 2020,+ Readability (READ),"vectorizers,read",MNB,3,4,0.8966861598440545
Cruz,Fake News Filipino 2020,+ Readability (READ),"vectorizers,read",LR,3,4,0.9590643274853801
Cruz,Fake News Filipino 2020,+ Readability (READ),"vectorizers,read",RF,3,4,0.9239766081871345
Cruz,Fake News Filipino 2020,+ Readability (READ),"vectorizers,read",SVC,3,4,0.9610136452241715
Cruz,Fake News Filipino 2020,+ Readability (READ),"vectorizers,read",MNB,3,5,0.916015625
Cruz,Fake News Filipino 2020,+ Readability (READ),"vectorizers,read",LR,3,5,0.93359375
Cruz,Fake News Filipino 2020,+ Readability (READ),"vectorizers,read",RF,3,5,0.91015625
Cruz,Fake News Filipino 2020,+ Readability (READ),"vectorizers,read",SVC,3,5,0.935546875
Cruz,Fake News Filipino 2020,+ Readability (READ),"vectorizers,read",MNB,4,1,0.884990253411306
Cruz,Fake News Filipino 2020,+ Readability (READ),"vectorizers,read",LR,4,1,0.9395711500974658
Cruz,Fake News Filipino 2020,+ Readability (READ),"vectorizers,read",RF,4,1,0.9064327485380117
Cruz,Fake News Filipino 2020,+ Readability (READ),"vectorizers,read",SVC,4,1,0.9512670565302144
Cruz,Fake News Filipino 2020,+ Readability (READ),"vectorizers,read",MNB,4,2,0.9025341130604289
Cruz,Fake News Filipino 2020,+ Readability (READ),"vectorizers,read",LR,4,2,0.9551656920077972
Cruz,Fake News Filipino 2020,+ Readability (READ),"vectorizers,read",RF,4,2,0.9181286549707602
Cruz,Fake News Filipino 2020,+ Readability (READ),"vectorizers,read",SVC,4,2,0.9415204678362573
Cruz,Fake News Filipino 2020,+ Readability (READ),"vectorizers,read",MNB,4,3,0.9122807017543859
Cruz,Fake News Filipino 2020,+ Readability (READ),"vectorizers,read",LR,4,3,0.949317738791423
Cruz,Fake News Filipino 2020,+ Readability (READ),"vectorizers,read",RF,4,3,0.9434697855750487
Cruz,Fake News Filipino 2020,+ Readability (READ),"vectorizers,read",SVC,4,3,0.9454191033138402
Cruz,Fake News Filipino 2020,+ Readability (READ),"vectorizers,read",MNB,4,4,0.8908382066276803
Cruz,Fake News Filipino 2020,+ Readability (READ),"vectorizers,read",LR,4,4,0.9434697855750487
Cruz,Fake News Filipino 2020,+ Readability (READ),"vectorizers,read",RF,4,4,0.9200779727095516
Cruz,Fake News Filipino 2020,+ Readability (READ),"vectorizers,read",SVC,4,4,0.9532163742690059
Cruz,Fake News Filipino 2020,+ Readability (READ),"vectorizers,read",MNB,4,5,0.91796875
Cruz,Fake News Filipino 2020,+ Readability (READ),"vectorizers,read",LR,4,5,0.953125
Cruz,Fake News Filipino 2020,+ Readability (READ),"vectorizers,read",RF,4,5,0.919921875
Cruz,Fake News Filipino 2020,+ Readability (READ),"vectorizers,read",SVC,4,5,0.955078125
Cruz,Fake News Filipino 2020,+ Readability (READ),"vectorizers,read",MNB,5,1,0.884990253411306
Cruz,Fake News Filipino 2020,+ Readability (READ),"vectorizers,read",LR,5,1,0.9415204678362573
Cruz,Fake News Filipino 2020,+ Readability (READ),"vectorizers,read",RF,5,1,0.9337231968810916
Cruz,Fake News Filipino 2020,+ Readability (READ),"vectorizers,read",SVC,5,1,0.9473684210526315
Cruz,Fake News Filipino 2020,+ Readability (READ),"vectorizers,read",MNB,5,2,0.8888888888888888
Cruz,Fake News Filipino 2020,+ Readability (READ),"vectorizers,read",LR,5,2,0.9415204678362573
Cruz,Fake News Filipino 2020,+ Readability (READ),"vectorizers,read",RF,5,2,0.9181286549707602
Cruz,Fake News Filipino 2020,+ Readability (READ),"vectorizers,read",SVC,5,2,0.949317738791423
Cruz,Fake News Filipino 2020,+ Readability (READ),"vectorizers,read",MNB,5,3,0.8908382066276803
Cruz,Fake News Filipino 2020,+ Readability (READ),"vectorizers,read",LR,5,3,0.9512670565302144
Cruz,Fake News Filipino 2020,+ Readability (READ),"vectorizers,read",RF,5,3,0.935672514619883
Cruz,Fake News Filipino 2020,+ Readability (READ),"vectorizers,read",SVC,5,3,0.9512670565302144
Cruz,Fake News Filipino 2020,+ Readability (READ),"vectorizers,read",MNB,5,4,0.9181286549707602
Cruz,Fake News Filipino 2020,+ Readability (READ),"vectorizers,read",LR,5,4,0.9512670565302144
Cruz,Fake News Filipino 2020,+ Readability (READ),"vectorizers,read",RF,5,4,0.9161793372319688
Cruz,Fake News Filipino 2020,+ Readability (READ),"vectorizers,read",SVC,5,4,0.949317738791423
Cruz,Fake News Filipino 2020,+ Readability (READ),"vectorizers,read",MNB,5,5,0.9140625
Cruz,Fake News Filipino 2020,+ Readability (READ),"vectorizers,read",LR,5,5,0.955078125
Cruz,Fake News Filipino 2020,+ Readability (READ),"vectorizers,read",RF,5,5,0.91796875
Cruz,Fake News Filipino 2020,+ Readability (READ),"vectorizers,read",SVC,5,5,0.955078125
Cruz,Fake News Filipino 2020,+ Readability (READ),"vectorizers,read",MNB,6,1,0.9142300194931774
Cruz,Fake News Filipino 2020,+ Readability (READ),"vectorizers,read",LR,6,1,0.9512670565302144
Cruz,Fake News Filipino 2020,+ Readability (READ),"vectorizers,read",RF,6,1,0.9434697855750487
Cruz,Fake News Filipino 2020,+ Readability (READ),"vectorizers,read",SVC,6,1,0.9532163742690059
Cruz,Fake News Filipino 2020,+ Readability (READ),"vectorizers,read",MNB,6,2,0.9298245614035088
Cruz,Fake News Filipino 2020,+ Readability (READ),"vectorizers,read",LR,6,2,0.9376218323586745
Cruz,Fake News Filipino 2020,+ Readability (READ),"vectorizers,read",RF,6,2,0.9122807017543859
Cruz,Fake News Filipino 2020,+ Readability (READ),"vectorizers,read",SVC,6,2,0.9454191033138402
Cruz,Fake News Filipino 2020,+ Readability (READ),"vectorizers,read",MNB,6,3,0.8830409356725146
Cruz,Fake News Filipino 2020,+ Readability (READ),"vectorizers,read",LR,6,3,0.9278752436647173
Cruz,Fake News Filipino 2020,+ Readability (READ),"vectorizers,read",RF,6,3,0.8830409356725146
Cruz,Fake News Filipino 2020,+ Readability (READ),"vectorizers,read",SVC,6,3,0.9298245614035088
Cruz,Fake News Filipino 2020,+ Readability (READ),"vectorizers,read",MNB,6,4,0.9181286549707602
Cruz,Fake News Filipino 2020,+ Readability (READ),"vectorizers,read",LR,6,4,0.9532163742690059
Cruz,Fake News Filipino 2020,+ Readability (READ),"vectorizers,read",RF,6,4,0.9142300194931774
Cruz,Fake News Filipino 2020,+ Readability (READ),"vectorizers,read",SVC,6,4,0.9473684210526315
Cruz,Fake News Filipino 2020,+ Readability (READ),"vectorizers,read",MNB,6,5,0.884765625
Cruz,Fake News Filipino 2020,+ Readability (READ),"vectorizers,read",LR,6,5,0.947265625
Cruz,Fake News Filipino 2020,+ Readability (READ),"vectorizers,read",RF,6,5,0.93359375
Cruz,Fake News Filipino 2020,+ Readability (READ),"vectorizers,read",SVC,6,5,0.947265625
Cruz,Fake News Filipino 2020,+ Out-of-vocabulary (OOV),"vectorizers,read,oov",MNB,1,1,0.9122807017543859
Cruz,Fake News Filipino 2020,+ Out-of-vocabulary (OOV),"vectorizers,read,oov",LR,1,1,0.9688109161793372
Cruz,Fake News Filipino 2020,+ Out-of-vocabulary (OOV),"vectorizers,read,oov",RF,1,1,0.9317738791423001
Cruz,Fake News Filipino 2020,+ Out-of-vocabulary (OOV),"vectorizers,read,oov",SVC,1,1,0.9688109161793372
Cruz,Fake News Filipino 2020,+ Out-of-vocabulary (OOV),"vectorizers,read,oov",MNB,1,2,0.8947368421052632
Cruz,Fake News Filipino 2020,+ Out-of-vocabulary (OOV),"vectorizers,read,oov",LR,1,2,0.9454191033138402
Cruz,Fake News Filipino 2020,+ Out-of-vocabulary (OOV),"vectorizers,read,oov",RF,1,2,0.9239766081871345
Cruz,Fake News Filipino 2020,+ Out-of-vocabulary (OOV),"vectorizers,read,oov",SVC,1,2,0.935672514619883
Cruz,Fake News Filipino 2020,+ Out-of-vocabulary (OOV),"vectorizers,read,oov",MNB,1,3,0.9103313840155945
Cruz,Fake News Filipino 2020,+ Out-of-vocabulary (OOV),"vectorizers,read,oov",LR,1,3,0.9395711500974658
Cruz,Fake News Filipino 2020,+ Out-of-vocabulary (OOV),"vectorizers,read,oov",RF,1,3,0.9161793372319688
Cruz,Fake News Filipino 2020,+ Out-of-vocabulary (OOV),"vectorizers,read,oov",SVC,1,3,0.9395711500974658
Cruz,Fake News Filipino 2020,+ Out-of-vocabulary (OOV),"vectorizers,read,oov",MNB,1,4,0.8888888888888888
Cruz,Fake News Filipino 2020,+ Out-of-vocabulary (OOV),"vectorizers,read,oov",LR,1,4,0.9415204678362573
Cruz,Fake News Filipino 2020,+ Out-of-vocabulary (OOV),"vectorizers,read,oov",RF,1,4,0.9083820662768031
Cruz,Fake News Filipino 2020,+ Out-of-vocabulary (OOV),"vectorizers,read,oov",SVC,1,4,0.9434697855750487
Cruz,Fake News Filipino 2020,+ Out-of-vocabulary (OOV),"vectorizers,read,oov",MNB,1,5,0.89453125
Cruz,Fake News Filipino 2020,+ Out-of-vocabulary (OOV),"vectorizers,read,oov",LR,1,5,0.958984375
Cruz,Fake News Filipino 2020,+ Out-of-vocabulary (OOV),"vectorizers,read,oov",RF,1,5,0.935546875
Cruz,Fake News Filipino 2020,+ Out-of-vocabulary (OOV),"vectorizers,read,oov",SVC,1,5,0.953125
Cruz,Fake News Filipino 2020,+ Out-of-vocabulary (OOV),"vectorizers,read,oov",MNB,2,1,0.9005847953216374
Cruz,Fake News Filipino 2020,+ Out-of-vocabulary (OOV),"vectorizers,read,oov",LR,2,1,0.9512670565302144
Cruz,Fake News Filipino 2020,+ Out-of-vocabulary (OOV),"vectorizers,read,oov",RF,2,1,0.9259259259259259
Cruz,Fake News Filipino 2020,+ Out-of-vocabulary (OOV),"vectorizers,read,oov",SVC,2,1,0.9551656920077972
Cruz,Fake News Filipino 2020,+ Out-of-vocabulary (OOV),"vectorizers,read,oov",MNB,2,2,0.9064327485380117
Cruz,Fake News Filipino 2020,+ Out-of-vocabulary (OOV),"vectorizers,read,oov",LR,2,2,0.935672514619883
Cruz,Fake News Filipino 2020,+ Out-of-vocabulary (OOV),"vectorizers,read,oov",RF,2,2,0.9142300194931774
Cruz,Fake News Filipino 2020,+ Out-of-vocabulary (OOV),"vectorizers,read,oov",SVC,2,2,0.9415204678362573
Cruz,Fake News Filipino 2020,+ Out-of-vocabulary (OOV),"vectorizers,read,oov",MNB,2,3,0.9044834307992202
Cruz,Fake News Filipino 2020,+ Out-of-vocabulary (OOV),"vectorizers,read,oov",LR,2,3,0.9571150097465887
Cruz,Fake News Filipino 2020,+ Out-of-vocabulary (OOV),"vectorizers,read,oov",RF,2,3,0.9259259259259259
Cruz,Fake News Filipino 2020,+ Out-of-vocabulary (OOV),"vectorizers,read,oov",SVC,2,3,0.9551656920077972
Cruz,Fake News Filipino 2020,+ Out-of-vocabulary (OOV),"vectorizers,read,oov",MNB,2,4,0.8947368421052632
Cruz,Fake News Filipino 2020,+ Out-of-vocabulary (OOV),"vectorizers,read,oov",LR,2,4,0.9532163742690059
Cruz,Fake News Filipino 2020,+ Out-of-vocabulary (OOV),"vectorizers,read,oov",RF,2,4,0.9298245614035088
Cruz,Fake News Filipino 2020,+ Out-of-vocabulary (OOV),"vectorizers,read,oov",SVC,2,4,0.9473684210526315
Cruz,Fake News Filipino 2020,+ Out-of-vocabulary (OOV),"vectorizers,read,oov",MNB,2,5,0.90625
Cruz,Fake News Filipino 2020,+ Out-of-vocabulary (OOV),"vectorizers,read,oov",LR,2,5,0.955078125
Cruz,Fake News Filipino 2020,+ Out-of-vocabulary (OOV),"vectorizers,read,oov",RF,2,5,0.9375
Cruz,Fake News Filipino 2020,+ Out-of-vocabulary (OOV),"vectorizers,read,oov",SVC,2,5,0.955078125
Cruz,Fake News Filipino 2020,+ Out-of-vocabulary (OOV),"vectorizers,read,oov",MNB,3,1,0.9005847953216374
Cruz,Fake News Filipino 2020,+ Out-of-vocabulary (OOV),"vectorizers,read,oov",LR,3,1,0.935672514619883
Cruz,Fake News Filipino 2020,+ Out-of-vocabulary (OOV),"vectorizers,read,oov",RF,3,1,0.9064327485380117
Cruz,Fake News Filipino 2020,+ Out-of-vocabulary (OOV),"vectorizers,read,oov",SVC,3,1,0.9376218323586745
Cruz,Fake News Filipino 2020,+ Out-of-vocabulary (OOV),"vectorizers,read,oov",MNB,3,2,0.9161793372319688
Cruz,Fake News Filipino 2020,+ Out-of-vocabulary (OOV),"vectorizers,read,oov",LR,3,2,0.9551656920077972
Cruz,Fake News Filipino 2020,+ Out-of-vocabulary (OOV),"vectorizers,read,oov",RF,3,2,0.9317738791423001
Cruz,Fake News Filipino 2020,+ Out-of-vocabulary (OOV),"vectorizers,read,oov",SVC,3,2,0.9590643274853801
Cruz,Fake News Filipino 2020,+ Out-of-vocabulary (OOV),"vectorizers,read,oov",MNB,3,3,0.9025341130604289
Cruz,Fake News Filipino 2020,+ Out-of-vocabulary (OOV),"vectorizers,read,oov",LR,3,3,0.9629629629629629
Cruz,Fake News Filipino 2020,+ Out-of-vocabulary (OOV),"vectorizers,read,oov",RF,3,3,0.9317738791423001
Cruz,Fake News Filipino 2020,+ Out-of-vocabulary (OOV),"vectorizers,read,oov",SVC,3,3,0.9590643274853801
Cruz,Fake News Filipino 2020,+ Out-of-vocabulary (OOV),"vectorizers,read,oov",MNB,3,4,0.898635477582846
Cruz,Fake News Filipino 2020,+ Out-of-vocabulary (OOV),"vectorizers,read,oov",LR,3,4,0.9590643274853801
Cruz,Fake News Filipino 2020,+ Out-of-vocabulary (OOV),"vectorizers,read,oov",RF,3,4,0.9181286549707602
Cruz,Fake News Filipino 2020,+ Out-of-vocabulary (OOV),"vectorizers,read,oov",SVC,3,4,0.9610136452241715
Cruz,Fake News Filipino 2020,+ Out-of-vocabulary (OOV),"vectorizers,read,oov",MNB,3,5,0.9140625
Cruz,Fake News Filipino 2020,+ Out-of-vocabulary (OOV),"vectorizers,read,oov",LR,3,5,0.93359375
Cruz,Fake News Filipino 2020,+ Out-of-vocabulary (OOV),"vectorizers,read,oov",RF,3,5,0.927734375
Cruz,Fake News Filipino 2020,+ Out-of-vocabulary (OOV),"vectorizers,read,oov",SVC,3,5,0.93359375
Cruz,Fake News Filipino 2020,+ Out-of-vocabulary (OOV),"vectorizers,read,oov",MNB,4,1,0.884990253411306
Cruz,Fake News Filipino 2020,+ Out-of-vocabulary (OOV),"vectorizers,read,oov",LR,4,1,0.9415204678362573
Cruz,Fake News Filipino 2020,+ Out-of-vocabulary (OOV),"vectorizers,read,oov",RF,4,1,0.9181286549707602
Cruz,Fake News Filipino 2020,+ Out-of-vocabulary (OOV),"vectorizers,read,oov",SVC,4,1,0.9512670565302144
Cruz,Fake News Filipino 2020,+ Out-of-vocabulary (OOV),"vectorizers,read,oov",MNB,4,2,0.9103313840155945
Cruz,Fake News Filipino 2020,+ Out-of-vocabulary (OOV),"vectorizers,read,oov",LR,4,2,0.9610136452241715
Cruz,Fake News Filipino 2020,+ Out-of-vocabulary (OOV),"vectorizers,read,oov",RF,4,2,0.9220272904483431
Cruz,Fake News Filipino 2020,+ Out-of-vocabulary (OOV),"vectorizers,read,oov",SVC,4,2,0.949317738791423
Cruz,Fake News Filipino 2020,+ Out-of-vocabulary (OOV),"vectorizers,read,oov",MNB,4,3,0.9122807017543859
Cruz,Fake News Filipino 2020,+ Out-of-vocabulary (OOV),"vectorizers,read,oov",LR,4,3,0.9512670565302144
Cruz,Fake News Filipino 2020,+ Out-of-vocabulary (OOV),"vectorizers,read,oov",RF,4,3,0.9337231968810916
Cruz,Fake News Filipino 2020,+ Out-of-vocabulary (OOV),"vectorizers,read,oov",SVC,4,3,0.949317738791423
Cruz,Fake News Filipino 2020,+ Out-of-vocabulary (OOV),"vectorizers,read,oov",MNB,4,4,0.8888888888888888
Cruz,Fake News Filipino 2020,+ Out-of-vocabulary (OOV),"vectorizers,read,oov",LR,4,4,0.9415204678362573
Cruz,Fake News Filipino 2020,+ Out-of-vocabulary (OOV),"vectorizers,read,oov",RF,4,4,0.9259259259259259
Cruz,Fake News Filipino 2020,+ Out-of-vocabulary (OOV),"vectorizers,read,oov",SVC,4,4,0.9532163742690059
Cruz,Fake News Filipino 2020,+ Out-of-vocabulary (OOV),"vectorizers,read,oov",MNB,4,5,0.921875
Cruz,Fake News Filipino 2020,+ Out-of-vocabulary (OOV),"vectorizers,read,oov",LR,4,5,0.955078125
Cruz,Fake News Filipino 2020,+ Out-of-vocabulary (OOV),"vectorizers,read,oov",RF,4,5,0.927734375
Cruz,Fake News Filipino 2020,+ Out-of-vocabulary (OOV),"vectorizers,read,oov",SVC,4,5,0.95703125
Cruz,Fake News Filipino 2020,+ Out-of-vocabulary (OOV),"vectorizers,read,oov",MNB,5,1,0.8869395711500975
Cruz,Fake News Filipino 2020,+ Out-of-vocabulary (OOV),"vectorizers,read,oov",LR,5,1,0.9434697855750487
Cruz,Fake News Filipino 2020,+ Out-of-vocabulary (OOV),"vectorizers,read,oov",RF,5,1,0.9278752436647173
Cruz,Fake News Filipino 2020,+ Out-of-vocabulary (OOV),"vectorizers,read,oov",SVC,5,1,0.9434697855750487
Cruz,Fake News Filipino 2020,+ Out-of-vocabulary (OOV),"vectorizers,read,oov",MNB,5,2,0.8888888888888888
Cruz,Fake News Filipino 2020,+ Out-of-vocabulary (OOV),"vectorizers,read,oov",LR,5,2,0.9454191033138402
Cruz,Fake News Filipino 2020,+ Out-of-vocabulary (OOV),"vectorizers,read,oov",RF,5,2,0.9259259259259259
Cruz,Fake News Filipino 2020,+ Out-of-vocabulary (OOV),"vectorizers,read,oov",SVC,5,2,0.9473684210526315
Cruz,Fake News Filipino 2020,+ Out-of-vocabulary (OOV),"vectorizers,read,oov",MNB,5,3,0.8908382066276803
Cruz,Fake News Filipino 2020,+ Out-of-vocabulary (OOV),"vectorizers,read,oov",LR,5,3,0.9532163742690059
Cruz,Fake News Filipino 2020,+ Out-of-vocabulary (OOV),"vectorizers,read,oov",RF,5,3,0.9376218323586745
Cruz,Fake News Filipino 2020,+ Out-of-vocabulary (OOV),"vectorizers,read,oov",SVC,5,3,0.9532163742690059
Cruz,Fake News Filipino 2020,+ Out-of-vocabulary (OOV),"vectorizers,read,oov",MNB,5,4,0.9161793372319688
Cruz,Fake News Filipino 2020,+ Out-of-vocabulary (OOV),"vectorizers,read,oov",LR,5,4,0.949317738791423
Cruz,Fake News Filipino 2020,+ Out-of-vocabulary (OOV),"vectorizers,read,oov",RF,5,4,0.9083820662768031
Cruz,Fake News Filipino 2020,+ Out-of-vocabulary (OOV),"vectorizers,read,oov",SVC,5,4,0.949317738791423
Cruz,Fake News Filipino 2020,+ Out-of-vocabulary (OOV),"vectorizers,read,oov",MNB,5,5,0.912109375
Cruz,Fake News Filipino 2020,+ Out-of-vocabulary (OOV),"vectorizers,read,oov",LR,5,5,0.958984375
Cruz,Fake News Filipino 2020,+ Out-of-vocabulary (OOV),"vectorizers,read,oov",RF,5,5,0.912109375
Cruz,Fake News Filipino 2020,+ Out-of-vocabulary (OOV),"vectorizers,read,oov",SVC,5,5,0.95703125
Cruz,Fake News Filipino 2020,+ Out-of-vocabulary (OOV),"vectorizers,read,oov",MNB,6,1,0.9122807017543859
Cruz,Fake News Filipino 2020,+ Out-of-vocabulary (OOV),"vectorizers,read,oov",LR,6,1,0.9551656920077972
Cruz,Fake News Filipino 2020,+ Out-of-vocabulary (OOV),"vectorizers,read,oov",RF,6,1,0.9395711500974658
Cruz,Fake News Filipino 2020,+ Out-of-vocabulary (OOV),"vectorizers,read,oov",SVC,6,1,0.9512670565302144
Cruz,Fake News Filipino 2020,+ Out-of-vocabulary (OOV),"vectorizers,read,oov",MNB,6,2,0.9298245614035088
Cruz,Fake News Filipino 2020,+ Out-of-vocabulary (OOV),"vectorizers,read,oov",LR,6,2,0.9415204678362573
Cruz,Fake News Filipino 2020,+ Out-of-vocabulary (OOV),"vectorizers,read,oov",RF,6,2,0.9103313840155945
Cruz,Fake News Filipino 2020,+ Out-of-vocabulary (OOV),"vectorizers,read,oov",SVC,6,2,0.9415204678362573
Cruz,Fake News Filipino 2020,+ Out-of-vocabulary (OOV),"vectorizers,read,oov",MNB,6,3,0.884990253411306
Cruz,Fake News Filipino 2020,+ Out-of-vocabulary (OOV),"vectorizers,read,oov",LR,6,3,0.9337231968810916
Cruz,Fake News Filipino 2020,+ Out-of-vocabulary (OOV),"vectorizers,read,oov",RF,6,3,0.898635477582846
Cruz,Fake News Filipino 2020,+ Out-of-vocabulary (OOV),"vectorizers,read,oov",SVC,6,3,0.9395711500974658
Cruz,Fake News Filipino 2020,+ Out-of-vocabulary (OOV),"vectorizers,read,oov",MNB,6,4,0.9161793372319688
Cruz,Fake News Filipino 2020,+ Out-of-vocabulary (OOV),"vectorizers,read,oov",LR,6,4,0.9532163742690059
Cruz,Fake News Filipino 2020,+ Out-of-vocabulary (OOV),"vectorizers,read,oov",RF,6,4,0.9337231968810916
Cruz,Fake News Filipino 2020,+ Out-of-vocabulary (OOV),"vectorizers,read,oov",SVC,6,4,0.9512670565302144
Cruz,Fake News Filipino 2020,+ Out-of-vocabulary (OOV),"vectorizers,read,oov",MNB,6,5,0.880859375
Cruz,Fake News Filipino 2020,+ Out-of-vocabulary (OOV),"vectorizers,read,oov",LR,6,5,0.947265625
Cruz,Fake News Filipino 2020,+ Out-of-vocabulary (OOV),"vectorizers,read,oov",RF,6,5,0.9453125
Cruz,Fake News Filipino 2020,+ Out-of-vocabulary (OOV),"vectorizers,read,oov",SVC,6,5,0.951171875
Cruz,Fake News Filipino 2020,+ Stop words (SW),"vectorizers,read,oov,sw",MNB,1,1,0.9044834307992202
Cruz,Fake News Filipino 2020,+ Stop words (SW),"vectorizers,read,oov,sw",LR,1,1,0.9688109161793372
Cruz,Fake News Filipino 2020,+ Stop words (SW),"vectorizers,read,oov,sw",RF,1,1,0.9298245614035088
Cruz,Fake News Filipino 2020,+ Stop words (SW),"vectorizers,read,oov,sw",SVC,1,1,0.9688109161793372
Cruz,Fake News Filipino 2020,+ Stop words (SW),"vectorizers,read,oov,sw",MNB,1,2,0.8927875243664717
Cruz,Fake News Filipino 2020,+ Stop words (SW),"vectorizers,read,oov,sw",LR,1,2,0.9434697855750487
Cruz,Fake News Filipino 2020,+ Stop words (SW),"vectorizers,read,oov,sw",RF,1,2,0.9161793372319688
Cruz,Fake News Filipino 2020,+ Stop words (SW),"vectorizers,read,oov,sw",SVC,1,2,0.935672514619883
Cruz,Fake News Filipino 2020,+ Stop words (SW),"vectorizers,read,oov,sw",MNB,1,3,0.9005847953216374
Cruz,Fake News Filipino 2020,+ Stop words (SW),"vectorizers,read,oov,sw",LR,1,3,0.9395711500974658
Cruz,Fake News Filipino 2020,+ Stop words (SW),"vectorizers,read,oov,sw",RF,1,3,0.9083820662768031
Cruz,Fake News Filipino 2020,+ Stop words (SW),"vectorizers,read,oov,sw",SVC,1,3,0.9395711500974658
Cruz,Fake News Filipino 2020,+ Stop words (SW),"vectorizers,read,oov,sw",MNB,1,4,0.8888888888888888
Cruz,Fake News Filipino 2020,+ Stop words (SW),"vectorizers,read,oov,sw",LR,1,4,0.9415204678362573
Cruz,Fake News Filipino 2020,+ Stop words (SW),"vectorizers,read,oov,sw",RF,1,4,0.9122807017543859
Cruz,Fake News Filipino 2020,+ Stop words (SW),"vectorizers,read,oov,sw",SVC,1,4,0.9434697855750487
Cruz,Fake News Filipino 2020,+ Stop words (SW),"vectorizers,read,oov,sw",MNB,1,5,0.88671875
Cruz,Fake News Filipino 2020,+ Stop words (SW),"vectorizers,read,oov,sw",LR,1,5,0.958984375
Cruz,Fake News Filipino 2020,+ Stop words (SW),"vectorizers,read,oov,sw",RF,1,5,0.94140625
Cruz,Fake News Filipino 2020,+ Stop words (SW),"vectorizers,read,oov,sw",SVC,1,5,0.953125
Cruz,Fake News Filipino 2020,+ Stop words (SW),"vectorizers,read,oov,sw",MNB,2,1,0.9005847953216374
Cruz,Fake News Filipino 2020,+ Stop words (SW),"vectorizers,read,oov,sw",LR,2,1,0.9512670565302144
Cruz,Fake News Filipino 2020,+ Stop words (SW),"vectorizers,read,oov,sw",RF,2,1,0.9239766081871345
Cruz,Fake News Filipino 2020,+ Stop words (SW),"vectorizers,read,oov,sw",SVC,2,1,0.9551656920077972
Cruz,Fake News Filipino 2020,+ Stop words (SW),"vectorizers,read,oov,sw",MNB,2,2,0.8966861598440545
Cruz,Fake News Filipino 2020,+ Stop words (SW),"vectorizers,read,oov,sw",LR,2,2,0.935672514619883
Cruz,Fake News Filipino 2020,+ Stop words (SW),"vectorizers,read,oov,sw",RF,2,2,0.9083820662768031
Cruz,Fake News Filipino 2020,+ Stop words (SW),"vectorizers,read,oov,sw",SVC,2,2,0.9415204678362573
Cruz,Fake News Filipino 2020,+ Stop words (SW),"vectorizers,read,oov,sw",MNB,2,3,0.9044834307992202
Cruz,Fake News Filipino 2020,+ Stop words (SW),"vectorizers,read,oov,sw",LR,2,3,0.9571150097465887
Cruz,Fake News Filipino 2020,+ Stop words (SW),"vectorizers,read,oov,sw",RF,2,3,0.9044834307992202
Cruz,Fake News Filipino 2020,+ Stop words (SW),"vectorizers,read,oov,sw",SVC,2,3,0.9551656920077972
Cruz,Fake News Filipino 2020,+ Stop words (SW),"vectorizers,read,oov,sw",MNB,2,4,0.8732943469785575
Cruz,Fake News Filipino 2020,+ Stop words (SW),"vectorizers,read,oov,sw",LR,2,4,0.9532163742690059
Cruz,Fake News Filipino 2020,+ Stop words (SW),"vectorizers,read,oov,sw",RF,2,4,0.9395711500974658
Cruz,Fake News Filipino 2020,+ Stop words (SW),"vectorizers,read,oov,sw",SVC,2,4,0.949317738791423
Cruz,Fake News Filipino 2020,+ Stop words (SW),"vectorizers,read,oov,sw",MNB,2,5,0.900390625
Cruz,Fake News Filipino 2020,+ Stop words (SW),"vectorizers,read,oov,sw",LR,2,5,0.955078125
Cruz,Fake News Filipino 2020,+ Stop words (SW),"vectorizers,read,oov,sw",RF,2,5,0.9296875
Cruz,Fake News Filipino 2020,+ Stop words (SW),"vectorizers,read,oov,sw",SVC,2,5,0.955078125
Cruz,Fake News Filipino 2020,+ Stop words (SW),"vectorizers,read,oov,sw",MNB,3,1,0.8908382066276803
Cruz,Fake News Filipino 2020,+ Stop words (SW),"vectorizers,read,oov,sw",LR,3,1,0.935672514619883
Cruz,Fake News Filipino 2020,+ Stop words (SW),"vectorizers,read,oov,sw",RF,3,1,0.9025341130604289
Cruz,Fake News Filipino 2020,+ Stop words (SW),"vectorizers,read,oov,sw",SVC,3,1,0.9376218323586745
Cruz,Fake News Filipino 2020,+ Stop words (SW),"vectorizers,read,oov,sw",MNB,3,2,0.9044834307992202
Cruz,Fake News Filipino 2020,+ Stop words (SW),"vectorizers,read,oov,sw",LR,3,2,0.9532163742690059
Cruz,Fake News Filipino 2020,+ Stop words (SW),"vectorizers,read,oov,sw",RF,3,2,0.9298245614035088
Cruz,Fake News Filipino 2020,+ Stop words (SW),"vectorizers,read,oov,sw",SVC,3,2,0.9590643274853801
Cruz,Fake News Filipino 2020,+ Stop words (SW),"vectorizers,read,oov,sw",MNB,3,3,0.8927875243664717
Cruz,Fake News Filipino 2020,+ Stop words (SW),"vectorizers,read,oov,sw",LR,3,3,0.9629629629629629
Cruz,Fake News Filipino 2020,+ Stop words (SW),"vectorizers,read,oov,sw",RF,3,3,0.9298245614035088
Cruz,Fake News Filipino 2020,+ Stop words (SW),"vectorizers,read,oov,sw",SVC,3,3,0.9590643274853801
Cruz,Fake News Filipino 2020,+ Stop words (SW),"vectorizers,read,oov,sw",MNB,3,4,0.8927875243664717
Cruz,Fake News Filipino 2020,+ Stop words (SW),"vectorizers,read,oov,sw",LR,3,4,0.9590643274853801
Cruz,Fake News Filipino 2020,+ Stop words (SW),"vectorizers,read,oov,sw",RF,3,4,0.9083820662768031
Cruz,Fake News Filipino 2020,+ Stop words (SW),"vectorizers,read,oov,sw",SVC,3,4,0.9610136452241715
Cruz,Fake News Filipino 2020,+ Stop words (SW),"vectorizers,read,oov,sw",MNB,3,5,0.912109375
Cruz,Fake News Filipino 2020,+ Stop words (SW),"vectorizers,read,oov,sw",LR,3,5,0.93359375
Cruz,Fake News Filipino 2020,+ Stop words (SW),"vectorizers,read,oov,sw",RF,3,5,0.91796875
Cruz,Fake News Filipino 2020,+ Stop words (SW),"vectorizers,read,oov,sw",SVC,3,5,0.93359375
Cruz,Fake News Filipino 2020,+ Stop words (SW),"vectorizers,read,oov,sw",MNB,4,1,0.8791423001949318
Cruz,Fake News Filipino 2020,+ Stop words (SW),"vectorizers,read,oov,sw",LR,4,1,0.9415204678362573
Cruz,Fake News Filipino 2020,+ Stop words (SW),"vectorizers,read,oov,sw",RF,4,1,0.9142300194931774
Cruz,Fake News Filipino 2020,+ Stop words (SW),"vectorizers,read,oov,sw",SVC,4,1,0.9512670565302144
Cruz,Fake News Filipino 2020,+ Stop words (SW),"vectorizers,read,oov,sw",MNB,4,2,0.8947368421052632
Cruz,Fake News Filipino 2020,+ Stop words (SW),"vectorizers,read,oov,sw",LR,4,2,0.9610136452241715
Cruz,Fake News Filipino 2020,+ Stop words (SW),"vectorizers,read,oov,sw",RF,4,2,0.9161793372319688
Cruz,Fake News Filipino 2020,+ Stop words (SW),"vectorizers,read,oov,sw",SVC,4,2,0.949317738791423
Cruz,Fake News Filipino 2020,+ Stop words (SW),"vectorizers,read,oov,sw",MNB,4,3,0.9083820662768031
Cruz,Fake News Filipino 2020,+ Stop words (SW),"vectorizers,read,oov,sw",LR,4,3,0.9512670565302144
Cruz,Fake News Filipino 2020,+ Stop words (SW),"vectorizers,read,oov,sw",RF,4,3,0.9395711500974658
Cruz,Fake News Filipino 2020,+ Stop words (SW),"vectorizers,read,oov,sw",SVC,4,3,0.949317738791423
Cruz,Fake News Filipino 2020,+ Stop words (SW),"vectorizers,read,oov,sw",MNB,4,4,0.884990253411306
Cruz,Fake News Filipino 2020,+ Stop words (SW),"vectorizers,read,oov,sw",LR,4,4,0.9415204678362573
Cruz,Fake News Filipino 2020,+ Stop words (SW),"vectorizers,read,oov,sw",RF,4,4,0.9337231968810916
Cruz,Fake News Filipino 2020,+ Stop words (SW),"vectorizers,read,oov,sw",SVC,4,4,0.9512670565302144
Cruz,Fake News Filipino 2020,+ Stop words (SW),"vectorizers,read,oov,sw",MNB,4,5,0.916015625
Cruz,Fake News Filipino 2020,+ Stop words (SW),"vectorizers,read,oov,sw",LR,4,5,0.955078125
Cruz,Fake News Filipino 2020,+ Stop words (SW),"vectorizers,read,oov,sw",RF,4,5,0.923828125
Cruz,Fake News Filipino 2020,+ Stop words (SW),"vectorizers,read,oov,sw",SVC,4,5,0.95703125
Cruz,Fake News Filipino 2020,+ Stop words (SW),"vectorizers,read,oov,sw",MNB,5,1,0.8732943469785575
Cruz,Fake News Filipino 2020,+ Stop words (SW),"vectorizers,read,oov,sw",LR,5,1,0.9434697855750487
Cruz,Fake News Filipino 2020,+ Stop words (SW),"vectorizers,read,oov,sw",RF,5,1,0.9317738791423001
Cruz,Fake News Filipino 2020,+ Stop words (SW),"vectorizers,read,oov,sw",SVC,5,1,0.9434697855750487
Cruz,Fake News Filipino 2020,+ Stop words (SW),"vectorizers,read,oov,sw",MNB,5,2,0.8830409356725146
Cruz,Fake News Filipino 2020,+ Stop words (SW),"vectorizers,read,oov,sw",LR,5,2,0.9454191033138402
Cruz,Fake News Filipino 2020,+ Stop words (SW),"vectorizers,read,oov,sw",RF,5,2,0.9161793372319688
Cruz,Fake News Filipino 2020,+ Stop words (SW),"vectorizers,read,oov,sw",SVC,5,2,0.9473684210526315
Cruz,Fake News Filipino 2020,+ Stop words (SW),"vectorizers,read,oov,sw",MNB,5,3,0.8830409356725146
Cruz,Fake News Filipino 2020,+ Stop words (SW),"vectorizers,read,oov,sw",LR,5,3,0.9532163742690059
Cruz,Fake News Filipino 2020,+ Stop words (SW),"vectorizers,read,oov,sw",RF,5,3,0.9337231968810916
Cruz,Fake News Filipino 2020,+ Stop words (SW),"vectorizers,read,oov,sw",SVC,5,3,0.9512670565302144
Cruz,Fake News Filipino 2020,+ Stop words (SW),"vectorizers,read,oov,sw",MNB,5,4,0.9181286549707602
Cruz,Fake News Filipino 2020,+ Stop words (SW),"vectorizers,read,oov,sw",LR,5,4,0.9473684210526315
Cruz,Fake News Filipino 2020,+ Stop words (SW),"vectorizers,read,oov,sw",RF,5,4,0.9083820662768031
Cruz,Fake News Filipino 2020,+ Stop words (SW),"vectorizers,read,oov,sw",SVC,5,4,0.949317738791423
Cruz,Fake News Filipino 2020,+ Stop words (SW),"vectorizers,read,oov,sw",MNB,5,5,0.90625
Cruz,Fake News Filipino 2020,+ Stop words (SW),"vectorizers,read,oov,sw",LR,5,5,0.958984375
Cruz,Fake News Filipino 2020,+ Stop words (SW),"vectorizers,read,oov,sw",RF,5,5,0.912109375
Cruz,Fake News Filipino 2020,+ Stop words (SW),"vectorizers,read,oov,sw",SVC,5,5,0.95703125
Cruz,Fake News Filipino 2020,+ Stop words (SW),"vectorizers,read,oov,sw",MNB,6,1,0.9044834307992202
Cruz,Fake News Filipino 2020,+ Stop words (SW),"vectorizers,read,oov,sw",LR,6,1,0.9551656920077972
Cruz,Fake News Filipino 2020,+ Stop words (SW),"vectorizers,read,oov,sw",RF,6,1,0.9415204678362573
Cruz,Fake News Filipino 2020,+ Stop words (SW),"vectorizers,read,oov,sw",SVC,6,1,0.9512670565302144
Cruz,Fake News Filipino 2020,+ Stop words (SW),"vectorizers,read,oov,sw",MNB,6,2,0.9278752436647173
Cruz,Fake News Filipino 2020,+ Stop words (SW),"vectorizers,read,oov,sw",LR,6,2,0.9415204678362573
Cruz,Fake News Filipino 2020,+ Stop words (SW),"vectorizers,read,oov,sw",RF,6,2,0.9122807017543859
Cruz,Fake News Filipino 2020,+ Stop words (SW),"vectorizers,read,oov,sw",SVC,6,2,0.9434697855750487
Cruz,Fake News Filipino 2020,+ Stop words (SW),"vectorizers,read,oov,sw",MNB,6,3,0.8654970760233918
Cruz,Fake News Filipino 2020,+ Stop words (SW),"vectorizers,read,oov,sw",LR,6,3,0.9317738791423001
Cruz,Fake News Filipino 2020,+ Stop words (SW),"vectorizers,read,oov,sw",RF,6,3,0.8966861598440545
Cruz,Fake News Filipino 2020,+ Stop words (SW),"vectorizers,read,oov,sw",SVC,6,3,0.9395711500974658
Cruz,Fake News Filipino 2020,+ Stop words (SW),"vectorizers,read,oov,sw",MNB,6,4,0.9025341130604289
Cruz,Fake News Filipino 2020,+ Stop words (SW),"vectorizers,read,oov,sw",LR,6,4,0.9532163742690059
Cruz,Fake News Filipino 2020,+ Stop words (SW),"vectorizers,read,oov,sw",RF,6,4,0.9064327485380117
Cruz,Fake News Filipino 2020,+ Stop words (SW),"vectorizers,read,oov,sw",SVC,6,4,0.9512670565302144
Cruz,Fake News Filipino 2020,+ Stop words (SW),"vectorizers,read,oov,sw",MNB,6,5,0.87109375
Cruz,Fake News Filipino 2020,+ Stop words (SW),"vectorizers,read,oov,sw",LR,6,5,0.947265625
Cruz,Fake News Filipino 2020,+ Stop words (SW),"vectorizers,read,oov,sw",RF,6,5,0.939453125
Cruz,Fake News Filipino 2020,+ Stop words (SW),"vectorizers,read,oov,sw",SVC,6,5,0.951171875
Cruz,Fake News Filipino 2020,+ Traditional features (TRAD),"vectorizers,read,oov,sw,trad",MNB,1,1,0.9239766081871345
Cruz,Fake News Filipino 2020,+ Traditional features (TRAD),"vectorizers,read,oov,sw,trad",LR,1,1,0.9649122807017544
Cruz,Fake News Filipino 2020,+ Traditional features (TRAD),"vectorizers,read,oov,sw,trad",RF,1,1,0.9259259259259259
Cruz,Fake News Filipino 2020,+ Traditional features (TRAD),"vectorizers,read,oov,sw,trad",SVC,1,1,0.9688109161793372
Cruz,Fake News Filipino 2020,+ Traditional features (TRAD),"vectorizers,read,oov,sw,trad",MNB,1,2,0.9122807017543859
Cruz,Fake News Filipino 2020,+ Traditional features (TRAD),"vectorizers,read,oov,sw,trad",LR,1,2,0.949317738791423
Cruz,Fake News Filipino 2020,+ Traditional features (TRAD),"vectorizers,read,oov,sw,trad",RF,1,2,0.9337231968810916
Cruz,Fake News Filipino 2020,+ Traditional features (TRAD),"vectorizers,read,oov,sw,trad",SVC,1,2,0.9415204678362573
Cruz,Fake News Filipino 2020,+ Traditional features (TRAD),"vectorizers,read,oov,sw,trad",MNB,1,3,0.9278752436647173
Cruz,Fake News Filipino 2020,+ Traditional features (TRAD),"vectorizers,read,oov,sw,trad",LR,1,3,0.9512670565302144
Cruz,Fake News Filipino 2020,+ Traditional features (TRAD),"vectorizers,read,oov,sw,trad",RF,1,3,0.9142300194931774
Cruz,Fake News Filipino 2020,+ Traditional features (TRAD),"vectorizers,read,oov,sw,trad",SVC,1,3,0.9454191033138402
Cruz,Fake News Filipino 2020,+ Traditional features (TRAD),"vectorizers,read,oov,sw,trad",MNB,1,4,0.9103313840155945
Cruz,Fake News Filipino 2020,+ Traditional features (TRAD),"vectorizers,read,oov,sw,trad",LR,1,4,0.9376218323586745
Cruz,Fake News Filipino 2020,+ Traditional features (TRAD),"vectorizers,read,oov,sw,trad",RF,1,4,0.8888888888888888
Cruz,Fake News Filipino 2020,+ Traditional features (TRAD),"vectorizers,read,oov,sw,trad",SVC,1,4,0.9454191033138402
Cruz,Fake News Filipino 2020,+ Traditional features (TRAD),"vectorizers,read,oov,sw,trad",MNB,1,5,0.92578125
Cruz,Fake News Filipino 2020,+ Traditional features (TRAD),"vectorizers,read,oov,sw,trad",LR,1,5,0.958984375
Cruz,Fake News Filipino 2020,+ Traditional features (TRAD),"vectorizers,read,oov,sw,trad",RF,1,5,0.931640625
Cruz,Fake News Filipino 2020,+ Traditional features (TRAD),"vectorizers,read,oov,sw,trad",SVC,1,5,0.9609375
Cruz,Fake News Filipino 2020,+ Traditional features (TRAD),"vectorizers,read,oov,sw,trad",MNB,2,1,0.9239766081871345
Cruz,Fake News Filipino 2020,+ Traditional features (TRAD),"vectorizers,read,oov,sw,trad",LR,2,1,0.9590643274853801
Cruz,Fake News Filipino 2020,+ Traditional features (TRAD),"vectorizers,read,oov,sw,trad",RF,2,1,0.9298245614035088
Cruz,Fake News Filipino 2020,+ Traditional features (TRAD),"vectorizers,read,oov,sw,trad",SVC,2,1,0.9590643274853801
Cruz,Fake News Filipino 2020,+ Traditional features (TRAD),"vectorizers,read,oov,sw,trad",MNB,2,2,0.9064327485380117
Cruz,Fake News Filipino 2020,+ Traditional features (TRAD),"vectorizers,read,oov,sw,trad",LR,2,2,0.9376218323586745
Cruz,Fake News Filipino 2020,+ Traditional features (TRAD),"vectorizers,read,oov,sw,trad",RF,2,2,0.9181286549707602
Cruz,Fake News Filipino 2020,+ Traditional features (TRAD),"vectorizers,read,oov,sw,trad",SVC,2,2,0.9434697855750487
Cruz,Fake News Filipino 2020,+ Traditional features (TRAD),"vectorizers,read,oov,sw,trad",MNB,2,3,0.9161793372319688
Cruz,Fake News Filipino 2020,+ Traditional features (TRAD),"vectorizers,read,oov,sw,trad",LR,2,3,0.9551656920077972
Cruz,Fake News Filipino 2020,+ Traditional features (TRAD),"vectorizers,read,oov,sw,trad",RF,2,3,0.9181286549707602
Cruz,Fake News Filipino 2020,+ Traditional features (TRAD),"vectorizers,read,oov,sw,trad",SVC,2,3,0.9551656920077972
Cruz,Fake News Filipino 2020,+ Traditional features (TRAD),"vectorizers,read,oov,sw,trad",MNB,2,4,0.9142300194931774
Cruz,Fake News Filipino 2020,+ Traditional features (TRAD),"vectorizers,read,oov,sw,trad",LR,2,4,0.9512670565302144
Cruz,Fake News Filipino 2020,+ Traditional features (TRAD),"vectorizers,read,oov,sw,trad",RF,2,4,0.9259259259259259
Cruz,Fake News Filipino 2020,+ Traditional features (TRAD),"vectorizers,read,oov,sw,trad",SVC,2,4,0.9512670565302144
Cruz,Fake News Filipino 2020,+ Traditional features (TRAD),"vectorizers,read,oov,sw,trad",MNB,2,5,0.931640625
Cruz,Fake News Filipino 2020,+ Traditional features (TRAD),"vectorizers,read,oov,sw,trad",LR,2,5,0.9609375
Cruz,Fake News Filipino 2020,+ Traditional features (TRAD),"vectorizers,read,oov,sw,trad",RF,2,5,0.9296875
Cruz,Fake News Filipino 2020,+ Traditional features (TRAD),"vectorizers,read,oov,sw,trad",SVC,2,5,0.958984375
Cruz,Fake News Filipino 2020,+ Traditional features (TRAD),"vectorizers,read,oov,sw,trad",MNB,3,1,0.9083820662768031
Cruz,Fake News Filipino 2020,+ Traditional features (TRAD),"vectorizers,read,oov,sw,trad",LR,3,1,0.9259259259259259
Cruz,Fake News Filipino 2020,+ Traditional features (TRAD),"vectorizers,read,oov,sw,trad",RF,3,1,0.9142300194931774
Cruz,Fake News Filipino 2020,+ Traditional features (TRAD),"vectorizers,read,oov,sw,trad",SVC,3,1,0.9278752436647173
Cruz,Fake News Filipino 2020,+ Traditional features (TRAD),"vectorizers,read,oov,sw,trad",MNB,3,2,0.9376218323586745
Cruz,Fake News Filipino 2020,+ Traditional features (TRAD),"vectorizers,read,oov,sw,trad",LR,3,2,0.9746588693957114
Cruz,Fake News Filipino 2020,+ Traditional features (TRAD),"vectorizers,read,oov,sw,trad",RF,3,2,0.9376218323586745
Cruz,Fake News Filipino 2020,+ Traditional features (TRAD),"vectorizers,read,oov,sw,trad",SVC,3,2,0.9746588693957114
Cruz,Fake News Filipino 2020,+ Traditional features (TRAD),"vectorizers,read,oov,sw,trad",MNB,3,3,0.9181286549707602
Cruz,Fake News Filipino 2020,+ Traditional features (TRAD),"vectorizers,read,oov,sw,trad",LR,3,3,0.9629629629629629
Cruz,Fake News Filipino 2020,+ Traditional features (TRAD),"vectorizers,read,oov,sw,trad",RF,3,3,0.9220272904483431
Cruz,Fake News Filipino 2020,+ Traditional features (TRAD),"vectorizers,read,oov,sw,trad",SVC,3,3,0.9571150097465887
Cruz,Fake News Filipino 2020,+ Traditional features (TRAD),"vectorizers,read,oov,sw,trad",MNB,3,4,0.9161793372319688
Cruz,Fake News Filipino 2020,+ Traditional features (TRAD),"vectorizers,read,oov,sw,trad",LR,3,4,0.9551656920077972
Cruz,Fake News Filipino 2020,+ Traditional features (TRAD),"vectorizers,read,oov,sw,trad",RF,3,4,0.9181286549707602
Cruz,Fake News Filipino 2020,+ Traditional features (TRAD),"vectorizers,read,oov,sw,trad",SVC,3,4,0.9532163742690059
Cruz,Fake News Filipino 2020,+ Traditional features (TRAD),"vectorizers,read,oov,sw,trad",MNB,3,5,0.92578125
Cruz,Fake News Filipino 2020,+ Traditional features (TRAD),"vectorizers,read,oov,sw,trad",LR,3,5,0.943359375
Cruz,Fake News Filipino 2020,+ Traditional features (TRAD),"vectorizers,read,oov,sw,trad",RF,3,5,0.9140625
Cruz,Fake News Filipino 2020,+ Traditional features (TRAD),"vectorizers,read,oov,sw,trad",SVC,3,5,0.93359375
Cruz,Fake News Filipino 2020,+ Traditional features (TRAD),"vectorizers,read,oov,sw,trad",MNB,4,1,0.9083820662768031
Cruz,Fake News Filipino 2020,+ Traditional features (TRAD),"vectorizers,read,oov,sw,trad",LR,4,1,0.9454191033138402
Cruz,Fake News Filipino 2020,+ Traditional features (TRAD),"vectorizers,read,oov,sw,trad",RF,4,1,0.9064327485380117
Cruz,Fake News Filipino 2020,+ Traditional features (TRAD),"vectorizers,read,oov,sw,trad",SVC,4,1,0.9434697855750487
Cruz,Fake News Filipino 2020,+ Traditional features (TRAD),"vectorizers,read,oov,sw,trad",MNB,4,2,0.9161793372319688
Cruz,Fake News Filipino 2020,+ Traditional features (TRAD),"vectorizers,read,oov,sw,trad",LR,4,2,0.9649122807017544
Cruz,Fake News Filipino 2020,+ Traditional features (TRAD),"vectorizers,read,oov,sw,trad",RF,4,2,0.9220272904483431
Cruz,Fake News Filipino 2020,+ Traditional features (TRAD),"vectorizers,read,oov,sw,trad",SVC,4,2,0.9590643274853801
Cruz,Fake News Filipino 2020,+ Traditional features (TRAD),"vectorizers,read,oov,sw,trad",MNB,4,3,0.9395711500974658
Cruz,Fake News Filipino 2020,+ Traditional features (TRAD),"vectorizers,read,oov,sw,trad",LR,4,3,0.9512670565302144
Cruz,Fake News Filipino 2020,+ Traditional features (TRAD),"vectorizers,read,oov,sw,trad",RF,4,3,0.935672514619883
Cruz,Fake News Filipino 2020,+ Traditional features (TRAD),"vectorizers,read,oov,sw,trad",SVC,4,3,0.9532163742690059
Cruz,Fake News Filipino 2020,+ Traditional features (TRAD),"vectorizers,read,oov,sw,trad",MNB,4,4,0.9103313840155945
Cruz,Fake News Filipino 2020,+ Traditional features (TRAD),"vectorizers,read,oov,sw,trad",LR,4,4,0.9434697855750487
Cruz,Fake News Filipino 2020,+ Traditional features (TRAD),"vectorizers,read,oov,sw,trad",RF,4,4,0.9298245614035088
Cruz,Fake News Filipino 2020,+ Traditional features (TRAD),"vectorizers,read,oov,sw,trad",SVC,4,4,0.9512670565302144
Cruz,Fake News Filipino 2020,+ Traditional features (TRAD),"vectorizers,read,oov,sw,trad",MNB,4,5,0.9296875
Cruz,Fake News Filipino 2020,+ Traditional features (TRAD),"vectorizers,read,oov,sw,trad",LR,4,5,0.947265625
Cruz,Fake News Filipino 2020,+ Traditional features (TRAD),"vectorizers,read,oov,sw,trad",RF,4,5,0.91015625
Cruz,Fake News Filipino 2020,+ Traditional features (TRAD),"vectorizers,read,oov,sw,trad",SVC,4,5,0.953125
Cruz,Fake News Filipino 2020,+ Traditional features (TRAD),"vectorizers,read,oov,sw,trad",MNB,5,1,0.9025341130604289
Cruz,Fake News Filipino 2020,+ Traditional features (TRAD),"vectorizers,read,oov,sw,trad",LR,5,1,0.9512670565302144
Cruz,Fake News Filipino 2020,+ Traditional features (TRAD),"vectorizers,read,oov,sw,trad",RF,5,1,0.9376218323586745
Cruz,Fake News Filipino 2020,+ Traditional features (TRAD),"vectorizers,read,oov,sw,trad",SVC,5,1,0.9532163742690059
Cruz,Fake News Filipino 2020,+ Traditional features (TRAD),"vectorizers,read,oov,sw,trad",MNB,5,2,0.9161793372319688
Cruz,Fake News Filipino 2020,+ Traditional features (TRAD),"vectorizers,read,oov,sw,trad",LR,5,2,0.9512670565302144
Cruz,Fake News Filipino 2020,+ Traditional features (TRAD),"vectorizers,read,oov,sw,trad",RF,5,2,0.9142300194931774
Cruz,Fake News Filipino 2020,+ Traditional features (TRAD),"vectorizers,read,oov,sw,trad",SVC,5,2,0.9512670565302144
Cruz,Fake News Filipino 2020,+ Traditional features (TRAD),"vectorizers,read,oov,sw,trad",MNB,5,3,0.9239766081871345
Cruz,Fake News Filipino 2020,+ Traditional features (TRAD),"vectorizers,read,oov,sw,trad",LR,5,3,0.9512670565302144
Cruz,Fake News Filipino 2020,+ Traditional features (TRAD),"vectorizers,read,oov,sw,trad",RF,5,3,0.9376218323586745
Cruz,Fake News Filipino 2020,+ Traditional features (TRAD),"vectorizers,read,oov,sw,trad",SVC,5,3,0.9512670565302144
Cruz,Fake News Filipino 2020,+ Traditional features (TRAD),"vectorizers,read,oov,sw,trad",MNB,5,4,0.9259259259259259
Cruz,Fake News Filipino 2020,+ Traditional features (TRAD),"vectorizers,read,oov,sw,trad",LR,5,4,0.9454191033138402
Cruz,Fake News Filipino 2020,+ Traditional features (TRAD),"vectorizers,read,oov,sw,trad",RF,5,4,0.9142300194931774
Cruz,Fake News Filipino 2020,+ Traditional features (TRAD),"vectorizers,read,oov,sw,trad",SVC,5,4,0.9473684210526315
Cruz,Fake News Filipino 2020,+ Traditional features (TRAD),"vectorizers,read,oov,sw,trad",MNB,5,5,0.9375
Cruz,Fake News Filipino 2020,+ Traditional features (TRAD),"vectorizers,read,oov,sw,trad",LR,5,5,0.962890625
Cruz,Fake News Filipino 2020,+ Traditional features (TRAD),"vectorizers,read,oov,sw,trad",RF,5,5,0.919921875
Cruz,Fake News Filipino 2020,+ Traditional features (TRAD),"vectorizers,read,oov,sw,trad",SVC,5,5,0.9609375
Cruz,Fake News Filipino 2020,+ Traditional features (TRAD),"vectorizers,read,oov,sw,trad",MNB,6,1,0.9415204678362573
Cruz,Fake News Filipino 2020,+ Traditional features (TRAD),"vectorizers,read,oov,sw,trad",LR,6,1,0.9629629629629629
Cruz,Fake News Filipino 2020,+ Traditional features (TRAD),"vectorizers,read,oov,sw,trad",RF,6,1,0.9337231968810916
Cruz,Fake News Filipino 2020,+ Traditional features (TRAD),"vectorizers,read,oov,sw,trad",SVC,6,1,0.9532163742690059
Cruz,Fake News Filipino 2020,+ Traditional features (TRAD),"vectorizers,read,oov,sw,trad",MNB,6,2,0.9317738791423001
Cruz,Fake News Filipino 2020,+ Traditional features (TRAD),"vectorizers,read,oov,sw,trad",LR,6,2,0.9512670565302144
Cruz,Fake News Filipino 2020,+ Traditional features (TRAD),"vectorizers,read,oov,sw,trad",RF,6,2,0.9142300194931774
Cruz,Fake News Filipino 2020,+ Traditional features (TRAD),"vectorizers,read,oov,sw,trad",SVC,6,2,0.9454191033138402
Cruz,Fake News Filipino 2020,+ Traditional features (TRAD),"vectorizers,read,oov,sw,trad",MNB,6,3,0.9005847953216374
Cruz,Fake News Filipino 2020,+ Traditional features (TRAD),"vectorizers,read,oov,sw,trad",LR,6,3,0.9415204678362573
Cruz,Fake News Filipino 2020,+ Traditional features (TRAD),"vectorizers,read,oov,sw,trad",RF,6,3,0.898635477582846
Cruz,Fake News Filipino 2020,+ Traditional features (TRAD),"vectorizers,read,oov,sw,trad",SVC,6,3,0.949317738791423
Cruz,Fake News Filipino 2020,+ Traditional features (TRAD),"vectorizers,read,oov,sw,trad",MNB,6,4,0.9103313840155945
Cruz,Fake News Filipino 2020,+ Traditional features (TRAD),"vectorizers,read,oov,sw,trad",LR,6,4,0.9571150097465887
Cruz,Fake News Filipino 2020,+ Traditional features (TRAD),"vectorizers,read,oov,sw,trad",RF,6,4,0.9142300194931774
Cruz,Fake News Filipino 2020,+ Traditional features (TRAD),"vectorizers,read,oov,sw,trad",SVC,6,4,0.949317738791423
Cruz,Fake News Filipino 2020,+ Traditional features (TRAD),"vectorizers,read,oov,sw,trad",MNB,6,5,0.90234375
Cruz,Fake News Filipino 2020,+ Traditional features (TRAD),"vectorizers,read,oov,sw,trad",LR,6,5,0.94921875
Cruz,Fake News Filipino 2020,+ Traditional features (TRAD),"vectorizers,read,oov,sw,trad",RF,6,5,0.935546875
Cruz,Fake News Filipino 2020,+ Traditional features (TRAD),"vectorizers,read,oov,sw,trad",SVC,6,5,0.94921875
Cruz,Fake News Filipino 2020,+ Syllabic features (SYLL),"vectorizers,read,oov,sw,trad,syll",MNB,1,1,0.9259259259259259
Cruz,Fake News Filipino 2020,+ Syllabic features (SYLL),"vectorizers,read,oov,sw,trad,syll",LR,1,1,0.9649122807017544
Cruz,Fake News Filipino 2020,+ Syllabic features (SYLL),"vectorizers,read,oov,sw,trad,syll",RF,1,1,0.9278752436647173
Cruz,Fake News Filipino 2020,+ Syllabic features (SYLL),"vectorizers,read,oov,sw,trad,syll",SVC,1,1,0.9688109161793372
Cruz,Fake News Filipino 2020,+ Syllabic features (SYLL),"vectorizers,read,oov,sw,trad,syll",MNB,1,2,0.9122807017543859
Cruz,Fake News Filipino 2020,+ Syllabic features (SYLL),"vectorizers,read,oov,sw,trad,syll",LR,1,2,0.949317738791423
Cruz,Fake News Filipino 2020,+ Syllabic features (SYLL),"vectorizers,read,oov,sw,trad,syll",RF,1,2,0.9298245614035088
Cruz,Fake News Filipino 2020,+ Syllabic features (SYLL),"vectorizers,read,oov,sw,trad,syll",SVC,1,2,0.9415204678362573
Cruz,Fake News Filipino 2020,+ Syllabic features (SYLL),"vectorizers,read,oov,sw,trad,syll",MNB,1,3,0.9317738791423001
Cruz,Fake News Filipino 2020,+ Syllabic features (SYLL),"vectorizers,read,oov,sw,trad,syll",LR,1,3,0.949317738791423
Cruz,Fake News Filipino 2020,+ Syllabic features (SYLL),"vectorizers,read,oov,sw,trad,syll",RF,1,3,0.9181286549707602
Cruz,Fake News Filipino 2020,+ Syllabic features (SYLL),"vectorizers,read,oov,sw,trad,syll",SVC,1,3,0.9454191033138402
Cruz,Fake News Filipino 2020,+ Syllabic features (SYLL),"vectorizers,read,oov,sw,trad,syll",MNB,1,4,0.9103313840155945
Cruz,Fake News Filipino 2020,+ Syllabic features (SYLL),"vectorizers,read,oov,sw,trad,syll",LR,1,4,0.9395711500974658
Cruz,Fake News Filipino 2020,+ Syllabic features (SYLL),"vectorizers,read,oov,sw,trad,syll",RF,1,4,0.9025341130604289
Cruz,Fake News Filipino 2020,+ Syllabic features (SYLL),"vectorizers,read,oov,sw,trad,syll",SVC,1,4,0.9376218323586745
Cruz,Fake News Filipino 2020,+ Syllabic features (SYLL),"vectorizers,read,oov,sw,trad,syll",MNB,1,5,0.92578125
Cruz,Fake News Filipino 2020,+ Syllabic features (SYLL),"vectorizers,read,oov,sw,trad,syll",LR,1,5,0.9609375
Cruz,Fake News Filipino 2020,+ Syllabic features (SYLL),"vectorizers,read,oov,sw,trad,syll",RF,1,5,0.93359375
Cruz,Fake News Filipino 2020,+ Syllabic features (SYLL),"vectorizers,read,oov,sw,trad,syll",SVC,1,5,0.958984375
Cruz,Fake News Filipino 2020,+ Syllabic features (SYLL),"vectorizers,read,oov,sw,trad,syll",MNB,2,1,0.9278752436647173
Cruz,Fake News Filipino 2020,+ Syllabic features (SYLL),"vectorizers,read,oov,sw,trad,syll",LR,2,1,0.9590643274853801
Cruz,Fake News Filipino 2020,+ Syllabic features (SYLL),"vectorizers,read,oov,sw,trad,syll",RF,2,1,0.9259259259259259
Cruz,Fake News Filipino 2020,+ Syllabic features (SYLL),"vectorizers,read,oov,sw,trad,syll",SVC,2,1,0.9590643274853801
Cruz,Fake News Filipino 2020,+ Syllabic features (SYLL),"vectorizers,read,oov,sw,trad,syll",MNB,2,2,0.9064327485380117
Cruz,Fake News Filipino 2020,+ Syllabic features (SYLL),"vectorizers,read,oov,sw,trad,syll",LR,2,2,0.9395711500974658
Cruz,Fake News Filipino 2020,+ Syllabic features (SYLL),"vectorizers,read,oov,sw,trad,syll",RF,2,2,0.9044834307992202
Cruz,Fake News Filipino 2020,+ Syllabic features (SYLL),"vectorizers,read,oov,sw,trad,syll",SVC,2,2,0.9434697855750487
Cruz,Fake News Filipino 2020,+ Syllabic features (SYLL),"vectorizers,read,oov,sw,trad,syll",MNB,2,3,0.9200779727095516
Cruz,Fake News Filipino 2020,+ Syllabic features (SYLL),"vectorizers,read,oov,sw,trad,syll",LR,2,3,0.9532163742690059
Cruz,Fake News Filipino 2020,+ Syllabic features (SYLL),"vectorizers,read,oov,sw,trad,syll",RF,2,3,0.9181286549707602
Cruz,Fake News Filipino 2020,+ Syllabic features (SYLL),"vectorizers,read,oov,sw,trad,syll",SVC,2,3,0.9571150097465887
Cruz,Fake News Filipino 2020,+ Syllabic features (SYLL),"vectorizers,read,oov,sw,trad,syll",MNB,2,4,0.9142300194931774
Cruz,Fake News Filipino 2020,+ Syllabic features (SYLL),"vectorizers,read,oov,sw,trad,syll",LR,2,4,0.9512670565302144
Cruz,Fake News Filipino 2020,+ Syllabic features (SYLL),"vectorizers,read,oov,sw,trad,syll",RF,2,4,0.9278752436647173
Cruz,Fake News Filipino 2020,+ Syllabic features (SYLL),"vectorizers,read,oov,sw,trad,syll",SVC,2,4,0.9512670565302144
Cruz,Fake News Filipino 2020,+ Syllabic features (SYLL),"vectorizers,read,oov,sw,trad,syll",MNB,2,5,0.93359375
Cruz,Fake News Filipino 2020,+ Syllabic features (SYLL),"vectorizers,read,oov,sw,trad,syll",LR,2,5,0.9609375
Cruz,Fake News Filipino 2020,+ Syllabic features (SYLL),"vectorizers,read,oov,sw,trad,syll",RF,2,5,0.935546875
Cruz,Fake News Filipino 2020,+ Syllabic features (SYLL),"vectorizers,read,oov,sw,trad,syll",SVC,2,5,0.958984375
Cruz,Fake News Filipino 2020,+ Syllabic features (SYLL),"vectorizers,read,oov,sw,trad,syll",MNB,3,1,0.9083820662768031
Cruz,Fake News Filipino 2020,+ Syllabic features (SYLL),"vectorizers,read,oov,sw,trad,syll",LR,3,1,0.9259259259259259
Cruz,Fake News Filipino 2020,+ Syllabic features (SYLL),"vectorizers,read,oov,sw,trad,syll",RF,3,1,0.9122807017543859
Cruz,Fake News Filipino 2020,+ Syllabic features (SYLL),"vectorizers,read,oov,sw,trad,syll",SVC,3,1,0.9278752436647173
Cruz,Fake News Filipino 2020,+ Syllabic features (SYLL),"vectorizers,read,oov,sw,trad,syll",MNB,3,2,0.9376218323586745
Cruz,Fake News Filipino 2020,+ Syllabic features (SYLL),"vectorizers,read,oov,sw,trad,syll",LR,3,2,0.9746588693957114
Cruz,Fake News Filipino 2020,+ Syllabic features (SYLL),"vectorizers,read,oov,sw,trad,syll",RF,3,2,0.9259259259259259
Cruz,Fake News Filipino 2020,+ Syllabic features (SYLL),"vectorizers,read,oov,sw,trad,syll",SVC,3,2,0.9746588693957114
Cruz,Fake News Filipino 2020,+ Syllabic features (SYLL),"vectorizers,read,oov,sw,trad,syll",MNB,3,3,0.9259259259259259
Cruz,Fake News Filipino 2020,+ Syllabic features (SYLL),"vectorizers,read,oov,sw,trad,syll",LR,3,3,0.9629629629629629
Cruz,Fake News Filipino 2020,+ Syllabic features (SYLL),"vectorizers,read,oov,sw,trad,syll",RF,3,3,0.9278752436647173
Cruz,Fake News Filipino 2020,+ Syllabic features (SYLL),"vectorizers,read,oov,sw,trad,syll",SVC,3,3,0.9571150097465887
Cruz,Fake News Filipino 2020,+ Syllabic features (SYLL),"vectorizers,read,oov,sw,trad,syll",MNB,3,4,0.9161793372319688
Cruz,Fake News Filipino 2020,+ Syllabic features (SYLL),"vectorizers,read,oov,sw,trad,syll",LR,3,4,0.9551656920077972
Cruz,Fake News Filipino 2020,+ Syllabic features (SYLL),"vectorizers,read,oov,sw,trad,syll",RF,3,4,0.9200779727095516
Cruz,Fake News Filipino 2020,+ Syllabic features (SYLL),"vectorizers,read,oov,sw,trad,syll",SVC,3,4,0.9532163742690059
Cruz,Fake News Filipino 2020,+ Syllabic features (SYLL),"vectorizers,read,oov,sw,trad,syll",MNB,3,5,0.923828125
Cruz,Fake News Filipino 2020,+ Syllabic features (SYLL),"vectorizers,read,oov,sw,trad,syll",LR,3,5,0.943359375
Cruz,Fake News Filipino 2020,+ Syllabic features (SYLL),"vectorizers,read,oov,sw,trad,syll",RF,3,5,0.916015625
Cruz,Fake News Filipino 2020,+ Syllabic features (SYLL),"vectorizers,read,oov,sw,trad,syll",SVC,3,5,0.935546875
Cruz,Fake News Filipino 2020,+ Syllabic features (SYLL),"vectorizers,read,oov,sw,trad,syll",MNB,4,1,0.9064327485380117
Cruz,Fake News Filipino 2020,+ Syllabic features (SYLL),"vectorizers,read,oov,sw,trad,syll",LR,4,1,0.9454191033138402
Cruz,Fake News Filipino 2020,+ Syllabic features (SYLL),"vectorizers,read,oov,sw,trad,syll",RF,4,1,0.8947368421052632
Cruz,Fake News Filipino 2020,+ Syllabic features (SYLL),"vectorizers,read,oov,sw,trad,syll",SVC,4,1,0.9415204678362573
Cruz,Fake News Filipino 2020,+ Syllabic features (SYLL),"vectorizers,read,oov,sw,trad,syll",MNB,4,2,0.9161793372319688
Cruz,Fake News Filipino 2020,+ Syllabic features (SYLL),"vectorizers,read,oov,sw,trad,syll",LR,4,2,0.9649122807017544
Cruz,Fake News Filipino 2020,+ Syllabic features (SYLL),"vectorizers,read,oov,sw,trad,syll",RF,4,2,0.9161793372319688
Cruz,Fake News Filipino 2020,+ Syllabic features (SYLL),"vectorizers,read,oov,sw,trad,syll",SVC,4,2,0.9610136452241715
Cruz,Fake News Filipino 2020,+ Syllabic features (SYLL),"vectorizers,read,oov,sw,trad,syll",MNB,4,3,0.935672514619883
Cruz,Fake News Filipino 2020,+ Syllabic features (SYLL),"vectorizers,read,oov,sw,trad,syll",LR,4,3,0.9512670565302144
Cruz,Fake News Filipino 2020,+ Syllabic features (SYLL),"vectorizers,read,oov,sw,trad,syll",RF,4,3,0.9298245614035088
Cruz,Fake News Filipino 2020,+ Syllabic features (SYLL),"vectorizers,read,oov,sw,trad,syll",SVC,4,3,0.9532163742690059
Cruz,Fake News Filipino 2020,+ Syllabic features (SYLL),"vectorizers,read,oov,sw,trad,syll",MNB,4,4,0.9103313840155945
Cruz,Fake News Filipino 2020,+ Syllabic features (SYLL),"vectorizers,read,oov,sw,trad,syll",LR,4,4,0.9454191033138402
Cruz,Fake News Filipino 2020,+ Syllabic features (SYLL),"vectorizers,read,oov,sw,trad,syll",RF,4,4,0.9239766081871345
Cruz,Fake News Filipino 2020,+ Syllabic features (SYLL),"vectorizers,read,oov,sw,trad,syll",SVC,4,4,0.9512670565302144
Cruz,Fake News Filipino 2020,+ Syllabic features (SYLL),"vectorizers,read,oov,sw,trad,syll",MNB,4,5,0.9296875
Cruz,Fake News Filipino 2020,+ Syllabic features (SYLL),"vectorizers,read,oov,sw,trad,syll",LR,4,5,0.947265625
Cruz,Fake News Filipino 2020,+ Syllabic features (SYLL),"vectorizers,read,oov,sw,trad,syll",RF,4,5,0.919921875
Cruz,Fake News Filipino 2020,+ Syllabic features (SYLL),"vectorizers,read,oov,sw,trad,syll",SVC,4,5,0.951171875
Cruz,Fake News Filipino 2020,+ Syllabic features (SYLL),"vectorizers,read,oov,sw,trad,syll",MNB,5,1,0.9005847953216374
Cruz,Fake News Filipino 2020,+ Syllabic features (SYLL),"vectorizers,read,oov,sw,trad,syll",LR,5,1,0.9512670565302144
Cruz,Fake News Filipino 2020,+ Syllabic features (SYLL),"vectorizers,read,oov,sw,trad,syll",RF,5,1,0.9278752436647173
Cruz,Fake News Filipino 2020,+ Syllabic features (SYLL),"vectorizers,read,oov,sw,trad,syll",SVC,5,1,0.9532163742690059
Cruz,Fake News Filipino 2020,+ Syllabic features (SYLL),"vectorizers,read,oov,sw,trad,syll",MNB,5,2,0.9181286549707602
Cruz,Fake News Filipino 2020,+ Syllabic features (SYLL),"vectorizers,read,oov,sw,trad,syll",LR,5,2,0.9512670565302144
Cruz,Fake News Filipino 2020,+ Syllabic features (SYLL),"vectorizers,read,oov,sw,trad,syll",RF,5,2,0.9220272904483431
Cruz,Fake News Filipino 2020,+ Syllabic features (SYLL),"vectorizers,read,oov,sw,trad,syll",SVC,5,2,0.9532163742690059
Cruz,Fake News Filipino 2020,+ Syllabic features (SYLL),"vectorizers,read,oov,sw,trad,syll",MNB,5,3,0.9220272904483431
Cruz,Fake News Filipino 2020,+ Syllabic features (SYLL),"vectorizers,read,oov,sw,trad,syll",LR,5,3,0.9512670565302144
Cruz,Fake News Filipino 2020,+ Syllabic features (SYLL),"vectorizers,read,oov,sw,trad,syll",RF,5,3,0.9376218323586745
Cruz,Fake News Filipino 2020,+ Syllabic features (SYLL),"vectorizers,read,oov,sw,trad,syll",SVC,5,3,0.9512670565302144
Cruz,Fake News Filipino 2020,+ Syllabic features (SYLL),"vectorizers,read,oov,sw,trad,syll",MNB,5,4,0.9259259259259259
Cruz,Fake News Filipino 2020,+ Syllabic features (SYLL),"vectorizers,read,oov,sw,trad,syll",LR,5,4,0.9454191033138402
Cruz,Fake News Filipino 2020,+ Syllabic features (SYLL),"vectorizers,read,oov,sw,trad,syll",RF,5,4,0.9122807017543859
Cruz,Fake News Filipino 2020,+ Syllabic features (SYLL),"vectorizers,read,oov,sw,trad,syll",SVC,5,4,0.9473684210526315
Cruz,Fake News Filipino 2020,+ Syllabic features (SYLL),"vectorizers,read,oov,sw,trad,syll",MNB,5,5,0.939453125
Cruz,Fake News Filipino 2020,+ Syllabic features (SYLL),"vectorizers,read,oov,sw,trad,syll",LR,5,5,0.962890625
Cruz,Fake News Filipino 2020,+ Syllabic features (SYLL),"vectorizers,read,oov,sw,trad,syll",RF,5,5,0.91015625
Cruz,Fake News Filipino 2020,+ Syllabic features (SYLL),"vectorizers,read,oov,sw,trad,syll",SVC,5,5,0.9609375
Cruz,Fake News Filipino 2020,+ Syllabic features (SYLL),"vectorizers,read,oov,sw,trad,syll",MNB,6,1,0.9434697855750487
Cruz,Fake News Filipino 2020,+ Syllabic features (SYLL),"vectorizers,read,oov,sw,trad,syll",LR,6,1,0.9629629629629629
Cruz,Fake News Filipino 2020,+ Syllabic features (SYLL),"vectorizers,read,oov,sw,trad,syll",RF,6,1,0.9473684210526315
Cruz,Fake News Filipino 2020,+ Syllabic features (SYLL),"vectorizers,read,oov,sw,trad,syll",SVC,6,1,0.9532163742690059
Cruz,Fake News Filipino 2020,+ Syllabic features (SYLL),"vectorizers,read,oov,sw,trad,syll",MNB,6,2,0.935672514619883
Cruz,Fake News Filipino 2020,+ Syllabic features (SYLL),"vectorizers,read,oov,sw,trad,syll",LR,6,2,0.9512670565302144
Cruz,Fake News Filipino 2020,+ Syllabic features (SYLL),"vectorizers,read,oov,sw,trad,syll",RF,6,2,0.9103313840155945
Cruz,Fake News Filipino 2020,+ Syllabic features (SYLL),"vectorizers,read,oov,sw,trad,syll",SVC,6,2,0.9454191033138402
Cruz,Fake News Filipino 2020,+ Syllabic features (SYLL),"vectorizers,read,oov,sw,trad,syll",MNB,6,3,0.9044834307992202
Cruz,Fake News Filipino 2020,+ Syllabic features (SYLL),"vectorizers,read,oov,sw,trad,syll",LR,6,3,0.9434697855750487
Cruz,Fake News Filipino 2020,+ Syllabic features (SYLL),"vectorizers,read,oov,sw,trad,syll",RF,6,3,0.8908382066276803
Cruz,Fake News Filipino 2020,+ Syllabic features (SYLL),"vectorizers,read,oov,sw,trad,syll",SVC,6,3,0.9473684210526315
Cruz,Fake News Filipino 2020,+ Syllabic features (SYLL),"vectorizers,read,oov,sw,trad,syll",MNB,6,4,0.9103313840155945
Cruz,Fake News Filipino 2020,+ Syllabic features (SYLL),"vectorizers,read,oov,sw,trad,syll",LR,6,4,0.9571150097465887
Cruz,Fake News Filipino 2020,+ Syllabic features (SYLL),"vectorizers,read,oov,sw,trad,syll",RF,6,4,0.9083820662768031
Cruz,Fake News Filipino 2020,+ Syllabic features (SYLL),"vectorizers,read,oov,sw,trad,syll",SVC,6,4,0.949317738791423
Cruz,Fake News Filipino 2020,+ Syllabic features (SYLL),"vectorizers,read,oov,sw,trad,syll",MNB,6,5,0.91015625
Cruz,Fake News Filipino 2020,+ Syllabic features (SYLL),"vectorizers,read,oov,sw,trad,syll",LR,6,5,0.947265625
Cruz,Fake News Filipino 2020,+ Syllabic features (SYLL),"vectorizers,read,oov,sw,trad,syll",RF,6,5,0.94140625
Cruz,Fake News Filipino 2020,+ Syllabic features (SYLL),"vectorizers,read,oov,sw,trad,syll",SVC,6,5,0.94921875
Cruz,Fake News Filipino 2020,+ Lexical features (LEX),"vectorizers,read,oov,sw,trad,syll,lex",MNB,1,1,0.9259259259259259
Cruz,Fake News Filipino 2020,+ Lexical features (LEX),"vectorizers,read,oov,sw,trad,syll,lex",LR,1,1,0.9649122807017544
Cruz,Fake News Filipino 2020,+ Lexical features (LEX),"vectorizers,read,oov,sw,trad,syll,lex",RF,1,1,0.9337231968810916
Cruz,Fake News Filipino 2020,+ Lexical features (LEX),"vectorizers,read,oov,sw,trad,syll,lex",SVC,1,1,0.9668615984405458
Cruz,Fake News Filipino 2020,+ Lexical features (LEX),"vectorizers,read,oov,sw,trad,syll,lex",MNB,1,2,0.9142300194931774
Cruz,Fake News Filipino 2020,+ Lexical features (LEX),"vectorizers,read,oov,sw,trad,syll,lex",LR,1,2,0.9454191033138402
Cruz,Fake News Filipino 2020,+ Lexical features (LEX),"vectorizers,read,oov,sw,trad,syll,lex",RF,1,2,0.9239766081871345
Cruz,Fake News Filipino 2020,+ Lexical features (LEX),"vectorizers,read,oov,sw,trad,syll,lex",SVC,1,2,0.935672514619883
Cruz,Fake News Filipino 2020,+ Lexical features (LEX),"vectorizers,read,oov,sw,trad,syll,lex",MNB,1,3,0.9317738791423001
Cruz,Fake News Filipino 2020,+ Lexical features (LEX),"vectorizers,read,oov,sw,trad,syll,lex",LR,1,3,0.9532163742690059
Cruz,Fake News Filipino 2020,+ Lexical features (LEX),"vectorizers,read,oov,sw,trad,syll,lex",RF,1,3,0.9142300194931774
Cruz,Fake News Filipino 2020,+ Lexical features (LEX),"vectorizers,read,oov,sw,trad,syll,lex",SVC,1,3,0.9434697855750487
Cruz,Fake News Filipino 2020,+ Lexical features (LEX),"vectorizers,read,oov,sw,trad,syll,lex",MNB,1,4,0.9122807017543859
Cruz,Fake News Filipino 2020,+ Lexical features (LEX),"vectorizers,read,oov,sw,trad,syll,lex",LR,1,4,0.9395711500974658
Cruz,Fake News Filipino 2020,+ Lexical features (LEX),"vectorizers,read,oov,sw,trad,syll,lex",RF,1,4,0.8966861598440545
Cruz,Fake News Filipino 2020,+ Lexical features (LEX),"vectorizers,read,oov,sw,trad,syll,lex",SVC,1,4,0.9434697855750487
Cruz,Fake News Filipino 2020,+ Lexical features (LEX),"vectorizers,read,oov,sw,trad,syll,lex",MNB,1,5,0.923828125
Cruz,Fake News Filipino 2020,+ Lexical features (LEX),"vectorizers,read,oov,sw,trad,syll,lex",LR,1,5,0.955078125
Cruz,Fake News Filipino 2020,+ Lexical features (LEX),"vectorizers,read,oov,sw,trad,syll,lex",RF,1,5,0.9296875
Cruz,Fake News Filipino 2020,+ Lexical features (LEX),"vectorizers,read,oov,sw,trad,syll,lex",SVC,1,5,0.958984375
Cruz,Fake News Filipino 2020,+ Lexical features (LEX),"vectorizers,read,oov,sw,trad,syll,lex",MNB,2,1,0.9298245614035088
Cruz,Fake News Filipino 2020,+ Lexical features (LEX),"vectorizers,read,oov,sw,trad,syll,lex",LR,2,1,0.9571150097465887
Cruz,Fake News Filipino 2020,+ Lexical features (LEX),"vectorizers,read,oov,sw,trad,syll,lex",RF,2,1,0.9181286549707602
Cruz,Fake News Filipino 2020,+ Lexical features (LEX),"vectorizers,read,oov,sw,trad,syll,lex",SVC,2,1,0.9532163742690059
Cruz,Fake News Filipino 2020,+ Lexical features (LEX),"vectorizers,read,oov,sw,trad,syll,lex",MNB,2,2,0.9083820662768031
Cruz,Fake News Filipino 2020,+ Lexical features (LEX),"vectorizers,read,oov,sw,trad,syll,lex",LR,2,2,0.9395711500974658
Cruz,Fake News Filipino 2020,+ Lexical features (LEX),"vectorizers,read,oov,sw,trad,syll,lex",RF,2,2,0.9025341130604289
Cruz,Fake News Filipino 2020,+ Lexical features (LEX),"vectorizers,read,oov,sw,trad,syll,lex",SVC,2,2,0.9434697855750487
Cruz,Fake News Filipino 2020,+ Lexical features (LEX),"vectorizers,read,oov,sw,trad,syll,lex",MNB,2,3,0.9122807017543859
Cruz,Fake News Filipino 2020,+ Lexical features (LEX),"vectorizers,read,oov,sw,trad,syll,lex",LR,2,3,0.9551656920077972
Cruz,Fake News Filipino 2020,+ Lexical features (LEX),"vectorizers,read,oov,sw,trad,syll,lex",RF,2,3,0.9239766081871345
Cruz,Fake News Filipino 2020,+ Lexical features (LEX),"vectorizers,read,oov,sw,trad,syll,lex",SVC,2,3,0.9571150097465887
Cruz,Fake News Filipino 2020,+ Lexical features (LEX),"vectorizers,read,oov,sw,trad,syll,lex",MNB,2,4,0.9142300194931774
Cruz,Fake News Filipino 2020,+ Lexical features (LEX),"vectorizers,read,oov,sw,trad,syll,lex",LR,2,4,0.949317738791423
Cruz,Fake News Filipino 2020,+ Lexical features (LEX),"vectorizers,read,oov,sw,trad,syll,lex",RF,2,4,0.9298245614035088
Cruz,Fake News Filipino 2020,+ Lexical features (LEX),"vectorizers,read,oov,sw,trad,syll,lex",SVC,2,4,0.9512670565302144
Cruz,Fake News Filipino 2020,+ Lexical features (LEX),"vectorizers,read,oov,sw,trad,syll,lex",MNB,2,5,0.93359375
Cruz,Fake News Filipino 2020,+ Lexical features (LEX),"vectorizers,read,oov,sw,trad,syll,lex",LR,2,5,0.955078125
Cruz,Fake News Filipino 2020,+ Lexical features (LEX),"vectorizers,read,oov,sw,trad,syll,lex",RF,2,5,0.92578125
Cruz,Fake News Filipino 2020,+ Lexical features (LEX),"vectorizers,read,oov,sw,trad,syll,lex",SVC,2,5,0.9609375
Cruz,Fake News Filipino 2020,+ Lexical features (LEX),"vectorizers,read,oov,sw,trad,syll,lex",MNB,3,1,0.9064327485380117
Cruz,Fake News Filipino 2020,+ Lexical features (LEX),"vectorizers,read,oov,sw,trad,syll,lex",LR,3,1,0.9298245614035088
Cruz,Fake News Filipino 2020,+ Lexical features (LEX),"vectorizers,read,oov,sw,trad,syll,lex",RF,3,1,0.8966861598440545
Cruz,Fake News Filipino 2020,+ Lexical features (LEX),"vectorizers,read,oov,sw,trad,syll,lex",SVC,3,1,0.9298245614035088
Cruz,Fake News Filipino 2020,+ Lexical features (LEX),"vectorizers,read,oov,sw,trad,syll,lex",MNB,3,2,0.935672514619883
Cruz,Fake News Filipino 2020,+ Lexical features (LEX),"vectorizers,read,oov,sw,trad,syll,lex",LR,3,2,0.9688109161793372
Cruz,Fake News Filipino 2020,+ Lexical features (LEX),"vectorizers,read,oov,sw,trad,syll,lex",RF,3,2,0.9337231968810916
Cruz,Fake News Filipino 2020,+ Lexical features (LEX),"vectorizers,read,oov,sw,trad,syll,lex",SVC,3,2,0.9727095516569201
Cruz,Fake News Filipino 2020,+ Lexical features (LEX),"vectorizers,read,oov,sw,trad,syll,lex",MNB,3,3,0.9259259259259259
Cruz,Fake News Filipino 2020,+ Lexical features (LEX),"vectorizers,read,oov,sw,trad,syll,lex",LR,3,3,0.9629629629629629
Cruz,Fake News Filipino 2020,+ Lexical features (LEX),"vectorizers,read,oov,sw,trad,syll,lex",RF,3,3,0.9415204678362573
Cruz,Fake News Filipino 2020,+ Lexical features (LEX),"vectorizers,read,oov,sw,trad,syll,lex",SVC,3,3,0.9590643274853801
Cruz,Fake News Filipino 2020,+ Lexical features (LEX),"vectorizers,read,oov,sw,trad,syll,lex",MNB,3,4,0.9200779727095516
Cruz,Fake News Filipino 2020,+ Lexical features (LEX),"vectorizers,read,oov,sw,trad,syll,lex",LR,3,4,0.9590643274853801
Cruz,Fake News Filipino 2020,+ Lexical features (LEX),"vectorizers,read,oov,sw,trad,syll,lex",RF,3,4,0.9161793372319688
Cruz,Fake News Filipino 2020,+ Lexical features (LEX),"vectorizers,read,oov,sw,trad,syll,lex",SVC,3,4,0.9571150097465887
Cruz,Fake News Filipino 2020,+ Lexical features (LEX),"vectorizers,read,oov,sw,trad,syll,lex",MNB,3,5,0.921875
Cruz,Fake News Filipino 2020,+ Lexical features (LEX),"vectorizers,read,oov,sw,trad,syll,lex",LR,3,5,0.94140625
Cruz,Fake News Filipino 2020,+ Lexical features (LEX),"vectorizers,read,oov,sw,trad,syll,lex",RF,3,5,0.919921875
Cruz,Fake News Filipino 2020,+ Lexical features (LEX),"vectorizers,read,oov,sw,trad,syll,lex",SVC,3,5,0.935546875
Cruz,Fake News Filipino 2020,+ Lexical features (LEX),"vectorizers,read,oov,sw,trad,syll,lex",MNB,4,1,0.9025341130604289
Cruz,Fake News Filipino 2020,+ Lexical features (LEX),"vectorizers,read,oov,sw,trad,syll,lex",LR,4,1,0.9434697855750487
Cruz,Fake News Filipino 2020,+ Lexical features (LEX),"vectorizers,read,oov,sw,trad,syll,lex",RF,4,1,0.9044834307992202
Cruz,Fake News Filipino 2020,+ Lexical features (LEX),"vectorizers,read,oov,sw,trad,syll,lex",SVC,4,1,0.9473684210526315
Cruz,Fake News Filipino 2020,+ Lexical features (LEX),"vectorizers,read,oov,sw,trad,syll,lex",MNB,4,2,0.9161793372319688
Cruz,Fake News Filipino 2020,+ Lexical features (LEX),"vectorizers,read,oov,sw,trad,syll,lex",LR,4,2,0.9629629629629629
Cruz,Fake News Filipino 2020,+ Lexical features (LEX),"vectorizers,read,oov,sw,trad,syll,lex",RF,4,2,0.9239766081871345
Cruz,Fake News Filipino 2020,+ Lexical features (LEX),"vectorizers,read,oov,sw,trad,syll,lex",SVC,4,2,0.9610136452241715
Cruz,Fake News Filipino 2020,+ Lexical features (LEX),"vectorizers,read,oov,sw,trad,syll,lex",MNB,4,3,0.9376218323586745
Cruz,Fake News Filipino 2020,+ Lexical features (LEX),"vectorizers,read,oov,sw,trad,syll,lex",LR,4,3,0.9532163742690059
Cruz,Fake News Filipino 2020,+ Lexical features (LEX),"vectorizers,read,oov,sw,trad,syll,lex",RF,4,3,0.9278752436647173
Cruz,Fake News Filipino 2020,+ Lexical features (LEX),"vectorizers,read,oov,sw,trad,syll,lex",SVC,4,3,0.9512670565302144
Cruz,Fake News Filipino 2020,+ Lexical features (LEX),"vectorizers,read,oov,sw,trad,syll,lex",MNB,4,4,0.9122807017543859
Cruz,Fake News Filipino 2020,+ Lexical features (LEX),"vectorizers,read,oov,sw,trad,syll,lex",LR,4,4,0.949317738791423
Cruz,Fake News Filipino 2020,+ Lexical features (LEX),"vectorizers,read,oov,sw,trad,syll,lex",RF,4,4,0.9181286549707602
Cruz,Fake News Filipino 2020,+ Lexical features (LEX),"vectorizers,read,oov,sw,trad,syll,lex",SVC,4,4,0.9512670565302144
Cruz,Fake News Filipino 2020,+ Lexical features (LEX),"vectorizers,read,oov,sw,trad,syll,lex",MNB,4,5,0.927734375
Cruz,Fake News Filipino 2020,+ Lexical features (LEX),"vectorizers,read,oov,sw,trad,syll,lex",LR,4,5,0.947265625
Cruz,Fake News Filipino 2020,+ Lexical features (LEX),"vectorizers,read,oov,sw,trad,syll,lex",RF,4,5,0.919921875
Cruz,Fake News Filipino 2020,+ Lexical features (LEX),"vectorizers,read,oov,sw,trad,syll,lex",SVC,4,5,0.951171875
Cruz,Fake News Filipino 2020,+ Lexical features (LEX),"vectorizers,read,oov,sw,trad,syll,lex",MNB,5,1,0.9025341130604289
Cruz,Fake News Filipino 2020,+ Lexical features (LEX),"vectorizers,read,oov,sw,trad,syll,lex",LR,5,1,0.9532163742690059
Cruz,Fake News Filipino 2020,+ Lexical features (LEX),"vectorizers,read,oov,sw,trad,syll,lex",RF,5,1,0.9278752436647173
Cruz,Fake News Filipino 2020,+ Lexical features (LEX),"vectorizers,read,oov,sw,trad,syll,lex",SVC,5,1,0.9571150097465887
Cruz,Fake News Filipino 2020,+ Lexical features (LEX),"vectorizers,read,oov,sw,trad,syll,lex",MNB,5,2,0.9161793372319688
Cruz,Fake News Filipino 2020,+ Lexical features (LEX),"vectorizers,read,oov,sw,trad,syll,lex",LR,5,2,0.9532163742690059
Cruz,Fake News Filipino 2020,+ Lexical features (LEX),"vectorizers,read,oov,sw,trad,syll,lex",RF,5,2,0.9181286549707602
Cruz,Fake News Filipino 2020,+ Lexical features (LEX),"vectorizers,read,oov,sw,trad,syll,lex",SVC,5,2,0.9512670565302144
Cruz,Fake News Filipino 2020,+ Lexical features (LEX),"vectorizers,read,oov,sw,trad,syll,lex",MNB,5,3,0.9220272904483431
Cruz,Fake News Filipino 2020,+ Lexical features (LEX),"vectorizers,read,oov,sw,trad,syll,lex",LR,5,3,0.9512670565302144
Cruz,Fake News Filipino 2020,+ Lexical features (LEX),"vectorizers,read,oov,sw,trad,syll,lex",RF,5,3,0.9317738791423001
Cruz,Fake News Filipino 2020,+ Lexical features (LEX),"vectorizers,read,oov,sw,trad,syll,lex",SVC,5,3,0.949317738791423
Cruz,Fake News Filipino 2020,+ Lexical features (LEX),"vectorizers,read,oov,sw,trad,syll,lex",MNB,5,4,0.9259259259259259
Cruz,Fake News Filipino 2020,+ Lexical features (LEX),"vectorizers,read,oov,sw,trad,syll,lex",LR,5,4,0.9512670565302144
Cruz,Fake News Filipino 2020,+ Lexical features (LEX),"vectorizers,read,oov,sw,trad,syll,lex",RF,5,4,0.8947368421052632
Cruz,Fake News Filipino 2020,+ Lexical features (LEX),"vectorizers,read,oov,sw,trad,syll,lex",SVC,5,4,0.9434697855750487
Cruz,Fake News Filipino 2020,+ Lexical features (LEX),"vectorizers,read,oov,sw,trad,syll,lex",MNB,5,5,0.939453125
Cruz,Fake News Filipino 2020,+ Lexical features (LEX),"vectorizers,read,oov,sw,trad,syll,lex",LR,5,5,0.958984375
Cruz,Fake News Filipino 2020,+ Lexical features (LEX),"vectorizers,read,oov,sw,trad,syll,lex",RF,5,5,0.91015625
Cruz,Fake News Filipino 2020,+ Lexical features (LEX),"vectorizers,read,oov,sw,trad,syll,lex",SVC,5,5,0.9609375
Cruz,Fake News Filipino 2020,+ Lexical features (LEX),"vectorizers,read,oov,sw,trad,syll,lex",MNB,6,1,0.9415204678362573
Cruz,Fake News Filipino 2020,+ Lexical features (LEX),"vectorizers,read,oov,sw,trad,syll,lex",LR,6,1,0.9649122807017544
Cruz,Fake News Filipino 2020,+ Lexical features (LEX),"vectorizers,read,oov,sw,trad,syll,lex",RF,6,1,0.9376218323586745
Cruz,Fake News Filipino 2020,+ Lexical features (LEX),"vectorizers,read,oov,sw,trad,syll,lex",SVC,6,1,0.9551656920077972
Cruz,Fake News Filipino 2020,+ Lexical features (LEX),"vectorizers,read,oov,sw,trad,syll,lex",MNB,6,2,0.9337231968810916
Cruz,Fake News Filipino 2020,+ Lexical features (LEX),"vectorizers,read,oov,sw,trad,syll,lex",LR,6,2,0.949317738791423
Cruz,Fake News Filipino 2020,+ Lexical features (LEX),"vectorizers,read,oov,sw,trad,syll,lex",RF,6,2,0.9103313840155945
Cruz,Fake News Filipino 2020,+ Lexical features (LEX),"vectorizers,read,oov,sw,trad,syll,lex",SVC,6,2,0.9454191033138402
Cruz,Fake News Filipino 2020,+ Lexical features (LEX),"vectorizers,read,oov,sw,trad,syll,lex",MNB,6,3,0.9064327485380117
Cruz,Fake News Filipino 2020,+ Lexical features (LEX),"vectorizers,read,oov,sw,trad,syll,lex",LR,6,3,0.9434697855750487
Cruz,Fake News Filipino 2020,+ Lexical features (LEX),"vectorizers,read,oov,sw,trad,syll,lex",RF,6,3,0.884990253411306
Cruz,Fake News Filipino 2020,+ Lexical features (LEX),"vectorizers,read,oov,sw,trad,syll,lex",SVC,6,3,0.9434697855750487
Cruz,Fake News Filipino 2020,+ Lexical features (LEX),"vectorizers,read,oov,sw,trad,syll,lex",MNB,6,4,0.9064327485380117
Cruz,Fake News Filipino 2020,+ Lexical features (LEX),"vectorizers,read,oov,sw,trad,syll,lex",LR,6,4,0.9571150097465887
Cruz,Fake News Filipino 2020,+ Lexical features (LEX),"vectorizers,read,oov,sw,trad,syll,lex",RF,6,4,0.9142300194931774
Cruz,Fake News Filipino 2020,+ Lexical features (LEX),"vectorizers,read,oov,sw,trad,syll,lex",SVC,6,4,0.9512670565302144
Cruz,Fake News Filipino 2020,+ Lexical features (LEX),"vectorizers,read,oov,sw,trad,syll,lex",MNB,6,5,0.9140625
Cruz,Fake News Filipino 2020,+ Lexical features (LEX),"vectorizers,read,oov,sw,trad,syll,lex",LR,6,5,0.947265625
Cruz,Fake News Filipino 2020,+ Lexical features (LEX),"vectorizers,read,oov,sw,trad,syll,lex",RF,6,5,0.9375
Cruz,Fake News Filipino 2020,+ Lexical features (LEX),"vectorizers,read,oov,sw,trad,syll,lex",SVC,6,5,0.94921875
Cruz,Fake News Filipino 2020,+ Morphological features (MORPH) [full set],"vectorizers,read,oov,sw,trad,syll,lex,morph",MNB,1,1,0.9259259259259259
Cruz,Fake News Filipino 2020,+ Morphological features (MORPH) [full set],"vectorizers,read,oov,sw,trad,syll,lex,morph",LR,1,1,0.9688109161793372
Cruz,Fake News Filipino 2020,+ Morphological features (MORPH) [full set],"vectorizers,read,oov,sw,trad,syll,lex,morph",RF,1,1,0.9200779727095516
Cruz,Fake News Filipino 2020,+ Morphological features (MORPH) [full set],"vectorizers,read,oov,sw,trad,syll,lex,morph",SVC,1,1,0.9707602339181286
Cruz,Fake News Filipino 2020,+ Morphological features (MORPH) [full set],"vectorizers,read,oov,sw,trad,syll,lex,morph",MNB,1,2,0.9142300194931774
Cruz,Fake News Filipino 2020,+ Morphological features (MORPH) [full set],"vectorizers,read,oov,sw,trad,syll,lex,morph",LR,1,2,0.9454191033138402
Cruz,Fake News Filipino 2020,+ Morphological features (MORPH) [full set],"vectorizers,read,oov,sw,trad,syll,lex,morph",RF,1,2,0.9142300194931774
Cruz,Fake News Filipino 2020,+ Morphological features (MORPH) [full set],"vectorizers,read,oov,sw,trad,syll,lex,morph",SVC,1,2,0.9376218323586745
Cruz,Fake News Filipino 2020,+ Morphological features (MORPH) [full set],"vectorizers,read,oov,sw,trad,syll,lex,morph",MNB,1,3,0.9317738791423001
Cruz,Fake News Filipino 2020,+ Morphological features (MORPH) [full set],"vectorizers,read,oov,sw,trad,syll,lex,morph",LR,1,3,0.9532163742690059
Cruz,Fake News Filipino 2020,+ Morphological features (MORPH) [full set],"vectorizers,read,oov,sw,trad,syll,lex,morph",RF,1,3,0.9142300194931774
Cruz,Fake News Filipino 2020,+ Morphological features (MORPH) [full set],"vectorizers,read,oov,sw,trad,syll,lex,morph",SVC,1,3,0.9434697855750487
Cruz,Fake News Filipino 2020,+ Morphological features (MORPH) [full set],"vectorizers,read,oov,sw,trad,syll,lex,morph",MNB,1,4,0.9122807017543859
Cruz,Fake News Filipino 2020,+ Morphological features (MORPH) [full set],"vectorizers,read,oov,sw,trad,syll,lex,morph",LR,1,4,0.9395711500974658
Cruz,Fake News Filipino 2020,+ Morphological features (MORPH) [full set],"vectorizers,read,oov,sw,trad,syll,lex,morph",RF,1,4,0.9025341130604289
Cruz,Fake News Filipino 2020,+ Morphological features (MORPH) [full set],"vectorizers,read,oov,sw,trad,syll,lex,morph",SVC,1,4,0.9473684210526315
Cruz,Fake News Filipino 2020,+ Morphological features (MORPH) [full set],"vectorizers,read,oov,sw,trad,syll,lex,morph",MNB,1,5,0.923828125
Cruz,Fake News Filipino 2020,+ Morphological features (MORPH) [full set],"vectorizers,read,oov,sw,trad,syll,lex,morph",LR,1,5,0.955078125
Cruz,Fake News Filipino 2020,+ Morphological features (MORPH) [full set],"vectorizers,read,oov,sw,trad,syll,lex,morph",RF,1,5,0.94140625
Cruz,Fake News Filipino 2020,+ Morphological features (MORPH) [full set],"vectorizers,read,oov,sw,trad,syll,lex,morph",SVC,1,5,0.9609375
Cruz,Fake News Filipino 2020,+ Morphological features (MORPH) [full set],"vectorizers,read,oov,sw,trad,syll,lex,morph",MNB,2,1,0.9298245614035088
Cruz,Fake News Filipino 2020,+ Morphological features (MORPH) [full set],"vectorizers,read,oov,sw,trad,syll,lex,morph",LR,2,1,0.9551656920077972
Cruz,Fake News Filipino 2020,+ Morphological features (MORPH) [full set],"vectorizers,read,oov,sw,trad,syll,lex,morph",RF,2,1,0.9181286549707602
Cruz,Fake News Filipino 2020,+ Morphological features (MORPH) [full set],"vectorizers,read,oov,sw,trad,syll,lex,morph",SVC,2,1,0.9532163742690059
Cruz,Fake News Filipino 2020,+ Morphological features (MORPH) [full set],"vectorizers,read,oov,sw,trad,syll,lex,morph",MNB,2,2,0.9064327485380117
Cruz,Fake News Filipino 2020,+ Morphological features (MORPH) [full set],"vectorizers,read,oov,sw,trad,syll,lex,morph",LR,2,2,0.9395711500974658
Cruz,Fake News Filipino 2020,+ Morphological features (MORPH) [full set],"vectorizers,read,oov,sw,trad,syll,lex,morph",RF,2,2,0.9122807017543859
Cruz,Fake News Filipino 2020,+ Morphological features (MORPH) [full set],"vectorizers,read,oov,sw,trad,syll,lex,morph",SVC,2,2,0.9434697855750487
Cruz,Fake News Filipino 2020,+ Morphological features (MORPH) [full set],"vectorizers,read,oov,sw,trad,syll,lex,morph",MNB,2,3,0.9122807017543859
Cruz,Fake News Filipino 2020,+ Morphological features (MORPH) [full set],"vectorizers,read,oov,sw,trad,syll,lex,morph",LR,2,3,0.9571150097465887
Cruz,Fake News Filipino 2020,+ Morphological features (MORPH) [full set],"vectorizers,read,oov,sw,trad,syll,lex,morph",RF,2,3,0.9161793372319688
Cruz,Fake News Filipino 2020,+ Morphological features (MORPH) [full set],"vectorizers,read,oov,sw,trad,syll,lex,morph",SVC,2,3,0.9571150097465887
Cruz,Fake News Filipino 2020,+ Morphological features (MORPH) [full set],"vectorizers,read,oov,sw,trad,syll,lex,morph",MNB,2,4,0.9122807017543859
Cruz,Fake News Filipino 2020,+ Morphological features (MORPH) [full set],"vectorizers,read,oov,sw,trad,syll,lex,morph",LR,2,4,0.949317738791423
Cruz,Fake News Filipino 2020,+ Morphological features (MORPH) [full set],"vectorizers,read,oov,sw,trad,syll,lex,morph",RF,2,4,0.9278752436647173
Cruz,Fake News Filipino 2020,+ Morphological features (MORPH) [full set],"vectorizers,read,oov,sw,trad,syll,lex,morph",SVC,2,4,0.9551656920077972
Cruz,Fake News Filipino 2020,+ Morphological features (MORPH) [full set],"vectorizers,read,oov,sw,trad,syll,lex,morph",MNB,2,5,0.93359375
Cruz,Fake News Filipino 2020,+ Morphological features (MORPH) [full set],"vectorizers,read,oov,sw,trad,syll,lex,morph",LR,2,5,0.95703125
Cruz,Fake News Filipino 2020,+ Morphological features (MORPH) [full set],"vectorizers,read,oov,sw,trad,syll,lex,morph",RF,2,5,0.923828125
Cruz,Fake News Filipino 2020,+ Morphological features (MORPH) [full set],"vectorizers,read,oov,sw,trad,syll,lex,morph",SVC,2,5,0.958984375
Cruz,Fake News Filipino 2020,+ Morphological features (MORPH) [full set],"vectorizers,read,oov,sw,trad,syll,lex,morph",MNB,3,1,0.9083820662768031
Cruz,Fake News Filipino 2020,+ Morphological features (MORPH) [full set],"vectorizers,read,oov,sw,trad,syll,lex,morph",LR,3,1,0.9278752436647173
Cruz,Fake News Filipino 2020,+ Morphological features (MORPH) [full set],"vectorizers,read,oov,sw,trad,syll,lex,morph",RF,3,1,0.9064327485380117
Cruz,Fake News Filipino 2020,+ Morphological features (MORPH) [full set],"vectorizers,read,oov,sw,trad,syll,lex,morph",SVC,3,1,0.9298245614035088
Cruz,Fake News Filipino 2020,+ Morphological features (MORPH) [full set],"vectorizers,read,oov,sw,trad,syll,lex,morph",MNB,3,2,0.935672514619883
Cruz,Fake News Filipino 2020,+ Morphological features (MORPH) [full set],"vectorizers,read,oov,sw,trad,syll,lex,morph",LR,3,2,0.9688109161793372
Cruz,Fake News Filipino 2020,+ Morphological features (MORPH) [full set],"vectorizers,read,oov,sw,trad,syll,lex,morph",RF,3,2,0.9298245614035088
Cruz,Fake News Filipino 2020,+ Morphological features (MORPH) [full set],"vectorizers,read,oov,sw,trad,syll,lex,morph",SVC,3,2,0.9727095516569201
Cruz,Fake News Filipino 2020,+ Morphological features (MORPH) [full set],"vectorizers,read,oov,sw,trad,syll,lex,morph",MNB,3,3,0.9259259259259259
Cruz,Fake News Filipino 2020,+ Morphological features (MORPH) [full set],"vectorizers,read,oov,sw,trad,syll,lex,morph",LR,3,3,0.9629629629629629
Cruz,Fake News Filipino 2020,+ Morphological features (MORPH) [full set],"vectorizers,read,oov,sw,trad,syll,lex,morph",RF,3,3,0.9278752436647173
Cruz,Fake News Filipino 2020,+ Morphological features (MORPH) [full set],"vectorizers,read,oov,sw,trad,syll,lex,morph",SVC,3,3,0.9571150097465887
Cruz,Fake News Filipino 2020,+ Morphological features (MORPH) [full set],"vectorizers,read,oov,sw,trad,syll,lex,morph",MNB,3,4,0.9181286549707602
Cruz,Fake News Filipino 2020,+ Morphological features (MORPH) [full set],"vectorizers,read,oov,sw,trad,syll,lex,morph",LR,3,4,0.9590643274853801
Cruz,Fake News Filipino 2020,+ Morphological features (MORPH) [full set],"vectorizers,read,oov,sw,trad,syll,lex,morph",RF,3,4,0.9200779727095516
Cruz,Fake News Filipino 2020,+ Morphological features (MORPH) [full set],"vectorizers,read,oov,sw,trad,syll,lex,morph",SVC,3,4,0.9590643274853801
Cruz,Fake News Filipino 2020,+ Morphological features (MORPH) [full set],"vectorizers,read,oov,sw,trad,syll,lex,morph",MNB,3,5,0.921875
Cruz,Fake News Filipino 2020,+ Morphological features (MORPH) [full set],"vectorizers,read,oov,sw,trad,syll,lex,morph",LR,3,5,0.94140625
Cruz,Fake News Filipino 2020,+ Morphological features (MORPH) [full set],"vectorizers,read,oov,sw,trad,syll,lex,morph",RF,3,5,0.919921875
Cruz,Fake News Filipino 2020,+ Morphological features (MORPH) [full set],"vectorizers,read,oov,sw,trad,syll,lex,morph",SVC,3,5,0.93359375
Cruz,Fake News Filipino 2020,+ Morphological features (MORPH) [full set],"vectorizers,read,oov,sw,trad,syll,lex,morph",MNB,4,1,0.9044834307992202
Cruz,Fake News Filipino 2020,+ Morphological features (MORPH) [full set],"vectorizers,read,oov,sw,trad,syll,lex,morph",LR,4,1,0.9415204678362573
Cruz,Fake News Filipino 2020,+ Morphological features (MORPH) [full set],"vectorizers,read,oov,sw,trad,syll,lex,morph",RF,4,1,0.9103313840155945
Cruz,Fake News Filipino 2020,+ Morphological features (MORPH) [full set],"vectorizers,read,oov,sw,trad,syll,lex,morph",SVC,4,1,0.949317738791423
Cruz,Fake News Filipino 2020,+ Morphological features (MORPH) [full set],"vectorizers,read,oov,sw,trad,syll,lex,morph",MNB,4,2,0.9161793372319688
Cruz,Fake News Filipino 2020,+ Morphological features (MORPH) [full set],"vectorizers,read,oov,sw,trad,syll,lex,morph",LR,4,2,0.9629629629629629
Cruz,Fake News Filipino 2020,+ Morphological features (MORPH) [full set],"vectorizers,read,oov,sw,trad,syll,lex,morph",RF,4,2,0.9259259259259259
Cruz,Fake News Filipino 2020,+ Morphological features (MORPH) [full set],"vectorizers,read,oov,sw,trad,syll,lex,morph",SVC,4,2,0.9610136452241715
Cruz,Fake News Filipino 2020,+ Morphological features (MORPH) [full set],"vectorizers,read,oov,sw,trad,syll,lex,morph",MNB,4,3,0.9376218323586745
Cruz,Fake News Filipino 2020,+ Morphological features (MORPH) [full set],"vectorizers,read,oov,sw,trad,syll,lex,morph",LR,4,3,0.9551656920077972
Cruz,Fake News Filipino 2020,+ Morphological features (MORPH) [full set],"vectorizers,read,oov,sw,trad,syll,lex,morph",RF,4,3,0.9298245614035088
Cruz,Fake News Filipino 2020,+ Morphological features (MORPH) [full set],"vectorizers,read,oov,sw,trad,syll,lex,morph",SVC,4,3,0.949317738791423
Cruz,Fake News Filipino 2020,+ Morphological features (MORPH) [full set],"vectorizers,read,oov,sw,trad,syll,lex,morph",MNB,4,4,0.9122807017543859
Cruz,Fake News Filipino 2020,+ Morphological features (MORPH) [full set],"vectorizers,read,oov,sw,trad,syll,lex,morph",LR,4,4,0.9532163742690059
Cruz,Fake News Filipino 2020,+ Morphological features (MORPH) [full set],"vectorizers,read,oov,sw,trad,syll,lex,morph",RF,4,4,0.9220272904483431
Cruz,Fake News Filipino 2020,+ Morphological features (MORPH) [full set],"vectorizers,read,oov,sw,trad,syll,lex,morph",SVC,4,4,0.9512670565302144
Cruz,Fake News Filipino 2020,+ Morphological features (MORPH) [full set],"vectorizers,read,oov,sw,trad,syll,lex,morph",MNB,4,5,0.927734375
Cruz,Fake News Filipino 2020,+ Morphological features (MORPH) [full set],"vectorizers,read,oov,sw,trad,syll,lex,morph",LR,4,5,0.951171875
Cruz,Fake News Filipino 2020,+ Morphological features (MORPH) [full set],"vectorizers,read,oov,sw,trad,syll,lex,morph",RF,4,5,0.9140625
Cruz,Fake News Filipino 2020,+ Morphological features (MORPH) [full set],"vectorizers,read,oov,sw,trad,syll,lex,morph",SVC,4,5,0.953125
Cruz,Fake News Filipino 2020,+ Morphological features (MORPH) [full set],"vectorizers,read,oov,sw,trad,syll,lex,morph",MNB,5,1,0.9005847953216374
Cruz,Fake News Filipino 2020,+ Morphological features (MORPH) [full set],"vectorizers,read,oov,sw,trad,syll,lex,morph",LR,5,1,0.949317738791423
Cruz,Fake News Filipino 2020,+ Morphological features (MORPH) [full set],"vectorizers,read,oov,sw,trad,syll,lex,morph",RF,5,1,0.9337231968810916
Cruz,Fake News Filipino 2020,+ Morphological features (MORPH) [full set],"vectorizers,read,oov,sw,trad,syll,lex,morph",SVC,5,1,0.9571150097465887
Cruz,Fake News Filipino 2020,+ Morphological features (MORPH) [full set],"vectorizers,read,oov,sw,trad,syll,lex,morph",MNB,5,2,0.9161793372319688
Cruz,Fake News Filipino 2020,+ Morphological features (MORPH) [full set],"vectorizers,read,oov,sw,trad,syll,lex,morph",LR,5,2,0.9532163742690059
Cruz,Fake News Filipino 2020,+ Morphological features (MORPH) [full set],"vectorizers,read,oov,sw,trad,syll,lex,morph",RF,5,2,0.9122807017543859
Cruz,Fake News Filipino 2020,+ Morphological features (MORPH) [full set],"vectorizers,read,oov,sw,trad,syll,lex,morph",SVC,5,2,0.9571150097465887
Cruz,Fake News Filipino 2020,+ Morphological features (MORPH) [full set],"vectorizers,read,oov,sw,trad,syll,lex,morph",MNB,5,3,0.9220272904483431
Cruz,Fake News Filipino 2020,+ Morphological features (MORPH) [full set],"vectorizers,read,oov,sw,trad,syll,lex,morph",LR,5,3,0.949317738791423
Cruz,Fake News Filipino 2020,+ Morphological features (MORPH) [full set],"vectorizers,read,oov,sw,trad,syll,lex,morph",RF,5,3,0.9259259259259259
Cruz,Fake News Filipino 2020,+ Morphological features (MORPH) [full set],"vectorizers,read,oov,sw,trad,syll,lex,morph",SVC,5,3,0.949317738791423
Cruz,Fake News Filipino 2020,+ Morphological features (MORPH) [full set],"vectorizers,read,oov,sw,trad,syll,lex,morph",MNB,5,4,0.9259259259259259
Cruz,Fake News Filipino 2020,+ Morphological features (MORPH) [full set],"vectorizers,read,oov,sw,trad,syll,lex,morph",LR,5,4,0.949317738791423
Cruz,Fake News Filipino 2020,+ Morphological features (MORPH) [full set],"vectorizers,read,oov,sw,trad,syll,lex,morph",RF,5,4,0.9044834307992202
Cruz,Fake News Filipino 2020,+ Morphological features (MORPH) [full set],"vectorizers,read,oov,sw,trad,syll,lex,morph",SVC,5,4,0.9434697855750487
Cruz,Fake News Filipino 2020,+ Morphological features (MORPH) [full set],"vectorizers,read,oov,sw,trad,syll,lex,morph",MNB,5,5,0.9375
Cruz,Fake News Filipino 2020,+ Morphological features (MORPH) [full set],"vectorizers,read,oov,sw,trad,syll,lex,morph",LR,5,5,0.95703125
Cruz,Fake News Filipino 2020,+ Morphological features (MORPH) [full set],"vectorizers,read,oov,sw,trad,syll,lex,morph",RF,5,5,0.912109375
Cruz,Fake News Filipino 2020,+ Morphological features (MORPH) [full set],"vectorizers,read,oov,sw,trad,syll,lex,morph",SVC,5,5,0.958984375
Cruz,Fake News Filipino 2020,+ Morphological features (MORPH) [full set],"vectorizers,read,oov,sw,trad,syll,lex,morph",MNB,6,1,0.9415204678362573
Cruz,Fake News Filipino 2020,+ Morphological features (MORPH) [full set],"vectorizers,read,oov,sw,trad,syll,lex,morph",LR,6,1,0.9649122807017544
Cruz,Fake News Filipino 2020,+ Morphological features (MORPH) [full set],"vectorizers,read,oov,sw,trad,syll,lex,morph",RF,6,1,0.9473684210526315
Cruz,Fake News Filipino 2020,+ Morphological features (MORPH) [full set],"vectorizers,read,oov,sw,trad,syll,lex,morph",SVC,6,1,0.9551656920077972
Cruz,Fake News Filipino 2020,+ Morphological features (MORPH) [full set],"vectorizers,read,oov,sw,trad,syll,lex,morph",MNB,6,2,0.9337231968810916
Cruz,Fake News Filipino 2020,+ Morphological features (MORPH) [full set],"vectorizers,read,oov,sw,trad,syll,lex,morph",LR,6,2,0.9512670565302144
Cruz,Fake News Filipino 2020,+ Morphological features (MORPH) [full set],"vectorizers,read,oov,sw,trad,syll,lex,morph",RF,6,2,0.9122807017543859
Cruz,Fake News Filipino 2020,+ Morphological features (MORPH) [full set],"vectorizers,read,oov,sw,trad,syll,lex,morph",SVC,6,2,0.9434697855750487
Cruz,Fake News Filipino 2020,+ Morphological features (MORPH) [full set],"vectorizers,read,oov,sw,trad,syll,lex,morph",MNB,6,3,0.9064327485380117
Cruz,Fake News Filipino 2020,+ Morphological features (MORPH) [full set],"vectorizers,read,oov,sw,trad,syll,lex,morph",LR,6,3,0.9454191033138402
Cruz,Fake News Filipino 2020,+ Morphological features (MORPH) [full set],"vectorizers,read,oov,sw,trad,syll,lex,morph",RF,6,3,0.8869395711500975
Cruz,Fake News Filipino 2020,+ Morphological features (MORPH) [full set],"vectorizers,read,oov,sw,trad,syll,lex,morph",SVC,6,3,0.9473684210526315
Cruz,Fake News Filipino 2020,+ Morphological features (MORPH) [full set],"vectorizers,read,oov,sw,trad,syll,lex,morph",MNB,6,4,0.9064327485380117
Cruz,Fake News Filipino 2020,+ Morphological features (MORPH) [full set],"vectorizers,read,oov,sw,trad,syll,lex,morph",LR,6,4,0.9571150097465887
Cruz,Fake News Filipino 2020,+ Morphological features (MORPH) [full set],"vectorizers,read,oov,sw,trad,syll,lex,morph",RF,6,4,0.9142300194931774
Cruz,Fake News Filipino 2020,+ Morphological features (MORPH) [full set],"vectorizers,read,oov,sw,trad,syll,lex,morph",SVC,6,4,0.9532163742690059
Cruz,Fake News Filipino 2020,+ Morphological features (MORPH) [full set],"vectorizers,read,oov,sw,trad,syll,lex,morph",MNB,6,5,0.9140625
Cruz,Fake News Filipino 2020,+ Morphological features (MORPH) [full set],"vectorizers,read,oov,sw,trad,syll,lex,morph",LR,6,5,0.947265625
Cruz,Fake News Filipino 2020,+ Morphological features (MORPH) [full set],"vectorizers,read,oov,sw,trad,syll,lex,morph",RF,6,5,0.93359375
Cruz,Fake News Filipino 2020,+ Morphological features (MORPH) [full set],"vectorizers,read,oov,sw,trad,syll,lex,morph",SVC,6,5,0.947265625
Lupac,Fake News Filipino 2024,Vectorizers (TF-IDF + BOW),vectorizers,MNB,1,1,0.8499025341130604
Lupac,Fake News Filipino 2024,Vectorizers (TF-IDF + BOW),vectorizers,LR,1,1,0.9395711500974658
Lupac,Fake News Filipino 2024,Vectorizers (TF-IDF + BOW),vectorizers,RF,1,1,0.9298245614035088
Lupac,Fake News Filipino 2024,Vectorizers (TF-IDF + BOW),vectorizers,SVC,1,1,0.9473684210526315
Lupac,Fake News Filipino 2024,Vectorizers (TF-IDF + BOW),vectorizers,MNB,1,2,0.8576998050682261
Lupac,Fake News Filipino 2024,Vectorizers (TF-IDF + BOW),vectorizers,LR,1,2,0.9415204678362573
Lupac,Fake News Filipino 2024,Vectorizers (TF-IDF + BOW),vectorizers,RF,1,2,0.9239766081871345
Lupac,Fake News Filipino 2024,Vectorizers (TF-IDF + BOW),vectorizers,SVC,1,2,0.9434697855750487
Lupac,Fake News Filipino 2024,Vectorizers (TF-IDF + BOW),vectorizers,MNB,1,3,0.8713450292397661
Lupac,Fake News Filipino 2024,Vectorizers (TF-IDF + BOW),vectorizers,LR,1,3,0.9610136452241715
Lupac,Fake News Filipino 2024,Vectorizers (TF-IDF + BOW),vectorizers,RF,1,3,0.9532163742690059
Lupac,Fake News Filipino 2024,Vectorizers (TF-IDF + BOW),vectorizers,SVC,1,3,0.9532163742690059
Lupac,Fake News Filipino 2024,Vectorizers (TF-IDF + BOW),vectorizers,MNB,1,4,0.8596491228070176
Lupac,Fake News Filipino 2024,Vectorizers (TF-IDF + BOW),vectorizers,LR,1,4,0.949317738791423
Lupac,Fake News Filipino 2024,Vectorizers (TF-IDF + BOW),vectorizers,RF,1,4,0.9298245614035088
Lupac,Fake News Filipino 2024,Vectorizers (TF-IDF + BOW),vectorizers,SVC,1,4,0.9571150097465887
Lupac,Fake News Filipino 2024,Vectorizers (TF-IDF + BOW),vectorizers,MNB,1,5,0.8515625
Lupac,Fake News Filipino 2024,Vectorizers (TF-IDF + BOW),vectorizers,LR,1,5,0.94921875
Lupac,Fake News Filipino 2024,Vectorizers (TF-IDF + BOW),vectorizers,RF,1,5,0.921875
Lupac,Fake News Filipino 2024,Vectorizers (TF-IDF + BOW),vectorizers,SVC,1,5,0.94921875
Lupac,Fake News Filipino 2024,Vectorizers (TF-IDF + BOW),vectorizers,MNB,2,1,0.8771929824561403
Lupac,Fake News Filipino 2024,Vectorizers (TF-IDF + BOW),vectorizers,LR,2,1,0.9571150097465887
Lupac,Fake News Filipino 2024,Vectorizers (TF-IDF + BOW),vectorizers,RF,2,1,0.9376218323586745
Lupac,Fake News Filipino 2024,Vectorizers (TF-IDF + BOW),vectorizers,SVC,2,1,0.9532163742690059
Lupac,Fake News Filipino 2024,Vectorizers (TF-IDF + BOW),vectorizers,MNB,2,2,0.834307992202729
Lupac,Fake News Filipino 2024,Vectorizers (TF-IDF + BOW),vectorizers,LR,2,2,0.9454191033138402
Lupac,Fake News Filipino 2024,Vectorizers (TF-IDF + BOW),vectorizers,RF,2,2,0.9376218323586745
Lupac,Fake News Filipino 2024,Vectorizers (TF-IDF + BOW),vectorizers,SVC,2,2,0.9512670565302144
Lupac,Fake News Filipino 2024,Vectorizers (TF-IDF + BOW),vectorizers,MNB,2,3,0.8382066276803118
Lupac,Fake News Filipino 2024,Vectorizers (TF-IDF + BOW),vectorizers,LR,2,3,0.9434697855750487
Lupac,Fake News Filipino 2024,Vectorizers (TF-IDF + BOW),vectorizers,RF,2,3,0.9259259259259259
Lupac,Fake News Filipino 2024,Vectorizers (TF-IDF + BOW),vectorizers,SVC,2,3,0.9454191033138402
Lupac,Fake News Filipino 2024,Vectorizers (TF-IDF + BOW),vectorizers,MNB,2,4,0.847953216374269
Lupac,Fake News Filipino 2024,Vectorizers (TF-IDF + BOW),vectorizers,LR,2,4,0.935672514619883
Lupac,Fake News Filipino 2024,Vectorizers (TF-IDF + BOW),vectorizers,RF,2,4,0.935672514619883
Lupac,Fake News Filipino 2024,Vectorizers (TF-IDF + BOW),vectorizers,SVC,2,4,0.9337231968810916
Lupac,Fake News Filipino 2024,Vectorizers (TF-IDF + BOW),vectorizers,MNB,2,5,0.865234375
Lupac,Fake News Filipino 2024,Vectorizers (TF-IDF + BOW),vectorizers,LR,2,5,0.94140625
Lupac,Fake News Filipino 2024,Vectorizers (TF-IDF + BOW),vectorizers,RF,2,5,0.919921875
Lupac,Fake News Filipino 2024,Vectorizers (TF-IDF + BOW),vectorizers,SVC,2,5,0.9375
Lupac,Fake News Filipino 2024,Vectorizers (TF-IDF + BOW),vectorizers,MNB,3,1,0.8576998050682261
Lupac,Fake News Filipino 2024,Vectorizers (TF-IDF + BOW),vectorizers,LR,3,1,0.9610136452241715
Lupac,Fake News Filipino 2024,Vectorizers (TF-IDF + BOW),vectorizers,RF,3,1,0.9395711500974658
Lupac,Fake News Filipino 2024,Vectorizers (TF-IDF + BOW),vectorizers,SVC,3,1,0.9649122807017544
Lupac,Fake News Filipino 2024,Vectorizers (TF-IDF + BOW),vectorizers,MNB,3,2,0.8499025341130604
Lupac,Fake News Filipino 2024,Vectorizers (TF-IDF + BOW),vectorizers,LR,3,2,0.9317738791423001
Lupac,Fake News Filipino 2024,Vectorizers (TF-IDF + BOW),vectorizers,RF,3,2,0.9200779727095516
Lupac,Fake News Filipino 2024,Vectorizers (TF-IDF + BOW),vectorizers,SVC,3,2,0.9376218323586745
Lupac,Fake News Filipino 2024,Vectorizers (TF-IDF + BOW),vectorizers,MNB,3,3,0.8771929824561403
Lupac,Fake News Filipino 2024,Vectorizers (TF-IDF + BOW),vectorizers,LR,3,3,0.949317738791423
Lupac,Fake News Filipino 2024,Vectorizers (TF-IDF + BOW),vectorizers,RF,3,3,0.9337231968810916
Lupac,Fake News Filipino 2024,Vectorizers (TF-IDF + BOW),vectorizers,SVC,3,3,0.949317738791423
Lupac,Fake News Filipino 2024,Vectorizers (TF-IDF + BOW),vectorizers,MNB,3,4,0.8557504873294347
Lupac,Fake News Filipino 2024,Vectorizers (TF-IDF + BOW),vectorizers,LR,3,4,0.9512670565302144
Lupac,Fake News Filipino 2024,Vectorizers (TF-IDF + BOW),vectorizers,RF,3,4,0.9161793372319688
Lupac,Fake News Filipino 2024,Vectorizers (TF-IDF + BOW),vectorizers,SVC,3,4,0.9512670565302144
Lupac,Fake News Filipino 2024,Vectorizers (TF-IDF + BOW),vectorizers,MNB,3,5,0.849609375
Lupac,Fake News Filipino 2024,Vectorizers (TF-IDF + BOW),vectorizers,LR,3,5,0.947265625
Lupac,Fake News Filipino 2024,Vectorizers (TF-IDF + BOW),vectorizers,RF,3,5,0.935546875
Lupac,Fake News Filipino 2024,Vectorizers (TF-IDF + BOW),vectorizers,SVC,3,5,0.943359375
Lupac,Fake News Filipino 2024,Vectorizers (TF-IDF + BOW),vectorizers,MNB,4,1,0.8187134502923976
Lupac,Fake News Filipino 2024,Vectorizers (TF-IDF + BOW),vectorizers,LR,4,1,0.9532163742690059
Lupac,Fake News Filipino 2024,Vectorizers (TF-IDF + BOW),vectorizers,RF,4,1,0.9317738791423001
Lupac,Fake News Filipino 2024,Vectorizers (TF-IDF + BOW),vectorizers,SVC,4,1,0.9512670565302144
Lupac,Fake News Filipino 2024,Vectorizers (TF-IDF + BOW),vectorizers,MNB,4,2,0.8830409356725146
Lupac,Fake News Filipino 2024,Vectorizers (TF-IDF + BOW),vectorizers,LR,4,2,0.9512670565302144
Lupac,Fake News Filipino 2024,Vectorizers (TF-IDF + BOW),vectorizers,RF,4,2,0.9415204678362573
Lupac,Fake News Filipino 2024,Vectorizers (TF-IDF + BOW),vectorizers,SVC,4,2,0.9551656920077972
Lupac,Fake News Filipino 2024,Vectorizers (TF-IDF + BOW),vectorizers,MNB,4,3,0.8635477582846004
Lupac,Fake News Filipino 2024,Vectorizers (TF-IDF + BOW),vectorizers,LR,4,3,0.9571150097465887
Lupac,Fake News Filipino 2024,Vectorizers (TF-IDF + BOW),vectorizers,RF,4,3,0.9395711500974658
Lupac,Fake News Filipino 2024,Vectorizers (TF-IDF + BOW),vectorizers,SVC,4,3,0.9610136452241715
Lupac,Fake News Filipino 2024,Vectorizers (TF-IDF + BOW),vectorizers,MNB,4,4,0.8382066276803118
Lupac,Fake News Filipino 2024,Vectorizers (TF-IDF + BOW),vectorizers,LR,4,4,0.9415204678362573
Lupac,Fake News Filipino 2024,Vectorizers (TF-IDF + BOW),vectorizers,RF,4,4,0.9025341130604289
Lupac,Fake News Filipino 2024,Vectorizers (TF-IDF + BOW),vectorizers,SVC,4,4,0.9376218323586745
Lupac,Fake News Filipino 2024,Vectorizers (TF-IDF + BOW),vectorizers,MNB,4,5,0.85546875
Lupac,Fake News Filipino 2024,Vectorizers (TF-IDF + BOW),vectorizers,LR,4,5,0.943359375
Lupac,Fake News Filipino 2024,Vectorizers (TF-IDF + BOW),vectorizers,RF,4,5,0.923828125
Lupac,Fake News Filipino 2024,Vectorizers (TF-IDF + BOW),vectorizers,SVC,4,5,0.9453125
Lupac,Fake News Filipino 2024,Vectorizers (TF-IDF + BOW),vectorizers,MNB,5,1,0.8576998050682261
Lupac,Fake News Filipino 2024,Vectorizers (TF-IDF + BOW),vectorizers,LR,5,1,0.949317738791423
Lupac,Fake News Filipino 2024,Vectorizers (TF-IDF + BOW),vectorizers,RF,5,1,0.9415204678362573
Lupac,Fake News Filipino 2024,Vectorizers (TF-IDF + BOW),vectorizers,SVC,5,1,0.9532163742690059
Lupac,Fake News Filipino 2024,Vectorizers (TF-IDF + BOW),vectorizers,MNB,5,2,0.8557504873294347
Lupac,Fake News Filipino 2024,Vectorizers (TF-IDF + BOW),vectorizers,LR,5,2,0.9551656920077972
Lupac,Fake News Filipino 2024,Vectorizers (TF-IDF + BOW),vectorizers,RF,5,2,0.9376218323586745
Lupac,Fake News Filipino 2024,Vectorizers (TF-IDF + BOW),vectorizers,SVC,5,2,0.9590643274853801
Lupac,Fake News Filipino 2024,Vectorizers (TF-IDF + BOW),vectorizers,MNB,5,3,0.834307992202729
Lupac,Fake News Filipino 2024,Vectorizers (TF-IDF + BOW),vectorizers,LR,5,3,0.9434697855750487
Lupac,Fake News Filipino 2024,Vectorizers (TF-IDF + BOW),vectorizers,RF,5,3,0.9122807017543859
Lupac,Fake News Filipino 2024,Vectorizers (TF-IDF + BOW),vectorizers,SVC,5,3,0.9454191033138402
Lupac,Fake News Filipino 2024,Vectorizers (TF-IDF + BOW),vectorizers,MNB,5,4,0.8732943469785575
Lupac,Fake News Filipino 2024,Vectorizers (TF-IDF + BOW),vectorizers,LR,5,4,0.9649122807017544
Lupac,Fake News Filipino 2024,Vectorizers (TF-IDF + BOW),vectorizers,RF,5,4,0.9200779727095516
Lupac,Fake News Filipino 2024,Vectorizers (TF-IDF + BOW),vectorizers,SVC,5,4,0.9629629629629629
Lupac,Fake News Filipino 2024,Vectorizers (TF-IDF + BOW),vectorizers,MNB,5,5,0.84765625
Lupac,Fake News Filipino 2024,Vectorizers (TF-IDF + BOW),vectorizers,LR,5,5,0.935546875
Lupac,Fake News Filipino 2024,Vectorizers (TF-IDF + BOW),vectorizers,RF,5,5,0.9140625
Lupac,Fake News Filipino 2024,Vectorizers (TF-IDF + BOW),vectorizers,SVC,5,5,0.9453125
Lupac,Fake News Filipino 2024,Vectorizers (TF-IDF + BOW),vectorizers,MNB,6,1,0.8362573099415205
Lupac,Fake News Filipino 2024,Vectorizers (TF-IDF + BOW),vectorizers,LR,6,1,0.949317738791423
Lupac,Fake News Filipino 2024,Vectorizers (TF-IDF + BOW),vectorizers,RF,6,1,0.9317738791423001
Lupac,Fake News Filipino 2024,Vectorizers (TF-IDF + BOW),vectorizers,SVC,6,1,0.9473684210526315
Lupac,Fake News Filipino 2024,Vectorizers (TF-IDF + BOW),vectorizers,MNB,6,2,0.8927875243664717
Lupac,Fake News Filipino 2024,Vectorizers (TF-IDF + BOW),vectorizers,LR,6,2,0.949317738791423
Lupac,Fake News Filipino 2024,Vectorizers (TF-IDF + BOW),vectorizers,RF,6,2,0.9200779727095516
Lupac,Fake News Filipino 2024,Vectorizers (TF-IDF + BOW),vectorizers,SVC,6,2,0.949317738791423
Lupac,Fake News Filipino 2024,Vectorizers (TF-IDF + BOW),vectorizers,MNB,6,3,0.8187134502923976
Lupac,Fake News Filipino 2024,Vectorizers (TF-IDF + BOW),vectorizers,LR,6,3,0.9395711500974658
Lupac,Fake News Filipino 2024,Vectorizers (TF-IDF + BOW),vectorizers,RF,6,3,0.9200779727095516
Lupac,Fake News Filipino 2024,Vectorizers (TF-IDF + BOW),vectorizers,SVC,6,3,0.9415204678362573
Lupac,Fake News Filipino 2024,Vectorizers (TF-IDF + BOW),vectorizers,MNB,6,4,0.8460038986354775
Lupac,Fake News Filipino 2024,Vectorizers (TF-IDF + BOW),vectorizers,LR,6,4,0.9395711500974658
Lupac,Fake News Filipino 2024,Vectorizers (TF-IDF + BOW),vectorizers,RF,6,4,0.9220272904483431
Lupac,Fake News Filipino 2024,Vectorizers (TF-IDF + BOW),vectorizers,SVC,6,4,0.9551656920077972
Lupac,Fake News Filipino 2024,Vectorizers (TF-IDF + BOW),vectorizers,MNB,6,5,0.873046875
Lupac,Fake News Filipino 2024,Vectorizers (TF-IDF + BOW),vectorizers,LR,6,5,0.95703125
Lupac,Fake News Filipino 2024,Vectorizers (TF-IDF + BOW),vectorizers,RF,6,5,0.935546875
Lupac,Fake News Filipino 2024,Vectorizers (TF-IDF + BOW),vectorizers,SVC,6,5,0.953125
Lupac,Fake News Filipino 2024,+ Readability (READ),"vectorizers,read",MNB,1,1,0.8440545808966862
Lupac,Fake News Filipino 2024,+ Readability (READ),"vectorizers,read",LR,1,1,0.9415204678362573
Lupac,Fake News Filipino 2024,+ Readability (READ),"vectorizers,read",RF,1,1,0.9278752436647173
Lupac,Fake News Filipino 2024,+ Readability (READ),"vectorizers,read",SVC,1,1,0.9473684210526315
Lupac,Fake News Filipino 2024,+ Readability (READ),"vectorizers,read",MNB,1,2,0.8499025341130604
Lupac,Fake News Filipino 2024,+ Readability (READ),"vectorizers,read",LR,1,2,0.9415204678362573
Lupac,Fake News Filipino 2024,+ Readability (READ),"vectorizers,read",RF,1,2,0.9259259259259259
Lupac,Fake News Filipino 2024,+ Readability (READ),"vectorizers,read",SVC,1,2,0.9434697855750487
Lupac,Fake News Filipino 2024,+ Readability (READ),"vectorizers,read",MNB,1,3,0.8693957115009746
Lupac,Fake News Filipino 2024,+ Readability (READ),"vectorizers,read",LR,1,3,0.9610136452241715
Lupac,Fake News Filipino 2024,+ Readability (READ),"vectorizers,read",RF,1,3,0.9512670565302144
Lupac,Fake News Filipino 2024,+ Readability (READ),"vectorizers,read",SVC,1,3,0.9571150097465887
Lupac,Fake News Filipino 2024,+ Readability (READ),"vectorizers,read",MNB,1,4,0.8557504873294347
Lupac,Fake News Filipino 2024,+ Readability (READ),"vectorizers,read",LR,1,4,0.9473684210526315
Lupac,Fake News Filipino 2024,+ Readability (READ),"vectorizers,read",RF,1,4,0.9395711500974658
Lupac,Fake News Filipino 2024,+ Readability (READ),"vectorizers,read",SVC,1,4,0.9571150097465887
Lupac,Fake News Filipino 2024,+ Readability (READ),"vectorizers,read",MNB,1,5,0.84765625
Lupac,Fake News Filipino 2024,+ Readability (READ),"vectorizers,read",LR,1,5,0.94921875
Lupac,Fake News Filipino 2024,+ Readability (READ),"vectorizers,read",RF,1,5,0.931640625
Lupac,Fake News Filipino 2024,+ Readability (READ),"vectorizers,read",SVC,1,5,0.94921875
Lupac,Fake News Filipino 2024,+ Readability (READ),"vectorizers,read",MNB,2,1,0.8752436647173489
Lupac,Fake News Filipino 2024,+ Readability (READ),"vectorizers,read",LR,2,1,0.9590643274853801
Lupac,Fake News Filipino 2024,+ Readability (READ),"vectorizers,read",RF,2,1,0.935672514619883
Lupac,Fake News Filipino 2024,+ Readability (READ),"vectorizers,read",SVC,2,1,0.9571150097465887
Lupac,Fake News Filipino 2024,+ Readability (READ),"vectorizers,read",MNB,2,2,0.8323586744639376
Lupac,Fake News Filipino 2024,+ Readability (READ),"vectorizers,read",LR,2,2,0.9434697855750487
Lupac,Fake News Filipino 2024,+ Readability (READ),"vectorizers,read",RF,2,2,0.9220272904483431
Lupac,Fake News Filipino 2024,+ Readability (READ),"vectorizers,read",SVC,2,2,0.9454191033138402
Lupac,Fake News Filipino 2024,+ Readability (READ),"vectorizers,read",MNB,2,3,0.8401559454191033
Lupac,Fake News Filipino 2024,+ Readability (READ),"vectorizers,read",LR,2,3,0.9415204678362573
Lupac,Fake News Filipino 2024,+ Readability (READ),"vectorizers,read",RF,2,3,0.9337231968810916
Lupac,Fake News Filipino 2024,+ Readability (READ),"vectorizers,read",SVC,2,3,0.9454191033138402
Lupac,Fake News Filipino 2024,+ Readability (READ),"vectorizers,read",MNB,2,4,0.8460038986354775
Lupac,Fake News Filipino 2024,+ Readability (READ),"vectorizers,read",LR,2,4,0.9415204678362573
Lupac,Fake News Filipino 2024,+ Readability (READ),"vectorizers,read",RF,2,4,0.9337231968810916
Lupac,Fake News Filipino 2024,+ Readability (READ),"vectorizers,read",SVC,2,4,0.9376218323586745
Lupac,Fake News Filipino 2024,+ Readability (READ),"vectorizers,read",MNB,2,5,0.857421875
Lupac,Fake News Filipino 2024,+ Readability (READ),"vectorizers,read",LR,2,5,0.939453125
Lupac,Fake News Filipino 2024,+ Readability (READ),"vectorizers,read",RF,2,5,0.923828125
Lupac,Fake News Filipino 2024,+ Readability (READ),"vectorizers,read",SVC,2,5,0.939453125
Lupac,Fake News Filipino 2024,+ Readability (READ),"vectorizers,read",MNB,3,1,0.8576998050682261
Lupac,Fake News Filipino 2024,+ Readability (READ),"vectorizers,read",LR,3,1,0.9590643274853801
Lupac,Fake News Filipino 2024,+ Readability (READ),"vectorizers,read",RF,3,1,0.935672514619883
Lupac,Fake News Filipino 2024,+ Readability (READ),"vectorizers,read",SVC,3,1,0.9590643274853801
Lupac,Fake News Filipino 2024,+ Readability (READ),"vectorizers,read",MNB,3,2,0.8499025341130604
Lupac,Fake News Filipino 2024,+ Readability (READ),"vectorizers,read",LR,3,2,0.9337231968810916
Lupac,Fake News Filipino 2024,+ Readability (READ),"vectorizers,read",RF,3,2,0.9103313840155945
Lupac,Fake News Filipino 2024,+ Readability (READ),"vectorizers,read",SVC,3,2,0.9337231968810916
Lupac,Fake News Filipino 2024,+ Readability (READ),"vectorizers,read",MNB,3,3,0.8752436647173489
Lupac,Fake News Filipino 2024,+ Readability (READ),"vectorizers,read",LR,3,3,0.9473684210526315
Lupac,Fake News Filipino 2024,+ Readability (READ),"vectorizers,read",RF,3,3,0.9298245614035088
Lupac,Fake News Filipino 2024,+ Readability (READ),"vectorizers,read",SVC,3,3,0.9473684210526315
Lupac,Fake News Filipino 2024,+ Readability (READ),"vectorizers,read",MNB,3,4,0.8538011695906432
Lupac,Fake News Filipino 2024,+ Readability (READ),"vectorizers,read",LR,3,4,0.9512670565302144
Lupac,Fake News Filipino 2024,+ Readability (READ),"vectorizers,read",RF,3,4,0.9181286549707602
Lupac,Fake News Filipino 2024,+ Readability (READ),"vectorizers,read",SVC,3,4,0.9512670565302144
Lupac,Fake News Filipino 2024,+ Readability (READ),"vectorizers,read",MNB,3,5,0.84765625
Lupac,Fake News Filipino 2024,+ Readability (READ),"vectorizers,read",LR,3,5,0.9453125
Lupac,Fake News Filipino 2024,+ Readability (READ),"vectorizers,read",RF,3,5,0.939453125
Lupac,Fake News Filipino 2024,+ Readability (READ),"vectorizers,read",SVC,3,5,0.9453125
Lupac,Fake News Filipino 2024,+ Readability (READ),"vectorizers,read",MNB,4,1,0.8226120857699805
Lupac,Fake News Filipino 2024,+ Readability (READ),"vectorizers,read",LR,4,1,0.9551656920077972
Lupac,Fake News Filipino 2024,+ Readability (READ),"vectorizers,read",RF,4,1,0.9278752436647173
Lupac,Fake News Filipino 2024,+ Readability (READ),"vectorizers,read",SVC,4,1,0.9532163742690059
Lupac,Fake News Filipino 2024,+ Readability (READ),"vectorizers,read",MNB,4,2,0.8791423001949318
Lupac,Fake News Filipino 2024,+ Readability (READ),"vectorizers,read",LR,4,2,0.9532163742690059
Lupac,Fake News Filipino 2024,+ Readability (READ),"vectorizers,read",RF,4,2,0.9415204678362573
Lupac,Fake News Filipino 2024,+ Readability (READ),"vectorizers,read",SVC,4,2,0.9532163742690059
Lupac,Fake News Filipino 2024,+ Readability (READ),"vectorizers,read",MNB,4,3,0.8635477582846004
Lupac,Fake News Filipino 2024,+ Readability (READ),"vectorizers,read",LR,4,3,0.9610136452241715
Lupac,Fake News Filipino 2024,+ Readability (READ),"vectorizers,read",RF,4,3,0.949317738791423
Lupac,Fake News Filipino 2024,+ Readability (READ),"vectorizers,read",SVC,4,3,0.9610136452241715
Lupac,Fake News Filipino 2024,+ Readability (READ),"vectorizers,read",MNB,4,4,0.8382066276803118
Lupac,Fake News Filipino 2024,+ Readability (READ),"vectorizers,read",LR,4,4,0.9395711500974658
Lupac,Fake News Filipino 2024,+ Readability (READ),"vectorizers,read",RF,4,4,0.9083820662768031
Lupac,Fake News Filipino 2024,+ Readability (READ),"vectorizers,read",SVC,4,4,0.9376218323586745
Lupac,Fake News Filipino 2024,+ Readability (READ),"vectorizers,read",MNB,4,5,0.8515625
Lupac,Fake News Filipino 2024,+ Readability (READ),"vectorizers,read",LR,4,5,0.943359375
Lupac,Fake News Filipino 2024,+ Readability (READ),"vectorizers,read",RF,4,5,0.927734375
Lupac,Fake News Filipino 2024,+ Readability (READ),"vectorizers,read",SVC,4,5,0.943359375
Lupac,Fake News Filipino 2024,+ Readability (READ),"vectorizers,read",MNB,5,1,0.8538011695906432
Lupac,Fake News Filipino 2024,+ Readability (READ),"vectorizers,read",LR,5,1,0.9454191033138402
Lupac,Fake News Filipino 2024,+ Readability (READ),"vectorizers,read",RF,5,1,0.9395711500974658
Lupac,Fake News Filipino 2024,+ Readability (READ),"vectorizers,read",SVC,5,1,0.9571150097465887
Lupac,Fake News Filipino 2024,+ Readability (READ),"vectorizers,read",MNB,5,2,0.8557504873294347
Lupac,Fake News Filipino 2024,+ Readability (READ),"vectorizers,read",LR,5,2,0.9532163742690059
Lupac,Fake News Filipino 2024,+ Readability (READ),"vectorizers,read",RF,5,2,0.9317738791423001
Lupac,Fake News Filipino 2024,+ Readability (READ),"vectorizers,read",SVC,5,2,0.9571150097465887
Lupac,Fake News Filipino 2024,+ Readability (READ),"vectorizers,read",MNB,5,3,0.8304093567251462
Lupac,Fake News Filipino 2024,+ Readability (READ),"vectorizers,read",LR,5,3,0.9454191033138402
Lupac,Fake News Filipino 2024,+ Readability (READ),"vectorizers,read",RF,5,3,0.9005847953216374
Lupac,Fake News Filipino 2024,+ Readability (READ),"vectorizers,read",SVC,5,3,0.9395711500974658
Lupac,Fake News Filipino 2024,+ Readability (READ),"vectorizers,read",MNB,5,4,0.8713450292397661
Lupac,Fake News Filipino 2024,+ Readability (READ),"vectorizers,read",LR,5,4,0.9649122807017544
Lupac,Fake News Filipino 2024,+ Readability (READ),"vectorizers,read",RF,5,4,0.9337231968810916
Lupac,Fake News Filipino 2024,+ Readability (READ),"vectorizers,read",SVC,5,4,0.9668615984405458
Lupac,Fake News Filipino 2024,+ Readability (READ),"vectorizers,read",MNB,5,5,0.84765625
Lupac,Fake News Filipino 2024,+ Readability (READ),"vectorizers,read",LR,5,5,0.935546875
Lupac,Fake News Filipino 2024,+ Readability (READ),"vectorizers,read",RF,5,5,0.921875
Lupac,Fake News Filipino 2024,+ Readability (READ),"vectorizers,read",SVC,5,5,0.943359375
Lupac,Fake News Filipino 2024,+ Readability (READ),"vectorizers,read",MNB,6,1,0.8362573099415205
Lupac,Fake News Filipino 2024,+ Readability (READ),"vectorizers,read",LR,6,1,0.949317738791423
Lupac,Fake News Filipino 2024,+ Readability (READ),"vectorizers,read",RF,6,1,0.9200779727095516
Lupac,Fake News Filipino 2024,+ Readability (READ),"vectorizers,read",SVC,6,1,0.9454191033138402
Lupac,Fake News Filipino 2024,+ Readability (READ),"vectorizers,read",MNB,6,2,0.8908382066276803
Lupac,Fake News Filipino 2024,+ Readability (READ),"vectorizers,read",LR,6,2,0.949317738791423
Lupac,Fake News Filipino 2024,+ Readability (READ),"vectorizers,read",RF,6,2,0.9239766081871345
Lupac,Fake News Filipino 2024,+ Readability (READ),"vectorizers,read",SVC,6,2,0.949317738791423
Lupac,Fake News Filipino 2024,+ Readability (READ),"vectorizers,read",MNB,6,3,0.8148148148148148
Lupac,Fake News Filipino 2024,+ Readability (READ),"vectorizers,read",LR,6,3,0.935672514619883
Lupac,Fake News Filipino 2024,+ Readability (READ),"vectorizers,read",RF,6,3,0.9317738791423001
Lupac,Fake News Filipino 2024,+ Readability (READ),"vectorizers,read",SVC,6,3,0.9376218323586745
Lupac,Fake News Filipino 2024,+ Readability (READ),"vectorizers,read",MNB,6,4,0.8460038986354775
Lupac,Fake News Filipino 2024,+ Readability (READ),"vectorizers,read",LR,6,4,0.9415204678362573
Lupac,Fake News Filipino 2024,+ Readability (READ),"vectorizers,read",RF,6,4,0.9259259259259259
Lupac,Fake News Filipino 2024,+ Readability (READ),"vectorizers,read",SVC,6,4,0.9512670565302144
Lupac,Fake News Filipino 2024,+ Readability (READ),"vectorizers,read",MNB,6,5,0.869140625
Lupac,Fake News Filipino 2024,+ Readability (READ),"vectorizers,read",LR,6,5,0.95703125
Lupac,Fake News Filipino 2024,+ Readability (READ),"vectorizers,read",RF,6,5,0.9375
Lupac,Fake News Filipino 2024,+ Readability (READ),"vectorizers,read",SVC,6,5,0.955078125
Lupac,Fake News Filipino 2024,+ Out-of-vocabulary (OOV),"vectorizers,read,oov",MNB,1,1,0.8440545808966862
Lupac,Fake News Filipino 2024,+ Out-of-vocabulary (OOV),"vectorizers,read,oov",LR,1,1,0.9395711500974658
Lupac,Fake News Filipino 2024,+ Out-of-vocabulary (OOV),"vectorizers,read,oov",RF,1,1,0.9278752436647173
Lupac,Fake News Filipino 2024,+ Out-of-vocabulary (OOV),"vectorizers,read,oov",SVC,1,1,0.9473684210526315
Lupac,Fake News Filipino 2024,+ Out-of-vocabulary (OOV),"vectorizers,read,oov",MNB,1,2,0.8518518518518519
Lupac,Fake News Filipino 2024,+ Out-of-vocabulary (OOV),"vectorizers,read,oov",LR,1,2,0.9415204678362573
Lupac,Fake News Filipino 2024,+ Out-of-vocabulary (OOV),"vectorizers,read,oov",RF,1,2,0.9259259259259259
Lupac,Fake News Filipino 2024,+ Out-of-vocabulary (OOV),"vectorizers,read,oov",SVC,1,2,0.9434697855750487
Lupac,Fake News Filipino 2024,+ Out-of-vocabulary (OOV),"vectorizers,read,oov",MNB,1,3,0.8674463937621832
Lupac,Fake News Filipino 2024,+ Out-of-vocabulary (OOV),"vectorizers,read,oov",LR,1,3,0.9571150097465887
Lupac,Fake News Filipino 2024,+ Out-of-vocabulary (OOV),"vectorizers,read,oov",RF,1,3,0.9590643274853801
Lupac,Fake News Filipino 2024,+ Out-of-vocabulary (OOV),"vectorizers,read,oov",SVC,1,3,0.9551656920077972
Lupac,Fake News Filipino 2024,+ Out-of-vocabulary (OOV),"vectorizers,read,oov",MNB,1,4,0.8538011695906432
Lupac,Fake News Filipino 2024,+ Out-of-vocabulary (OOV),"vectorizers,read,oov",LR,1,4,0.949317738791423
Lupac,Fake News Filipino 2024,+ Out-of-vocabulary (OOV),"vectorizers,read,oov",RF,1,4,0.9181286549707602
Lupac,Fake News Filipino 2024,+ Out-of-vocabulary (OOV),"vectorizers,read,oov",SVC,1,4,0.9532163742690059
Lupac,Fake News Filipino 2024,+ Out-of-vocabulary (OOV),"vectorizers,read,oov",MNB,1,5,0.84765625
Lupac,Fake News Filipino 2024,+ Out-of-vocabulary (OOV),"vectorizers,read,oov",LR,1,5,0.951171875
Lupac,Fake News Filipino 2024,+ Out-of-vocabulary (OOV),"vectorizers,read,oov",RF,1,5,0.92578125
Lupac,Fake News Filipino 2024,+ Out-of-vocabulary (OOV),"vectorizers,read,oov",SVC,1,5,0.9453125
Lupac,Fake News Filipino 2024,+ Out-of-vocabulary (OOV),"vectorizers,read,oov",MNB,2,1,0.8752436647173489
Lupac,Fake News Filipino 2024,+ Out-of-vocabulary (OOV),"vectorizers,read,oov",LR,2,1,0.9590643274853801
Lupac,Fake News Filipino 2024,+ Out-of-vocabulary (OOV),"vectorizers,read,oov",RF,2,1,0.9298245614035088
Lupac,Fake News Filipino 2024,+ Out-of-vocabulary (OOV),"vectorizers,read,oov",SVC,2,1,0.9590643274853801
Lupac,Fake News Filipino 2024,+ Out-of-vocabulary (OOV),"vectorizers,read,oov",MNB,2,2,0.8284600389863548
Lupac,Fake News Filipino 2024,+ Out-of-vocabulary (OOV),"vectorizers,read,oov",LR,2,2,0.9434697855750487
Lupac,Fake News Filipino 2024,+ Out-of-vocabulary (OOV),"vectorizers,read,oov",RF,2,2,0.9337231968810916
Lupac,Fake News Filipino 2024,+ Out-of-vocabulary (OOV),"vectorizers,read,oov",SVC,2,2,0.9512670565302144
Lupac,Fake News Filipino 2024,+ Out-of-vocabulary (OOV),"vectorizers,read,oov",MNB,2,3,0.8401559454191033
Lupac,Fake News Filipino 2024,+ Out-of-vocabulary (OOV),"vectorizers,read,oov",LR,2,3,0.9415204678362573
Lupac,Fake News Filipino 2024,+ Out-of-vocabulary (OOV),"vectorizers,read,oov",RF,2,3,0.9142300194931774
Lupac,Fake News Filipino 2024,+ Out-of-vocabulary (OOV),"vectorizers,read,oov",SVC,2,3,0.9434697855750487
Lupac,Fake News Filipino 2024,+ Out-of-vocabulary (OOV),"vectorizers,read,oov",MNB,2,4,0.8460038986354775
Lupac,Fake News Filipino 2024,+ Out-of-vocabulary (OOV),"vectorizers,read,oov",LR,2,4,0.935672514619883
Lupac,Fake News Filipino 2024,+ Out-of-vocabulary (OOV),"vectorizers,read,oov",RF,2,4,0.9415204678362573
Lupac,Fake News Filipino 2024,+ Out-of-vocabulary (OOV),"vectorizers,read,oov",SVC,2,4,0.935672514619883
Lupac,Fake News Filipino 2024,+ Out-of-vocabulary (OOV),"vectorizers,read,oov",MNB,2,5,0.857421875
Lupac,Fake News Filipino 2024,+ Out-of-vocabulary (OOV),"vectorizers,read,oov",LR,2,5,0.94140625
Lupac,Fake News Filipino 2024,+ Out-of-vocabulary (OOV),"vectorizers,read,oov",RF,2,5,0.919921875
Lupac,Fake News Filipino 2024,+ Out-of-vocabulary (OOV),"vectorizers,read,oov",SVC,2,5,0.939453125
Lupac,Fake News Filipino 2024,+ Out-of-vocabulary (OOV),"vectorizers,read,oov",MNB,3,1,0.8518518518518519
Lupac,Fake News Filipino 2024,+ Out-of-vocabulary (OOV),"vectorizers,read,oov",LR,3,1,0.9590643274853801
Lupac,Fake News Filipino 2024,+ Out-of-vocabulary (OOV),"vectorizers,read,oov",RF,3,1,0.9278752436647173
Lupac,Fake News Filipino 2024,+ Out-of-vocabulary (OOV),"vectorizers,read,oov",SVC,3,1,0.9610136452241715
Lupac,Fake News Filipino 2024,+ Out-of-vocabulary (OOV),"vectorizers,read,oov",MNB,3,2,0.8460038986354775
Lupac,Fake News Filipino 2024,+ Out-of-vocabulary (OOV),"vectorizers,read,oov",LR,3,2,0.9278752436647173
Lupac,Fake News Filipino 2024,+ Out-of-vocabulary (OOV),"vectorizers,read,oov",RF,3,2,0.9142300194931774
Lupac,Fake News Filipino 2024,+ Out-of-vocabulary (OOV),"vectorizers,read,oov",SVC,3,2,0.9259259259259259
Lupac,Fake News Filipino 2024,+ Out-of-vocabulary (OOV),"vectorizers,read,oov",MNB,3,3,0.8732943469785575
Lupac,Fake News Filipino 2024,+ Out-of-vocabulary (OOV),"vectorizers,read,oov",LR,3,3,0.9473684210526315
Lupac,Fake News Filipino 2024,+ Out-of-vocabulary (OOV),"vectorizers,read,oov",RF,3,3,0.9298245614035088
Lupac,Fake News Filipino 2024,+ Out-of-vocabulary (OOV),"vectorizers,read,oov",SVC,3,3,0.949317738791423
Lupac,Fake News Filipino 2024,+ Out-of-vocabulary (OOV),"vectorizers,read,oov",MNB,3,4,0.8460038986354775
Lupac,Fake News Filipino 2024,+ Out-of-vocabulary (OOV),"vectorizers,read,oov",LR,3,4,0.9512670565302144
Lupac,Fake News Filipino 2024,+ Out-of-vocabulary (OOV),"vectorizers,read,oov",RF,3,4,0.9278752436647173
Lupac,Fake News Filipino 2024,+ Out-of-vocabulary (OOV),"vectorizers,read,oov",SVC,3,4,0.9512670565302144
Lupac,Fake News Filipino 2024,+ Out-of-vocabulary (OOV),"vectorizers,read,oov",MNB,3,5,0.84765625
Lupac,Fake News Filipino 2024,+ Out-of-vocabulary (OOV),"vectorizers,read,oov",LR,3,5,0.94921875
Lupac,Fake News Filipino 2024,+ Out-of-vocabulary (OOV),"vectorizers,read,oov",RF,3,5,0.9296875
Lupac,Fake News Filipino 2024,+ Out-of-vocabulary (OOV),"vectorizers,read,oov",SVC,3,5,0.947265625
Lupac,Fake News Filipino 2024,+ Out-of-vocabulary (OOV),"vectorizers,read,oov",MNB,4,1,0.8167641325536062
Lupac,Fake News Filipino 2024,+ Out-of-vocabulary (OOV),"vectorizers,read,oov",LR,4,1,0.9571150097465887
Lupac,Fake News Filipino 2024,+ Out-of-vocabulary (OOV),"vectorizers,read,oov",RF,4,1,0.9259259259259259
Lupac,Fake News Filipino 2024,+ Out-of-vocabulary (OOV),"vectorizers,read,oov",SVC,4,1,0.9532163742690059
Lupac,Fake News Filipino 2024,+ Out-of-vocabulary (OOV),"vectorizers,read,oov",MNB,4,2,0.8791423001949318
Lupac,Fake News Filipino 2024,+ Out-of-vocabulary (OOV),"vectorizers,read,oov",LR,4,2,0.9532163742690059
Lupac,Fake News Filipino 2024,+ Out-of-vocabulary (OOV),"vectorizers,read,oov",RF,4,2,0.9395711500974658
Lupac,Fake News Filipino 2024,+ Out-of-vocabulary (OOV),"vectorizers,read,oov",SVC,4,2,0.9551656920077972
Lupac,Fake News Filipino 2024,+ Out-of-vocabulary (OOV),"vectorizers,read,oov",MNB,4,3,0.8635477582846004
Lupac,Fake News Filipino 2024,+ Out-of-vocabulary (OOV),"vectorizers,read,oov",LR,4,3,0.9551656920077972
Lupac,Fake News Filipino 2024,+ Out-of-vocabulary (OOV),"vectorizers,read,oov",RF,4,3,0.935672514619883
Lupac,Fake News Filipino 2024,+ Out-of-vocabulary (OOV),"vectorizers,read,oov",SVC,4,3,0.9610136452241715
Lupac,Fake News Filipino 2024,+ Out-of-vocabulary (OOV),"vectorizers,read,oov",MNB,4,4,0.8382066276803118
Lupac,Fake News Filipino 2024,+ Out-of-vocabulary (OOV),"vectorizers,read,oov",LR,4,4,0.9337231968810916
Lupac,Fake News Filipino 2024,+ Out-of-vocabulary (OOV),"vectorizers,read,oov",RF,4,4,0.9103313840155945
Lupac,Fake News Filipino 2024,+ Out-of-vocabulary (OOV),"vectorizers,read,oov",SVC,4,4,0.9376218323586745
Lupac,Fake News Filipino 2024,+ Out-of-vocabulary (OOV),"vectorizers,read,oov",MNB,4,5,0.8515625
Lupac,Fake News Filipino 2024,+ Out-of-vocabulary (OOV),"vectorizers,read,oov",LR,4,5,0.9453125
Lupac,Fake News Filipino 2024,+ Out-of-vocabulary (OOV),"vectorizers,read,oov",RF,4,5,0.9140625
Lupac,Fake News Filipino 2024,+ Out-of-vocabulary (OOV),"vectorizers,read,oov",SVC,4,5,0.9453125
Lupac,Fake News Filipino 2024,+ Out-of-vocabulary (OOV),"vectorizers,read,oov",MNB,5,1,0.8557504873294347
Lupac,Fake News Filipino 2024,+ Out-of-vocabulary (OOV),"vectorizers,read,oov",LR,5,1,0.9434697855750487
Lupac,Fake News Filipino 2024,+ Out-of-vocabulary (OOV),"vectorizers,read,oov",RF,5,1,0.935672514619883
Lupac,Fake News Filipino 2024,+ Out-of-vocabulary (OOV),"vectorizers,read,oov",SVC,5,1,0.9571150097465887
Lupac,Fake News Filipino 2024,+ Out-of-vocabulary (OOV),"vectorizers,read,oov",MNB,5,2,0.8460038986354775
Lupac,Fake News Filipino 2024,+ Out-of-vocabulary (OOV),"vectorizers,read,oov",LR,5,2,0.9551656920077972
Lupac,Fake News Filipino 2024,+ Out-of-vocabulary (OOV),"vectorizers,read,oov",RF,5,2,0.9239766081871345
Lupac,Fake News Filipino 2024,+ Out-of-vocabulary (OOV),"vectorizers,read,oov",SVC,5,2,0.9590643274853801
Lupac,Fake News Filipino 2024,+ Out-of-vocabulary (OOV),"vectorizers,read,oov",MNB,5,3,0.8284600389863548
Lupac,Fake News Filipino 2024,+ Out-of-vocabulary (OOV),"vectorizers,read,oov",LR,5,3,0.9454191033138402
Lupac,Fake News Filipino 2024,+ Out-of-vocabulary (OOV),"vectorizers,read,oov",RF,5,3,0.9044834307992202
Lupac,Fake News Filipino 2024,+ Out-of-vocabulary (OOV),"vectorizers,read,oov",SVC,5,3,0.9415204678362573
Lupac,Fake News Filipino 2024,+ Out-of-vocabulary (OOV),"vectorizers,read,oov",MNB,5,4,0.8713450292397661
Lupac,Fake News Filipino 2024,+ Out-of-vocabulary (OOV),"vectorizers,read,oov",LR,5,4,0.9610136452241715
Lupac,Fake News Filipino 2024,+ Out-of-vocabulary (OOV),"vectorizers,read,oov",RF,5,4,0.9181286549707602
Lupac,Fake News Filipino 2024,+ Out-of-vocabulary (OOV),"vectorizers,read,oov",SVC,5,4,0.9571150097465887
Lupac,Fake News Filipino 2024,+ Out-of-vocabulary (OOV),"vectorizers,read,oov",MNB,5,5,0.845703125
Lupac,Fake News Filipino 2024,+ Out-of-vocabulary (OOV),"vectorizers,read,oov",LR,5,5,0.935546875
Lupac,Fake News Filipino 2024,+ Out-of-vocabulary (OOV),"vectorizers,read,oov",RF,5,5,0.916015625
Lupac,Fake News Filipino 2024,+ Out-of-vocabulary (OOV),"vectorizers,read,oov",SVC,5,5,0.947265625
Lupac,Fake News Filipino 2024,+ Out-of-vocabulary (OOV),"vectorizers,read,oov",MNB,6,1,0.8323586744639376
Lupac,Fake News Filipino 2024,+ Out-of-vocabulary (OOV),"vectorizers,read,oov",LR,6,1,0.9454191033138402
Lupac,Fake News Filipino 2024,+ Out-of-vocabulary (OOV),"vectorizers,read,oov",RF,6,1,0.9298245614035088
Lupac,Fake News Filipino 2024,+ Out-of-vocabulary (OOV),"vectorizers,read,oov",SVC,6,1,0.9434697855750487
Lupac,Fake News Filipino 2024,+ Out-of-vocabulary (OOV),"vectorizers,read,oov",MNB,6,2,0.8830409356725146
Lupac,Fake News Filipino 2024,+ Out-of-vocabulary (OOV),"vectorizers,read,oov",LR,6,2,0.9473684210526315
Lupac,Fake News Filipino 2024,+ Out-of-vocabulary (OOV),"vectorizers,read,oov",RF,6,2,0.9239766081871345
Lupac,Fake News Filipino 2024,+ Out-of-vocabulary (OOV),"vectorizers,read,oov",SVC,6,2,0.9473684210526315
Lupac,Fake News Filipino 2024,+ Out-of-vocabulary (OOV),"vectorizers,read,oov",MNB,6,3,0.8128654970760234
Lupac,Fake News Filipino 2024,+ Out-of-vocabulary (OOV),"vectorizers,read,oov",LR,6,3,0.9317738791423001
Lupac,Fake News Filipino 2024,+ Out-of-vocabulary (OOV),"vectorizers,read,oov",RF,6,3,0.9181286549707602
Lupac,Fake News Filipino 2024,+ Out-of-vocabulary (OOV),"vectorizers,read,oov",SVC,6,3,0.9298245614035088
Lupac,Fake News Filipino 2024,+ Out-of-vocabulary (OOV),"vectorizers,read,oov",MNB,6,4,0.847953216374269
Lupac,Fake News Filipino 2024,+ Out-of-vocabulary (OOV),"vectorizers,read,oov",LR,6,4,0.9434697855750487
Lupac,Fake News Filipino 2024,+ Out-of-vocabulary (OOV),"vectorizers,read,oov",RF,6,4,0.9298245614035088
Lupac,Fake News Filipino 2024,+ Out-of-vocabulary (OOV),"vectorizers,read,oov",SVC,6,4,0.9551656920077972
Lupac,Fake News Filipino 2024,+ Out-of-vocabulary (OOV),"vectorizers,read,oov",MNB,6,5,0.8671875
Lupac,Fake News Filipino 2024,+ Out-of-vocabulary (OOV),"vectorizers,read,oov",LR,6,5,0.955078125
Lupac,Fake News Filipino 2024,+ Out-of-vocabulary (OOV),"vectorizers,read,oov",RF,6,5,0.935546875
Lupac,Fake News Filipino 2024,+ Out-of-vocabulary (OOV),"vectorizers,read,oov",SVC,6,5,0.95703125
Lupac,Fake News Filipino 2024,+ Stop words (SW),"vectorizers,read,oov,sw",MNB,1,1,0.8323586744639376
Lupac,Fake News Filipino 2024,+ Stop words (SW),"vectorizers,read,oov,sw",LR,1,1,0.9395711500974658
Lupac,Fake News Filipino 2024,+ Stop words (SW),"vectorizers,read,oov,sw",RF,1,1,0.9376218323586745
Lupac,Fake News Filipino 2024,+ Stop words (SW),"vectorizers,read,oov,sw",SVC,1,1,0.9473684210526315
Lupac,Fake News Filipino 2024,+ Stop words (SW),"vectorizers,read,oov,sw",MNB,1,2,0.8460038986354775
Lupac,Fake News Filipino 2024,+ Stop words (SW),"vectorizers,read,oov,sw",LR,1,2,0.9415204678362573
Lupac,Fake News Filipino 2024,+ Stop words (SW),"vectorizers,read,oov,sw",RF,1,2,0.9083820662768031
Lupac,Fake News Filipino 2024,+ Stop words (SW),"vectorizers,read,oov,sw",SVC,1,2,0.9434697855750487
Lupac,Fake News Filipino 2024,+ Stop words (SW),"vectorizers,read,oov,sw",MNB,1,3,0.8635477582846004
Lupac,Fake News Filipino 2024,+ Stop words (SW),"vectorizers,read,oov,sw",LR,1,3,0.9571150097465887
Lupac,Fake News Filipino 2024,+ Stop words (SW),"vectorizers,read,oov,sw",RF,1,3,0.9473684210526315
Lupac,Fake News Filipino 2024,+ Stop words (SW),"vectorizers,read,oov,sw",SVC,1,3,0.9551656920077972
Lupac,Fake News Filipino 2024,+ Stop words (SW),"vectorizers,read,oov,sw",MNB,1,4,0.8460038986354775
Lupac,Fake News Filipino 2024,+ Stop words (SW),"vectorizers,read,oov,sw",LR,1,4,0.949317738791423
Lupac,Fake News Filipino 2024,+ Stop words (SW),"vectorizers,read,oov,sw",RF,1,4,0.9239766081871345
Lupac,Fake News Filipino 2024,+ Stop words (SW),"vectorizers,read,oov,sw",SVC,1,4,0.9532163742690059
Lupac,Fake News Filipino 2024,+ Stop words (SW),"vectorizers,read,oov,sw",MNB,1,5,0.83203125
Lupac,Fake News Filipino 2024,+ Stop words (SW),"vectorizers,read,oov,sw",LR,1,5,0.951171875
Lupac,Fake News Filipino 2024,+ Stop words (SW),"vectorizers,read,oov,sw",RF,1,5,0.923828125
Lupac,Fake News Filipino 2024,+ Stop words (SW),"vectorizers,read,oov,sw",SVC,1,5,0.9453125
Lupac,Fake News Filipino 2024,+ Stop words (SW),"vectorizers,read,oov,sw",MNB,2,1,0.8732943469785575
Lupac,Fake News Filipino 2024,+ Stop words (SW),"vectorizers,read,oov,sw",LR,2,1,0.9571150097465887
Lupac,Fake News Filipino 2024,+ Stop words (SW),"vectorizers,read,oov,sw",RF,2,1,0.9395711500974658
Lupac,Fake News Filipino 2024,+ Stop words (SW),"vectorizers,read,oov,sw",SVC,2,1,0.9590643274853801
Lupac,Fake News Filipino 2024,+ Stop words (SW),"vectorizers,read,oov,sw",MNB,2,2,0.8245614035087719
Lupac,Fake News Filipino 2024,+ Stop words (SW),"vectorizers,read,oov,sw",LR,2,2,0.9434697855750487
Lupac,Fake News Filipino 2024,+ Stop words (SW),"vectorizers,read,oov,sw",RF,2,2,0.9298245614035088
Lupac,Fake News Filipino 2024,+ Stop words (SW),"vectorizers,read,oov,sw",SVC,2,2,0.9512670565302144
Lupac,Fake News Filipino 2024,+ Stop words (SW),"vectorizers,read,oov,sw",MNB,2,3,0.8284600389863548
Lupac,Fake News Filipino 2024,+ Stop words (SW),"vectorizers,read,oov,sw",LR,2,3,0.9395711500974658
Lupac,Fake News Filipino 2024,+ Stop words (SW),"vectorizers,read,oov,sw",RF,2,3,0.9239766081871345
Lupac,Fake News Filipino 2024,+ Stop words (SW),"vectorizers,read,oov,sw",SVC,2,3,0.9434697855750487
Lupac,Fake News Filipino 2024,+ Stop words (SW),"vectorizers,read,oov,sw",MNB,2,4,0.8382066276803118
Lupac,Fake News Filipino 2024,+ Stop words (SW),"vectorizers,read,oov,sw",LR,2,4,0.935672514619883
Lupac,Fake News Filipino 2024,+ Stop words (SW),"vectorizers,read,oov,sw",RF,2,4,0.9395711500974658
Lupac,Fake News Filipino 2024,+ Stop words (SW),"vectorizers,read,oov,sw",SVC,2,4,0.935672514619883
Lupac,Fake News Filipino 2024,+ Stop words (SW),"vectorizers,read,oov,sw",MNB,2,5,0.84765625
Lupac,Fake News Filipino 2024,+ Stop words (SW),"vectorizers,read,oov,sw",LR,2,5,0.94140625
Lupac,Fake News Filipino 2024,+ Stop words (SW),"vectorizers,read,oov,sw",RF,2,5,0.919921875
Lupac,Fake News Filipino 2024,+ Stop words (SW),"vectorizers,read,oov,sw",SVC,2,5,0.939453125
Lupac,Fake News Filipino 2024,+ Stop words (SW),"vectorizers,read,oov,sw",MNB,3,1,0.8460038986354775
Lupac,Fake News Filipino 2024,+ Stop words (SW),"vectorizers,read,oov,sw",LR,3,1,0.9571150097465887
Lupac,Fake News Filipino 2024,+ Stop words (SW),"vectorizers,read,oov,sw",RF,3,1,0.9220272904483431
Lupac,Fake News Filipino 2024,+ Stop words (SW),"vectorizers,read,oov,sw",SVC,3,1,0.9610136452241715
Lupac,Fake News Filipino 2024,+ Stop words (SW),"vectorizers,read,oov,sw",MNB,3,2,0.8401559454191033
Lupac,Fake News Filipino 2024,+ Stop words (SW),"vectorizers,read,oov,sw",LR,3,2,0.9278752436647173
Lupac,Fake News Filipino 2024,+ Stop words (SW),"vectorizers,read,oov,sw",RF,3,2,0.9083820662768031
Lupac,Fake News Filipino 2024,+ Stop words (SW),"vectorizers,read,oov,sw",SVC,3,2,0.9259259259259259
Lupac,Fake News Filipino 2024,+ Stop words (SW),"vectorizers,read,oov,sw",MNB,3,3,0.8654970760233918
Lupac,Fake News Filipino 2024,+ Stop words (SW),"vectorizers,read,oov,sw",LR,3,3,0.9473684210526315
Lupac,Fake News Filipino 2024,+ Stop words (SW),"vectorizers,read,oov,sw",RF,3,3,0.9259259259259259
Lupac,Fake News Filipino 2024,+ Stop words (SW),"vectorizers,read,oov,sw",SVC,3,3,0.949317738791423
Lupac,Fake News Filipino 2024,+ Stop words (SW),"vectorizers,read,oov,sw",MNB,3,4,0.8284600389863548
Lupac,Fake News Filipino 2024,+ Stop words (SW),"vectorizers,read,oov,sw",LR,3,4,0.9512670565302144
Lupac,Fake News Filipino 2024,+ Stop words (SW),"vectorizers,read,oov,sw",RF,3,4,0.9200779727095516
Lupac,Fake News Filipino 2024,+ Stop words (SW),"vectorizers,read,oov,sw",SVC,3,4,0.949317738791423
Lupac,Fake News Filipino 2024,+ Stop words (SW),"vectorizers,read,oov,sw",MNB,3,5,0.837890625
Lupac,Fake News Filipino 2024,+ Stop words (SW),"vectorizers,read,oov,sw",LR,3,5,0.94921875
Lupac,Fake News Filipino 2024,+ Stop words (SW),"vectorizers,read,oov,sw",RF,3,5,0.94140625
Lupac,Fake News Filipino 2024,+ Stop words (SW),"vectorizers,read,oov,sw",SVC,3,5,0.947265625
Lupac,Fake News Filipino 2024,+ Stop words (SW),"vectorizers,read,oov,sw",MNB,4,1,0.8089668615984406
Lupac,Fake News Filipino 2024,+ Stop words (SW),"vectorizers,read,oov,sw",LR,4,1,0.9571150097465887
Lupac,Fake News Filipino 2024,+ Stop words (SW),"vectorizers,read,oov,sw",RF,4,1,0.9200779727095516
Lupac,Fake News Filipino 2024,+ Stop words (SW),"vectorizers,read,oov,sw",SVC,4,1,0.9532163742690059
Lupac,Fake News Filipino 2024,+ Stop words (SW),"vectorizers,read,oov,sw",MNB,4,2,0.8791423001949318
Lupac,Fake News Filipino 2024,+ Stop words (SW),"vectorizers,read,oov,sw",LR,4,2,0.9532163742690059
Lupac,Fake News Filipino 2024,+ Stop words (SW),"vectorizers,read,oov,sw",RF,4,2,0.9473684210526315
Lupac,Fake News Filipino 2024,+ Stop words (SW),"vectorizers,read,oov,sw",SVC,4,2,0.9551656920077972
Lupac,Fake News Filipino 2024,+ Stop words (SW),"vectorizers,read,oov,sw",MNB,4,3,0.8576998050682261
Lupac,Fake News Filipino 2024,+ Stop words (SW),"vectorizers,read,oov,sw",LR,4,3,0.9571150097465887
Lupac,Fake News Filipino 2024,+ Stop words (SW),"vectorizers,read,oov,sw",RF,4,3,0.935672514619883
Lupac,Fake News Filipino 2024,+ Stop words (SW),"vectorizers,read,oov,sw",SVC,4,3,0.9610136452241715
Lupac,Fake News Filipino 2024,+ Stop words (SW),"vectorizers,read,oov,sw",MNB,4,4,0.8323586744639376
Lupac,Fake News Filipino 2024,+ Stop words (SW),"vectorizers,read,oov,sw",LR,4,4,0.9337231968810916
Lupac,Fake News Filipino 2024,+ Stop words (SW),"vectorizers,read,oov,sw",RF,4,4,0.9083820662768031
Lupac,Fake News Filipino 2024,+ Stop words (SW),"vectorizers,read,oov,sw",SVC,4,4,0.9376218323586745
Lupac,Fake News Filipino 2024,+ Stop words (SW),"vectorizers,read,oov,sw",MNB,4,5,0.83984375
Lupac,Fake News Filipino 2024,+ Stop words (SW),"vectorizers,read,oov,sw",LR,4,5,0.9453125
Lupac,Fake News Filipino 2024,+ Stop words (SW),"vectorizers,read,oov,sw",RF,4,5,0.916015625
Lupac,Fake News Filipino 2024,+ Stop words (SW),"vectorizers,read,oov,sw",SVC,4,5,0.9453125
Lupac,Fake News Filipino 2024,+ Stop words (SW),"vectorizers,read,oov,sw",MNB,5,1,0.8440545808966862
Lupac,Fake News Filipino 2024,+ Stop words (SW),"vectorizers,read,oov,sw",LR,5,1,0.9434697855750487
Lupac,Fake News Filipino 2024,+ Stop words (SW),"vectorizers,read,oov,sw",RF,5,1,0.935672514619883
Lupac,Fake News Filipino 2024,+ Stop words (SW),"vectorizers,read,oov,sw",SVC,5,1,0.9571150097465887
Lupac,Fake News Filipino 2024,+ Stop words (SW),"vectorizers,read,oov,sw",MNB,5,2,0.847953216374269
Lupac,Fake News Filipino 2024,+ Stop words (SW),"vectorizers,read,oov,sw",LR,5,2,0.9551656920077972
Lupac,Fake News Filipino 2024,+ Stop words (SW),"vectorizers,read,oov,sw",RF,5,2,0.9337231968810916
Lupac,Fake News Filipino 2024,+ Stop words (SW),"vectorizers,read,oov,sw",SVC,5,2,0.9590643274853801
Lupac,Fake News Filipino 2024,+ Stop words (SW),"vectorizers,read,oov,sw",MNB,5,3,0.8226120857699805
Lupac,Fake News Filipino 2024,+ Stop words (SW),"vectorizers,read,oov,sw",LR,5,3,0.9454191033138402
Lupac,Fake News Filipino 2024,+ Stop words (SW),"vectorizers,read,oov,sw",RF,5,3,0.9025341130604289
Lupac,Fake News Filipino 2024,+ Stop words (SW),"vectorizers,read,oov,sw",SVC,5,3,0.9415204678362573
Lupac,Fake News Filipino 2024,+ Stop words (SW),"vectorizers,read,oov,sw",MNB,5,4,0.8635477582846004
Lupac,Fake News Filipino 2024,+ Stop words (SW),"vectorizers,read,oov,sw",LR,5,4,0.9610136452241715
Lupac,Fake News Filipino 2024,+ Stop words (SW),"vectorizers,read,oov,sw",RF,5,4,0.9278752436647173
Lupac,Fake News Filipino 2024,+ Stop words (SW),"vectorizers,read,oov,sw",SVC,5,4,0.9590643274853801
Lupac,Fake News Filipino 2024,+ Stop words (SW),"vectorizers,read,oov,sw",MNB,5,5,0.83203125
Lupac,Fake News Filipino 2024,+ Stop words (SW),"vectorizers,read,oov,sw",LR,5,5,0.935546875
Lupac,Fake News Filipino 2024,+ Stop words (SW),"vectorizers,read,oov,sw",RF,5,5,0.923828125
Lupac,Fake News Filipino 2024,+ Stop words (SW),"vectorizers,read,oov,sw",SVC,5,5,0.947265625
Lupac,Fake News Filipino 2024,+ Stop words (SW),"vectorizers,read,oov,sw",MNB,6,1,0.8265107212475633
Lupac,Fake News Filipino 2024,+ Stop words (SW),"vectorizers,read,oov,sw",LR,6,1,0.9473684210526315
Lupac,Fake News Filipino 2024,+ Stop words (SW),"vectorizers,read,oov,sw",RF,6,1,0.9239766081871345
Lupac,Fake News Filipino 2024,+ Stop words (SW),"vectorizers,read,oov,sw",SVC,6,1,0.9415204678362573
Lupac,Fake News Filipino 2024,+ Stop words (SW),"vectorizers,read,oov,sw",MNB,6,2,0.8732943469785575
Lupac,Fake News Filipino 2024,+ Stop words (SW),"vectorizers,read,oov,sw",LR,6,2,0.9473684210526315
Lupac,Fake News Filipino 2024,+ Stop words (SW),"vectorizers,read,oov,sw",RF,6,2,0.9317738791423001
Lupac,Fake News Filipino 2024,+ Stop words (SW),"vectorizers,read,oov,sw",SVC,6,2,0.949317738791423
Lupac,Fake News Filipino 2024,+ Stop words (SW),"vectorizers,read,oov,sw",MNB,6,3,0.8089668615984406
Lupac,Fake News Filipino 2024,+ Stop words (SW),"vectorizers,read,oov,sw",LR,6,3,0.9317738791423001
Lupac,Fake News Filipino 2024,+ Stop words (SW),"vectorizers,read,oov,sw",RF,6,3,0.9220272904483431
Lupac,Fake News Filipino 2024,+ Stop words (SW),"vectorizers,read,oov,sw",SVC,6,3,0.9317738791423001
Lupac,Fake News Filipino 2024,+ Stop words (SW),"vectorizers,read,oov,sw",MNB,6,4,0.8401559454191033
Lupac,Fake News Filipino 2024,+ Stop words (SW),"vectorizers,read,oov,sw",LR,6,4,0.9434697855750487
Lupac,Fake News Filipino 2024,+ Stop words (SW),"vectorizers,read,oov,sw",RF,6,4,0.9317738791423001
Lupac,Fake News Filipino 2024,+ Stop words (SW),"vectorizers,read,oov,sw",SVC,6,4,0.9551656920077972
Lupac,Fake News Filipino 2024,+ Stop words (SW),"vectorizers,read,oov,sw",MNB,6,5,0.861328125
Lupac,Fake News Filipino 2024,+ Stop words (SW),"vectorizers,read,oov,sw",LR,6,5,0.955078125
Lupac,Fake News Filipino 2024,+ Stop words (SW),"vectorizers,read,oov,sw",RF,6,5,0.94921875
Lupac,Fake News Filipino 2024,+ Stop words (SW),"vectorizers,read,oov,sw",SVC,6,5,0.95703125
Lupac,Fake News Filipino 2024,+ Traditional features (TRAD),"vectorizers,read,oov,sw,trad",MNB,1,1,0.8538011695906432
Lupac,Fake News Filipino 2024,+ Traditional features (TRAD),"vectorizers,read,oov,sw,trad",LR,1,1,0.9317738791423001
Lupac,Fake News Filipino 2024,+ Traditional features (TRAD),"vectorizers,read,oov,sw,trad",RF,1,1,0.9298245614035088
Lupac,Fake News Filipino 2024,+ Traditional features (TRAD),"vectorizers,read,oov,sw,trad",SVC,1,1,0.935672514619883
Lupac,Fake News Filipino 2024,+ Traditional features (TRAD),"vectorizers,read,oov,sw,trad",MNB,1,2,0.8830409356725146
Lupac,Fake News Filipino 2024,+ Traditional features (TRAD),"vectorizers,read,oov,sw,trad",LR,1,2,0.9395711500974658
Lupac,Fake News Filipino 2024,+ Traditional features (TRAD),"vectorizers,read,oov,sw,trad",RF,1,2,0.9064327485380117
Lupac,Fake News Filipino 2024,+ Traditional features (TRAD),"vectorizers,read,oov,sw,trad",SVC,1,2,0.9415204678362573
Lupac,Fake News Filipino 2024,+ Traditional features (TRAD),"vectorizers,read,oov,sw,trad",MNB,1,3,0.8752436647173489
Lupac,Fake News Filipino 2024,+ Traditional features (TRAD),"vectorizers,read,oov,sw,trad",LR,1,3,0.9551656920077972
Lupac,Fake News Filipino 2024,+ Traditional features (TRAD),"vectorizers,read,oov,sw,trad",RF,1,3,0.9473684210526315
Lupac,Fake News Filipino 2024,+ Traditional features (TRAD),"vectorizers,read,oov,sw,trad",SVC,1,3,0.9551656920077972
Lupac,Fake News Filipino 2024,+ Traditional features (TRAD),"vectorizers,read,oov,sw,trad",MNB,1,4,0.8869395711500975
Lupac,Fake News Filipino 2024,+ Traditional features (TRAD),"vectorizers,read,oov,sw,trad",LR,1,4,0.9454191033138402
Lupac,Fake News Filipino 2024,+ Traditional features (TRAD),"vectorizers,read,oov,sw,trad",RF,1,4,0.9298245614035088
Lupac,Fake News Filipino 2024,+ Traditional features (TRAD),"vectorizers,read,oov,sw,trad",SVC,1,4,0.949317738791423
Lupac,Fake News Filipino 2024,+ Traditional features (TRAD),"vectorizers,read,oov,sw,trad",MNB,1,5,0.857421875
Lupac,Fake News Filipino 2024,+ Traditional features (TRAD),"vectorizers,read,oov,sw,trad",LR,1,5,0.94140625
Lupac,Fake News Filipino 2024,+ Traditional features (TRAD),"vectorizers,read,oov,sw,trad",RF,1,5,0.931640625
Lupac,Fake News Filipino 2024,+ Traditional features (TRAD),"vectorizers,read,oov,sw,trad",SVC,1,5,0.94140625
Lupac,Fake News Filipino 2024,+ Traditional features (TRAD),"vectorizers,read,oov,sw,trad",MNB,2,1,0.898635477582846
Lupac,Fake News Filipino 2024,+ Traditional features (TRAD),"vectorizers,read,oov,sw,trad",LR,2,1,0.9590643274853801
Lupac,Fake News Filipino 2024,+ Traditional features (TRAD),"vectorizers,read,oov,sw,trad",RF,2,1,0.9259259259259259
Lupac,Fake News Filipino 2024,+ Traditional features (TRAD),"vectorizers,read,oov,sw,trad",SVC,2,1,0.9512670565302144
Lupac,Fake News Filipino 2024,+ Traditional features (TRAD),"vectorizers,read,oov,sw,trad",MNB,2,2,0.8596491228070176
Lupac,Fake News Filipino 2024,+ Traditional features (TRAD),"vectorizers,read,oov,sw,trad",LR,2,2,0.9434697855750487
Lupac,Fake News Filipino 2024,+ Traditional features (TRAD),"vectorizers,read,oov,sw,trad",RF,2,2,0.9278752436647173
Lupac,Fake News Filipino 2024,+ Traditional features (TRAD),"vectorizers,read,oov,sw,trad",SVC,2,2,0.9532163742690059
Lupac,Fake News Filipino 2024,+ Traditional features (TRAD),"vectorizers,read,oov,sw,trad",MNB,2,3,0.847953216374269
Lupac,Fake News Filipino 2024,+ Traditional features (TRAD),"vectorizers,read,oov,sw,trad",LR,2,3,0.9473684210526315
Lupac,Fake News Filipino 2024,+ Traditional features (TRAD),"vectorizers,read,oov,sw,trad",RF,2,3,0.9259259259259259
Lupac,Fake News Filipino 2024,+ Traditional features (TRAD),"vectorizers,read,oov,sw,trad",SVC,2,3,0.949317738791423
Lupac,Fake News Filipino 2024,+ Traditional features (TRAD),"vectorizers,read,oov,sw,trad",MNB,2,4,0.8654970760233918
Lupac,Fake News Filipino 2024,+ Traditional features (TRAD),"vectorizers,read,oov,sw,trad",LR,2,4,0.9278752436647173
Lupac,Fake News Filipino 2024,+ Traditional features (TRAD),"vectorizers,read,oov,sw,trad",RF,2,4,0.9337231968810916
Lupac,Fake News Filipino 2024,+ Traditional features (TRAD),"vectorizers,read,oov,sw,trad",SVC,2,4,0.9317738791423001
Lupac,Fake News Filipino 2024,+ Traditional features (TRAD),"vectorizers,read,oov,sw,trad",MNB,2,5,0.87109375
Lupac,Fake News Filipino 2024,+ Traditional features (TRAD),"vectorizers,read,oov,sw,trad",LR,2,5,0.939453125
Lupac,Fake News Filipino 2024,+ Traditional features (TRAD),"vectorizers,read,oov,sw,trad",RF,2,5,0.919921875
Lupac,Fake News Filipino 2024,+ Traditional features (TRAD),"vectorizers,read,oov,sw,trad",SVC,2,5,0.9375
Lupac,Fake News Filipino 2024,+ Traditional features (TRAD),"vectorizers,read,oov,sw,trad",MNB,3,1,0.8752436647173489
Lupac,Fake News Filipino 2024,+ Traditional features (TRAD),"vectorizers,read,oov,sw,trad",LR,3,1,0.9610136452241715
Lupac,Fake News Filipino 2024,+ Traditional features (TRAD),"vectorizers,read,oov,sw,trad",RF,3,1,0.9317738791423001
Lupac,Fake News Filipino 2024,+ Traditional features (TRAD),"vectorizers,read,oov,sw,trad",SVC,3,1,0.9551656920077972
Lupac,Fake News Filipino 2024,+ Traditional features (TRAD),"vectorizers,read,oov,sw,trad",MNB,3,2,0.8596491228070176
Lupac,Fake News Filipino 2024,+ Traditional features (TRAD),"vectorizers,read,oov,sw,trad",LR,3,2,0.9337231968810916
Lupac,Fake News Filipino 2024,+ Traditional features (TRAD),"vectorizers,read,oov,sw,trad",RF,3,2,0.9161793372319688
Lupac,Fake News Filipino 2024,+ Traditional features (TRAD),"vectorizers,read,oov,sw,trad",SVC,3,2,0.9376218323586745
Lupac,Fake News Filipino 2024,+ Traditional features (TRAD),"vectorizers,read,oov,sw,trad",MNB,3,3,0.8966861598440545
Lupac,Fake News Filipino 2024,+ Traditional features (TRAD),"vectorizers,read,oov,sw,trad",LR,3,3,0.9454191033138402
Lupac,Fake News Filipino 2024,+ Traditional features (TRAD),"vectorizers,read,oov,sw,trad",RF,3,3,0.9317738791423001
Lupac,Fake News Filipino 2024,+ Traditional features (TRAD),"vectorizers,read,oov,sw,trad",SVC,3,3,0.9473684210526315
Lupac,Fake News Filipino 2024,+ Traditional features (TRAD),"vectorizers,read,oov,sw,trad",MNB,3,4,0.8732943469785575
Lupac,Fake News Filipino 2024,+ Traditional features (TRAD),"vectorizers,read,oov,sw,trad",LR,3,4,0.9512670565302144
Lupac,Fake News Filipino 2024,+ Traditional features (TRAD),"vectorizers,read,oov,sw,trad",RF,3,4,0.9298245614035088
Lupac,Fake News Filipino 2024,+ Traditional features (TRAD),"vectorizers,read,oov,sw,trad",SVC,3,4,0.9532163742690059
Lupac,Fake News Filipino 2024,+ Traditional features (TRAD),"vectorizers,read,oov,sw,trad",MNB,3,5,0.873046875
Lupac,Fake News Filipino 2024,+ Traditional features (TRAD),"vectorizers,read,oov,sw,trad",LR,3,5,0.9453125
Lupac,Fake News Filipino 2024,+ Traditional features (TRAD),"vectorizers,read,oov,sw,trad",RF,3,5,0.935546875
Lupac,Fake News Filipino 2024,+ Traditional features (TRAD),"vectorizers,read,oov,sw,trad",SVC,3,5,0.9375
Lupac,Fake News Filipino 2024,+ Traditional features (TRAD),"vectorizers,read,oov,sw,trad",MNB,4,1,0.8557504873294347
Lupac,Fake News Filipino 2024,+ Traditional features (TRAD),"vectorizers,read,oov,sw,trad",LR,4,1,0.949317738791423
Lupac,Fake News Filipino 2024,+ Traditional features (TRAD),"vectorizers,read,oov,sw,trad",RF,4,1,0.9337231968810916
Lupac,Fake News Filipino 2024,+ Traditional features (TRAD),"vectorizers,read,oov,sw,trad",SVC,4,1,0.9473684210526315
Lupac,Fake News Filipino 2024,+ Traditional features (TRAD),"vectorizers,read,oov,sw,trad",MNB,4,2,0.9005847953216374
Lupac,Fake News Filipino 2024,+ Traditional features (TRAD),"vectorizers,read,oov,sw,trad",LR,4,2,0.9551656920077972
Lupac,Fake News Filipino 2024,+ Traditional features (TRAD),"vectorizers,read,oov,sw,trad",RF,4,2,0.9415204678362573
Lupac,Fake News Filipino 2024,+ Traditional features (TRAD),"vectorizers,read,oov,sw,trad",SVC,4,2,0.9590643274853801
Lupac,Fake News Filipino 2024,+ Traditional features (TRAD),"vectorizers,read,oov,sw,trad",MNB,4,3,0.8771929824561403
Lupac,Fake News Filipino 2024,+ Traditional features (TRAD),"vectorizers,read,oov,sw,trad",LR,4,3,0.9571150097465887
Lupac,Fake News Filipino 2024,+ Traditional features (TRAD),"vectorizers,read,oov,sw,trad",RF,4,3,0.9532163742690059
Lupac,Fake News Filipino 2024,+ Traditional features (TRAD),"vectorizers,read,oov,sw,trad",SVC,4,3,0.9629629629629629
Lupac,Fake News Filipino 2024,+ Traditional features (TRAD),"vectorizers,read,oov,sw,trad",MNB,4,4,0.8615984405458089
Lupac,Fake News Filipino 2024,+ Traditional features (TRAD),"vectorizers,read,oov,sw,trad",LR,4,4,0.9337231968810916
Lupac,Fake News Filipino 2024,+ Traditional features (TRAD),"vectorizers,read,oov,sw,trad",RF,4,4,0.9064327485380117
Lupac,Fake News Filipino 2024,+ Traditional features (TRAD),"vectorizers,read,oov,sw,trad",SVC,4,4,0.9298245614035088
Lupac,Fake News Filipino 2024,+ Traditional features (TRAD),"vectorizers,read,oov,sw,trad",MNB,4,5,0.861328125
Lupac,Fake News Filipino 2024,+ Traditional features (TRAD),"vectorizers,read,oov,sw,trad",LR,4,5,0.9375
Lupac,Fake News Filipino 2024,+ Traditional features (TRAD),"vectorizers,read,oov,sw,trad",RF,4,5,0.91015625
Lupac,Fake News Filipino 2024,+ Traditional features (TRAD),"vectorizers,read,oov,sw,trad",SVC,4,5,0.939453125
Lupac,Fake News Filipino 2024,+ Traditional features (TRAD),"vectorizers,read,oov,sw,trad",MNB,5,1,0.8674463937621832
Lupac,Fake News Filipino 2024,+ Traditional features (TRAD),"vectorizers,read,oov,sw,trad",LR,5,1,0.9473684210526315
Lupac,Fake News Filipino 2024,+ Traditional features (TRAD),"vectorizers,read,oov,sw,trad",RF,5,1,0.9454191033138402
Lupac,Fake News Filipino 2024,+ Traditional features (TRAD),"vectorizers,read,oov,sw,trad",SVC,5,1,0.949317738791423
Lupac,Fake News Filipino 2024,+ Traditional features (TRAD),"vectorizers,read,oov,sw,trad",MNB,5,2,0.8732943469785575
Lupac,Fake News Filipino 2024,+ Traditional features (TRAD),"vectorizers,read,oov,sw,trad",LR,5,2,0.949317738791423
Lupac,Fake News Filipino 2024,+ Traditional features (TRAD),"vectorizers,read,oov,sw,trad",RF,5,2,0.9298245614035088
Lupac,Fake News Filipino 2024,+ Traditional features (TRAD),"vectorizers,read,oov,sw,trad",SVC,5,2,0.9571150097465887
Lupac,Fake News Filipino 2024,+ Traditional features (TRAD),"vectorizers,read,oov,sw,trad",MNB,5,3,0.8576998050682261
Lupac,Fake News Filipino 2024,+ Traditional features (TRAD),"vectorizers,read,oov,sw,trad",LR,5,3,0.9454191033138402
Lupac,Fake News Filipino 2024,+ Traditional features (TRAD),"vectorizers,read,oov,sw,trad",RF,5,3,0.9083820662768031
Lupac,Fake News Filipino 2024,+ Traditional features (TRAD),"vectorizers,read,oov,sw,trad",SVC,5,3,0.9434697855750487
Lupac,Fake News Filipino 2024,+ Traditional features (TRAD),"vectorizers,read,oov,sw,trad",MNB,5,4,0.9025341130604289
Lupac,Fake News Filipino 2024,+ Traditional features (TRAD),"vectorizers,read,oov,sw,trad",LR,5,4,0.9590643274853801
Lupac,Fake News Filipino 2024,+ Traditional features (TRAD),"vectorizers,read,oov,sw,trad",RF,5,4,0.9161793372319688
Lupac,Fake News Filipino 2024,+ Traditional features (TRAD),"vectorizers,read,oov,sw,trad",SVC,5,4,0.9649122807017544
Lupac,Fake News Filipino 2024,+ Traditional features (TRAD),"vectorizers,read,oov,sw,trad",MNB,5,5,0.884765625
Lupac,Fake News Filipino 2024,+ Traditional features (TRAD),"vectorizers,read,oov,sw,trad",LR,5,5,0.935546875
Lupac,Fake News Filipino 2024,+ Traditional features (TRAD),"vectorizers,read,oov,sw,trad",RF,5,5,0.92578125
Lupac,Fake News Filipino 2024,+ Traditional features (TRAD),"vectorizers,read,oov,sw,trad",SVC,5,5,0.943359375
Lupac,Fake News Filipino 2024,+ Traditional features (TRAD),"vectorizers,read,oov,sw,trad",MNB,6,1,0.8576998050682261
Lupac,Fake News Filipino 2024,+ Traditional features (TRAD),"vectorizers,read,oov,sw,trad",LR,6,1,0.9571150097465887
Lupac,Fake News Filipino 2024,+ Traditional features (TRAD),"vectorizers,read,oov,sw,trad",RF,6,1,0.9298245614035088
Lupac,Fake News Filipino 2024,+ Traditional features (TRAD),"vectorizers,read,oov,sw,trad",SVC,6,1,0.9551656920077972
Lupac,Fake News Filipino 2024,+ Traditional features (TRAD),"vectorizers,read,oov,sw,trad",MNB,6,2,0.8888888888888888
Lupac,Fake News Filipino 2024,+ Traditional features (TRAD),"vectorizers,read,oov,sw,trad",LR,6,2,0.9454191033138402
Lupac,Fake News Filipino 2024,+ Traditional features (TRAD),"vectorizers,read,oov,sw,trad",RF,6,2,0.9259259259259259
Lupac,Fake News Filipino 2024,+ Traditional features (TRAD),"vectorizers,read,oov,sw,trad",SVC,6,2,0.9473684210526315
Lupac,Fake News Filipino 2024,+ Traditional features (TRAD),"vectorizers,read,oov,sw,trad",MNB,6,3,0.847953216374269
Lupac,Fake News Filipino 2024,+ Traditional features (TRAD),"vectorizers,read,oov,sw,trad",LR,6,3,0.9259259259259259
Lupac,Fake News Filipino 2024,+ Traditional features (TRAD),"vectorizers,read,oov,sw,trad",RF,6,3,0.9220272904483431
Lupac,Fake News Filipino 2024,+ Traditional features (TRAD),"vectorizers,read,oov,sw,trad",SVC,6,3,0.9220272904483431
Lupac,Fake News Filipino 2024,+ Traditional features (TRAD),"vectorizers,read,oov,sw,trad",MNB,6,4,0.8674463937621832
Lupac,Fake News Filipino 2024,+ Traditional features (TRAD),"vectorizers,read,oov,sw,trad",LR,6,4,0.9415204678362573
Lupac,Fake News Filipino 2024,+ Traditional features (TRAD),"vectorizers,read,oov,sw,trad",RF,6,4,0.9278752436647173
Lupac,Fake News Filipino 2024,+ Traditional features (TRAD),"vectorizers,read,oov,sw,trad",SVC,6,4,0.9454191033138402
Lupac,Fake News Filipino 2024,+ Traditional features (TRAD),"vectorizers,read,oov,sw,trad",MNB,6,5,0.896484375
Lupac,Fake News Filipino 2024,+ Traditional features (TRAD),"vectorizers,read,oov,sw,trad",LR,6,5,0.958984375
Lupac,Fake News Filipino 2024,+ Traditional features (TRAD),"vectorizers,read,oov,sw,trad",RF,6,5,0.939453125
Lupac,Fake News Filipino 2024,+ Traditional features (TRAD),"vectorizers,read,oov,sw,trad",SVC,6,5,0.9609375
Lupac,Fake News Filipino 2024,+ Syllabic features (SYLL),"vectorizers,read,oov,sw,trad,syll",MNB,1,1,0.8615984405458089
Lupac,Fake News Filipino 2024,+ Syllabic features (SYLL),"vectorizers,read,oov,sw,trad,syll",LR,1,1,0.9337231968810916
Lupac,Fake News Filipino 2024,+ Syllabic features (SYLL),"vectorizers,read,oov,sw,trad,syll",RF,1,1,0.9181286549707602
Lupac,Fake News Filipino 2024,+ Syllabic features (SYLL),"vectorizers,read,oov,sw,trad,syll",SVC,1,1,0.935672514619883
Lupac,Fake News Filipino 2024,+ Syllabic features (SYLL),"vectorizers,read,oov,sw,trad,syll",MNB,1,2,0.884990253411306
Lupac,Fake News Filipino 2024,+ Syllabic features (SYLL),"vectorizers,read,oov,sw,trad,syll",LR,1,2,0.9395711500974658
Lupac,Fake News Filipino 2024,+ Syllabic features (SYLL),"vectorizers,read,oov,sw,trad,syll",RF,1,2,0.9200779727095516
Lupac,Fake News Filipino 2024,+ Syllabic features (SYLL),"vectorizers,read,oov,sw,trad,syll",SVC,1,2,0.9415204678362573
Lupac,Fake News Filipino 2024,+ Syllabic features (SYLL),"vectorizers,read,oov,sw,trad,syll",MNB,1,3,0.8771929824561403
Lupac,Fake News Filipino 2024,+ Syllabic features (SYLL),"vectorizers,read,oov,sw,trad,syll",LR,1,3,0.9571150097465887
Lupac,Fake News Filipino 2024,+ Syllabic features (SYLL),"vectorizers,read,oov,sw,trad,syll",RF,1,3,0.9473684210526315
Lupac,Fake News Filipino 2024,+ Syllabic features (SYLL),"vectorizers,read,oov,sw,trad,syll",SVC,1,3,0.9551656920077972
Lupac,Fake News Filipino 2024,+ Syllabic features (SYLL),"vectorizers,read,oov,sw,trad,syll",MNB,1,4,0.8927875243664717
Lupac,Fake News Filipino 2024,+ Syllabic features (SYLL),"vectorizers,read,oov,sw,trad,syll",LR,1,4,0.9454191033138402
Lupac,Fake News Filipino 2024,+ Syllabic features (SYLL),"vectorizers,read,oov,sw,trad,syll",RF,1,4,0.9278752436647173
Lupac,Fake News Filipino 2024,+ Syllabic features (SYLL),"vectorizers,read,oov,sw,trad,syll",SVC,1,4,0.949317738791423
Lupac,Fake News Filipino 2024,+ Syllabic features (SYLL),"vectorizers,read,oov,sw,trad,syll",MNB,1,5,0.859375
Lupac,Fake News Filipino 2024,+ Syllabic features (SYLL),"vectorizers,read,oov,sw,trad,syll",LR,1,5,0.94140625
Lupac,Fake News Filipino 2024,+ Syllabic features (SYLL),"vectorizers,read,oov,sw,trad,syll",RF,1,5,0.927734375
Lupac,Fake News Filipino 2024,+ Syllabic features (SYLL),"vectorizers,read,oov,sw,trad,syll",SVC,1,5,0.94140625
Lupac,Fake News Filipino 2024,+ Syllabic features (SYLL),"vectorizers,read,oov,sw,trad,syll",MNB,2,1,0.9025341130604289
Lupac,Fake News Filipino 2024,+ Syllabic features (SYLL),"vectorizers,read,oov,sw,trad,syll",LR,2,1,0.9590643274853801
Lupac,Fake News Filipino 2024,+ Syllabic features (SYLL),"vectorizers,read,oov,sw,trad,syll",RF,2,1,0.9376218323586745
Lupac,Fake News Filipino 2024,+ Syllabic features (SYLL),"vectorizers,read,oov,sw,trad,syll",SVC,2,1,0.9512670565302144
Lupac,Fake News Filipino 2024,+ Syllabic features (SYLL),"vectorizers,read,oov,sw,trad,syll",MNB,2,2,0.8654970760233918
Lupac,Fake News Filipino 2024,+ Syllabic features (SYLL),"vectorizers,read,oov,sw,trad,syll",LR,2,2,0.9434697855750487
Lupac,Fake News Filipino 2024,+ Syllabic features (SYLL),"vectorizers,read,oov,sw,trad,syll",RF,2,2,0.935672514619883
Lupac,Fake News Filipino 2024,+ Syllabic features (SYLL),"vectorizers,read,oov,sw,trad,syll",SVC,2,2,0.9532163742690059
Lupac,Fake News Filipino 2024,+ Syllabic features (SYLL),"vectorizers,read,oov,sw,trad,syll",MNB,2,3,0.8538011695906432
Lupac,Fake News Filipino 2024,+ Syllabic features (SYLL),"vectorizers,read,oov,sw,trad,syll",LR,2,3,0.9473684210526315
Lupac,Fake News Filipino 2024,+ Syllabic features (SYLL),"vectorizers,read,oov,sw,trad,syll",RF,2,3,0.9376218323586745
Lupac,Fake News Filipino 2024,+ Syllabic features (SYLL),"vectorizers,read,oov,sw,trad,syll",SVC,2,3,0.949317738791423
Lupac,Fake News Filipino 2024,+ Syllabic features (SYLL),"vectorizers,read,oov,sw,trad,syll",MNB,2,4,0.8674463937621832
Lupac,Fake News Filipino 2024,+ Syllabic features (SYLL),"vectorizers,read,oov,sw,trad,syll",LR,2,4,0.9278752436647173
Lupac,Fake News Filipino 2024,+ Syllabic features (SYLL),"vectorizers,read,oov,sw,trad,syll",RF,2,4,0.9337231968810916
Lupac,Fake News Filipino 2024,+ Syllabic features (SYLL),"vectorizers,read,oov,sw,trad,syll",SVC,2,4,0.9317738791423001
Lupac,Fake News Filipino 2024,+ Syllabic features (SYLL),"vectorizers,read,oov,sw,trad,syll",MNB,2,5,0.875
Lupac,Fake News Filipino 2024,+ Syllabic features (SYLL),"vectorizers,read,oov,sw,trad,syll",LR,2,5,0.939453125
Lupac,Fake News Filipino 2024,+ Syllabic features (SYLL),"vectorizers,read,oov,sw,trad,syll",RF,2,5,0.91796875
Lupac,Fake News Filipino 2024,+ Syllabic features (SYLL),"vectorizers,read,oov,sw,trad,syll",SVC,2,5,0.9375
Lupac,Fake News Filipino 2024,+ Syllabic features (SYLL),"vectorizers,read,oov,sw,trad,syll",MNB,3,1,0.8752436647173489
Lupac,Fake News Filipino 2024,+ Syllabic features (SYLL),"vectorizers,read,oov,sw,trad,syll",LR,3,1,0.9610136452241715
Lupac,Fake News Filipino 2024,+ Syllabic features (SYLL),"vectorizers,read,oov,sw,trad,syll",RF,3,1,0.9259259259259259
Lupac,Fake News Filipino 2024,+ Syllabic features (SYLL),"vectorizers,read,oov,sw,trad,syll",SVC,3,1,0.9551656920077972
Lupac,Fake News Filipino 2024,+ Syllabic features (SYLL),"vectorizers,read,oov,sw,trad,syll",MNB,3,2,0.8615984405458089
Lupac,Fake News Filipino 2024,+ Syllabic features (SYLL),"vectorizers,read,oov,sw,trad,syll",LR,3,2,0.9337231968810916
Lupac,Fake News Filipino 2024,+ Syllabic features (SYLL),"vectorizers,read,oov,sw,trad,syll",RF,3,2,0.9142300194931774
Lupac,Fake News Filipino 2024,+ Syllabic features (SYLL),"vectorizers,read,oov,sw,trad,syll",SVC,3,2,0.9376218323586745
Lupac,Fake News Filipino 2024,+ Syllabic features (SYLL),"vectorizers,read,oov,sw,trad,syll",MNB,3,3,0.9025341130604289
Lupac,Fake News Filipino 2024,+ Syllabic features (SYLL),"vectorizers,read,oov,sw,trad,syll",LR,3,3,0.9454191033138402
Lupac,Fake News Filipino 2024,+ Syllabic features (SYLL),"vectorizers,read,oov,sw,trad,syll",RF,3,3,0.935672514619883
Lupac,Fake News Filipino 2024,+ Syllabic features (SYLL),"vectorizers,read,oov,sw,trad,syll",SVC,3,3,0.9473684210526315
Lupac,Fake News Filipino 2024,+ Syllabic features (SYLL),"vectorizers,read,oov,sw,trad,syll",MNB,3,4,0.8810916179337231
Lupac,Fake News Filipino 2024,+ Syllabic features (SYLL),"vectorizers,read,oov,sw,trad,syll",LR,3,4,0.9512670565302144
Lupac,Fake News Filipino 2024,+ Syllabic features (SYLL),"vectorizers,read,oov,sw,trad,syll",RF,3,4,0.9259259259259259
Lupac,Fake News Filipino 2024,+ Syllabic features (SYLL),"vectorizers,read,oov,sw,trad,syll",SVC,3,4,0.9532163742690059
Lupac,Fake News Filipino 2024,+ Syllabic features (SYLL),"vectorizers,read,oov,sw,trad,syll",MNB,3,5,0.87890625
Lupac,Fake News Filipino 2024,+ Syllabic features (SYLL),"vectorizers,read,oov,sw,trad,syll",LR,3,5,0.947265625
Lupac,Fake News Filipino 2024,+ Syllabic features (SYLL),"vectorizers,read,oov,sw,trad,syll",RF,3,5,0.9375
Lupac,Fake News Filipino 2024,+ Syllabic features (SYLL),"vectorizers,read,oov,sw,trad,syll",SVC,3,5,0.9375
Lupac,Fake News Filipino 2024,+ Syllabic features (SYLL),"vectorizers,read,oov,sw,trad,syll",MNB,4,1,0.8713450292397661
Lupac,Fake News Filipino 2024,+ Syllabic features (SYLL),"vectorizers,read,oov,sw,trad,syll",LR,4,1,0.949317738791423
Lupac,Fake News Filipino 2024,+ Syllabic features (SYLL),"vectorizers,read,oov,sw,trad,syll",RF,4,1,0.9259259259259259
Lupac,Fake News Filipino 2024,+ Syllabic features (SYLL),"vectorizers,read,oov,sw,trad,syll",SVC,4,1,0.9473684210526315
Lupac,Fake News Filipino 2024,+ Syllabic features (SYLL),"vectorizers,read,oov,sw,trad,syll",MNB,4,2,0.9025341130604289
Lupac,Fake News Filipino 2024,+ Syllabic features (SYLL),"vectorizers,read,oov,sw,trad,syll",LR,4,2,0.9551656920077972
Lupac,Fake News Filipino 2024,+ Syllabic features (SYLL),"vectorizers,read,oov,sw,trad,syll",RF,4,2,0.935672514619883
Lupac,Fake News Filipino 2024,+ Syllabic features (SYLL),"vectorizers,read,oov,sw,trad,syll",SVC,4,2,0.9590643274853801
Lupac,Fake News Filipino 2024,+ Syllabic features (SYLL),"vectorizers,read,oov,sw,trad,syll",MNB,4,3,0.8791423001949318
Lupac,Fake News Filipino 2024,+ Syllabic features (SYLL),"vectorizers,read,oov,sw,trad,syll",LR,4,3,0.9571150097465887
Lupac,Fake News Filipino 2024,+ Syllabic features (SYLL),"vectorizers,read,oov,sw,trad,syll",RF,4,3,0.9434697855750487
Lupac,Fake News Filipino 2024,+ Syllabic features (SYLL),"vectorizers,read,oov,sw,trad,syll",SVC,4,3,0.9629629629629629
Lupac,Fake News Filipino 2024,+ Syllabic features (SYLL),"vectorizers,read,oov,sw,trad,syll",MNB,4,4,0.8654970760233918
Lupac,Fake News Filipino 2024,+ Syllabic features (SYLL),"vectorizers,read,oov,sw,trad,syll",LR,4,4,0.9337231968810916
Lupac,Fake News Filipino 2024,+ Syllabic features (SYLL),"vectorizers,read,oov,sw,trad,syll",RF,4,4,0.9161793372319688
Lupac,Fake News Filipino 2024,+ Syllabic features (SYLL),"vectorizers,read,oov,sw,trad,syll",SVC,4,4,0.9298245614035088
Lupac,Fake News Filipino 2024,+ Syllabic features (SYLL),"vectorizers,read,oov,sw,trad,syll",MNB,4,5,0.8671875
Lupac,Fake News Filipino 2024,+ Syllabic features (SYLL),"vectorizers,read,oov,sw,trad,syll",LR,4,5,0.9375
Lupac,Fake News Filipino 2024,+ Syllabic features (SYLL),"vectorizers,read,oov,sw,trad,syll",RF,4,5,0.908203125
Lupac,Fake News Filipino 2024,+ Syllabic features (SYLL),"vectorizers,read,oov,sw,trad,syll",SVC,4,5,0.939453125
Lupac,Fake News Filipino 2024,+ Syllabic features (SYLL),"vectorizers,read,oov,sw,trad,syll",MNB,5,1,0.8732943469785575
Lupac,Fake News Filipino 2024,+ Syllabic features (SYLL),"vectorizers,read,oov,sw,trad,syll",LR,5,1,0.9473684210526315
Lupac,Fake News Filipino 2024,+ Syllabic features (SYLL),"vectorizers,read,oov,sw,trad,syll",RF,5,1,0.9376218323586745
Lupac,Fake News Filipino 2024,+ Syllabic features (SYLL),"vectorizers,read,oov,sw,trad,syll",SVC,5,1,0.949317738791423
Lupac,Fake News Filipino 2024,+ Syllabic features (SYLL),"vectorizers,read,oov,sw,trad,syll",MNB,5,2,0.8752436647173489
Lupac,Fake News Filipino 2024,+ Syllabic features (SYLL),"vectorizers,read,oov,sw,trad,syll",LR,5,2,0.949317738791423
Lupac,Fake News Filipino 2024,+ Syllabic features (SYLL),"vectorizers,read,oov,sw,trad,syll",RF,5,2,0.9278752436647173
Lupac,Fake News Filipino 2024,+ Syllabic features (SYLL),"vectorizers,read,oov,sw,trad,syll",SVC,5,2,0.9571150097465887
Lupac,Fake News Filipino 2024,+ Syllabic features (SYLL),"vectorizers,read,oov,sw,trad,syll",MNB,5,3,0.8615984405458089
Lupac,Fake News Filipino 2024,+ Syllabic features (SYLL),"vectorizers,read,oov,sw,trad,syll",LR,5,3,0.9454191033138402
Lupac,Fake News Filipino 2024,+ Syllabic features (SYLL),"vectorizers,read,oov,sw,trad,syll",RF,5,3,0.9044834307992202
Lupac,Fake News Filipino 2024,+ Syllabic features (SYLL),"vectorizers,read,oov,sw,trad,syll",SVC,5,3,0.9434697855750487
Lupac,Fake News Filipino 2024,+ Syllabic features (SYLL),"vectorizers,read,oov,sw,trad,syll",MNB,5,4,0.9064327485380117
Lupac,Fake News Filipino 2024,+ Syllabic features (SYLL),"vectorizers,read,oov,sw,trad,syll",LR,5,4,0.9590643274853801
Lupac,Fake News Filipino 2024,+ Syllabic features (SYLL),"vectorizers,read,oov,sw,trad,syll",RF,5,4,0.9239766081871345
Lupac,Fake News Filipino 2024,+ Syllabic features (SYLL),"vectorizers,read,oov,sw,trad,syll",SVC,5,4,0.9649122807017544
Lupac,Fake News Filipino 2024,+ Syllabic features (SYLL),"vectorizers,read,oov,sw,trad,syll",MNB,5,5,0.890625
Lupac,Fake News Filipino 2024,+ Syllabic features (SYLL),"vectorizers,read,oov,sw,trad,syll",LR,5,5,0.935546875
Lupac,Fake News Filipino 2024,+ Syllabic features (SYLL),"vectorizers,read,oov,sw,trad,syll",RF,5,5,0.91796875
Lupac,Fake News Filipino 2024,+ Syllabic features (SYLL),"vectorizers,read,oov,sw,trad,syll",SVC,5,5,0.943359375
Lupac,Fake News Filipino 2024,+ Syllabic features (SYLL),"vectorizers,read,oov,sw,trad,syll",MNB,6,1,0.8576998050682261
Lupac,Fake News Filipino 2024,+ Syllabic features (SYLL),"vectorizers,read,oov,sw,trad,syll",LR,6,1,0.9571150097465887
Lupac,Fake News Filipino 2024,+ Syllabic features (SYLL),"vectorizers,read,oov,sw,trad,syll",RF,6,1,0.9259259259259259
Lupac,Fake News Filipino 2024,+ Syllabic features (SYLL),"vectorizers,read,oov,sw,trad,syll",SVC,6,1,0.9551656920077972
Lupac,Fake News Filipino 2024,+ Syllabic features (SYLL),"vectorizers,read,oov,sw,trad,syll",MNB,6,2,0.8947368421052632
Lupac,Fake News Filipino 2024,+ Syllabic features (SYLL),"vectorizers,read,oov,sw,trad,syll",LR,6,2,0.9454191033138402
Lupac,Fake News Filipino 2024,+ Syllabic features (SYLL),"vectorizers,read,oov,sw,trad,syll",RF,6,2,0.9259259259259259
Lupac,Fake News Filipino 2024,+ Syllabic features (SYLL),"vectorizers,read,oov,sw,trad,syll",SVC,6,2,0.9473684210526315
Lupac,Fake News Filipino 2024,+ Syllabic features (SYLL),"vectorizers,read,oov,sw,trad,syll",MNB,6,3,0.8518518518518519
Lupac,Fake News Filipino 2024,+ Syllabic features (SYLL),"vectorizers,read,oov,sw,trad,syll",LR,6,3,0.9259259259259259
Lupac,Fake News Filipino 2024,+ Syllabic features (SYLL),"vectorizers,read,oov,sw,trad,syll",RF,6,3,0.9103313840155945
Lupac,Fake News Filipino 2024,+ Syllabic features (SYLL),"vectorizers,read,oov,sw,trad,syll",SVC,6,3,0.9239766081871345
Lupac,Fake News Filipino 2024,+ Syllabic features (SYLL),"vectorizers,read,oov,sw,trad,syll",MNB,6,4,0.8771929824561403
Lupac,Fake News Filipino 2024,+ Syllabic features (SYLL),"vectorizers,read,oov,sw,trad,syll",LR,6,4,0.9415204678362573
Lupac,Fake News Filipino 2024,+ Syllabic features (SYLL),"vectorizers,read,oov,sw,trad,syll",RF,6,4,0.9122807017543859
Lupac,Fake News Filipino 2024,+ Syllabic features (SYLL),"vectorizers,read,oov,sw,trad,syll",SVC,6,4,0.9454191033138402
Lupac,Fake News Filipino 2024,+ Syllabic features (SYLL),"vectorizers,read,oov,sw,trad,syll",MNB,6,5,0.90234375
Lupac,Fake News Filipino 2024,+ Syllabic features (SYLL),"vectorizers,read,oov,sw,trad,syll",LR,6,5,0.958984375
Lupac,Fake News Filipino 2024,+ Syllabic features (SYLL),"vectorizers,read,oov,sw,trad,syll",RF,6,5,0.931640625
Lupac,Fake News Filipino 2024,+ Syllabic features (SYLL),"vectorizers,read,oov,sw,trad,syll",SVC,6,5,0.9609375
Lupac,Fake News Filipino 2024,+ Lexical features (LEX),"vectorizers,read,oov,sw,trad,syll,lex",MNB,1,1,0.8635477582846004
Lupac,Fake News Filipino 2024,+ Lexical features (LEX),"vectorizers,read,oov,sw,trad,syll,lex",LR,1,1,0.9317738791423001
Lupac,Fake News Filipino 2024,+ Lexical features (LEX),"vectorizers,read,oov,sw,trad,syll,lex",RF,1,1,0.9298245614035088
Lupac,Fake News Filipino 2024,+ Lexical features (LEX),"vectorizers,read,oov,sw,trad,syll,lex",SVC,1,1,0.935672514619883
Lupac,Fake News Filipino 2024,+ Lexical features (LEX),"vectorizers,read,oov,sw,trad,syll,lex",MNB,1,2,0.8888888888888888
Lupac,Fake News Filipino 2024,+ Lexical features (LEX),"vectorizers,read,oov,sw,trad,syll,lex",LR,1,2,0.9395711500974658
Lupac,Fake News Filipino 2024,+ Lexical features (LEX),"vectorizers,read,oov,sw,trad,syll,lex",RF,1,2,0.9064327485380117
Lupac,Fake News Filipino 2024,+ Lexical features (LEX),"vectorizers,read,oov,sw,trad,syll,lex",SVC,1,2,0.9395711500974658
Lupac,Fake News Filipino 2024,+ Lexical features (LEX),"vectorizers,read,oov,sw,trad,syll,lex",MNB,1,3,0.8830409356725146
Lupac,Fake News Filipino 2024,+ Lexical features (LEX),"vectorizers,read,oov,sw,trad,syll,lex",LR,1,3,0.9629629629629629
Lupac,Fake News Filipino 2024,+ Lexical features (LEX),"vectorizers,read,oov,sw,trad,syll,lex",RF,1,3,0.9532163742690059
Lupac,Fake News Filipino 2024,+ Lexical features (LEX),"vectorizers,read,oov,sw,trad,syll,lex",SVC,1,3,0.9571150097465887
Lupac,Fake News Filipino 2024,+ Lexical features (LEX),"vectorizers,read,oov,sw,trad,syll,lex",MNB,1,4,0.8947368421052632
Lupac,Fake News Filipino 2024,+ Lexical features (LEX),"vectorizers,read,oov,sw,trad,syll,lex",LR,1,4,0.9454191033138402
Lupac,Fake News Filipino 2024,+ Lexical features (LEX),"vectorizers,read,oov,sw,trad,syll,lex",RF,1,4,0.9298245614035088
Lupac,Fake News Filipino 2024,+ Lexical features (LEX),"vectorizers,read,oov,sw,trad,syll,lex",SVC,1,4,0.9473684210526315
Lupac,Fake News Filipino 2024,+ Lexical features (LEX),"vectorizers,read,oov,sw,trad,syll,lex",MNB,1,5,0.861328125
Lupac,Fake News Filipino 2024,+ Lexical features (LEX),"vectorizers,read,oov,sw,trad,syll,lex",LR,1,5,0.943359375
Lupac,Fake News Filipino 2024,+ Lexical features (LEX),"vectorizers,read,oov,sw,trad,syll,lex",RF,1,5,0.919921875
Lupac,Fake News Filipino 2024,+ Lexical features (LEX),"vectorizers,read,oov,sw,trad,syll,lex",SVC,1,5,0.94140625
Lupac,Fake News Filipino 2024,+ Lexical features (LEX),"vectorizers,read,oov,sw,trad,syll,lex",MNB,2,1,0.9044834307992202
Lupac,Fake News Filipino 2024,+ Lexical features (LEX),"vectorizers,read,oov,sw,trad,syll,lex",LR,2,1,0.9571150097465887
Lupac,Fake News Filipino 2024,+ Lexical features (LEX),"vectorizers,read,oov,sw,trad,syll,lex",RF,2,1,0.9337231968810916
Lupac,Fake News Filipino 2024,+ Lexical features (LEX),"vectorizers,read,oov,sw,trad,syll,lex",SVC,2,1,0.9512670565302144
Lupac,Fake News Filipino 2024,+ Lexical features (LEX),"vectorizers,read,oov,sw,trad,syll,lex",MNB,2,2,0.8713450292397661
Lupac,Fake News Filipino 2024,+ Lexical features (LEX),"vectorizers,read,oov,sw,trad,syll,lex",LR,2,2,0.9415204678362573
Lupac,Fake News Filipino 2024,+ Lexical features (LEX),"vectorizers,read,oov,sw,trad,syll,lex",RF,2,2,0.9161793372319688
Lupac,Fake News Filipino 2024,+ Lexical features (LEX),"vectorizers,read,oov,sw,trad,syll,lex",SVC,2,2,0.9551656920077972
Lupac,Fake News Filipino 2024,+ Lexical features (LEX),"vectorizers,read,oov,sw,trad,syll,lex",MNB,2,3,0.8615984405458089
Lupac,Fake News Filipino 2024,+ Lexical features (LEX),"vectorizers,read,oov,sw,trad,syll,lex",LR,2,3,0.9473684210526315
Lupac,Fake News Filipino 2024,+ Lexical features (LEX),"vectorizers,read,oov,sw,trad,syll,lex",RF,2,3,0.9200779727095516
Lupac,Fake News Filipino 2024,+ Lexical features (LEX),"vectorizers,read,oov,sw,trad,syll,lex",SVC,2,3,0.949317738791423
Lupac,Fake News Filipino 2024,+ Lexical features (LEX),"vectorizers,read,oov,sw,trad,syll,lex",MNB,2,4,0.8713450292397661
Lupac,Fake News Filipino 2024,+ Lexical features (LEX),"vectorizers,read,oov,sw,trad,syll,lex",LR,2,4,0.9298245614035088
Lupac,Fake News Filipino 2024,+ Lexical features (LEX),"vectorizers,read,oov,sw,trad,syll,lex",RF,2,4,0.9239766081871345
Lupac,Fake News Filipino 2024,+ Lexical features (LEX),"vectorizers,read,oov,sw,trad,syll,lex",SVC,2,4,0.9298245614035088
Lupac,Fake News Filipino 2024,+ Lexical features (LEX),"vectorizers,read,oov,sw,trad,syll,lex",MNB,2,5,0.87890625
Lupac,Fake News Filipino 2024,+ Lexical features (LEX),"vectorizers,read,oov,sw,trad,syll,lex",LR,2,5,0.939453125
Lupac,Fake News Filipino 2024,+ Lexical features (LEX),"vectorizers,read,oov,sw,trad,syll,lex",RF,2,5,0.92578125
Lupac,Fake News Filipino 2024,+ Lexical features (LEX),"vectorizers,read,oov,sw,trad,syll,lex",SVC,2,5,0.9375
Lupac,Fake News Filipino 2024,+ Lexical features (LEX),"vectorizers,read,oov,sw,trad,syll,lex",MNB,3,1,0.8791423001949318
Lupac,Fake News Filipino 2024,+ Lexical features (LEX),"vectorizers,read,oov,sw,trad,syll,lex",LR,3,1,0.9610136452241715
Lupac,Fake News Filipino 2024,+ Lexical features (LEX),"vectorizers,read,oov,sw,trad,syll,lex",RF,3,1,0.9317738791423001
Lupac,Fake News Filipino 2024,+ Lexical features (LEX),"vectorizers,read,oov,sw,trad,syll,lex",SVC,3,1,0.9551656920077972
Lupac,Fake News Filipino 2024,+ Lexical features (LEX),"vectorizers,read,oov,sw,trad,syll,lex",MNB,3,2,0.8635477582846004
Lupac,Fake News Filipino 2024,+ Lexical features (LEX),"vectorizers,read,oov,sw,trad,syll,lex",LR,3,2,0.9337231968810916
Lupac,Fake News Filipino 2024,+ Lexical features (LEX),"vectorizers,read,oov,sw,trad,syll,lex",RF,3,2,0.9122807017543859
Lupac,Fake News Filipino 2024,+ Lexical features (LEX),"vectorizers,read,oov,sw,trad,syll,lex",SVC,3,2,0.9376218323586745
Lupac,Fake News Filipino 2024,+ Lexical features (LEX),"vectorizers,read,oov,sw,trad,syll,lex",MNB,3,3,0.9044834307992202
Lupac,Fake News Filipino 2024,+ Lexical features (LEX),"vectorizers,read,oov,sw,trad,syll,lex",LR,3,3,0.9473684210526315
Lupac,Fake News Filipino 2024,+ Lexical features (LEX),"vectorizers,read,oov,sw,trad,syll,lex",RF,3,3,0.9298245614035088
Lupac,Fake News Filipino 2024,+ Lexical features (LEX),"vectorizers,read,oov,sw,trad,syll,lex",SVC,3,3,0.949317738791423
Lupac,Fake News Filipino 2024,+ Lexical features (LEX),"vectorizers,read,oov,sw,trad,syll,lex",MNB,3,4,0.884990253411306
Lupac,Fake News Filipino 2024,+ Lexical features (LEX),"vectorizers,read,oov,sw,trad,syll,lex",LR,3,4,0.9551656920077972
Lupac,Fake News Filipino 2024,+ Lexical features (LEX),"vectorizers,read,oov,sw,trad,syll,lex",RF,3,4,0.9200779727095516
Lupac,Fake News Filipino 2024,+ Lexical features (LEX),"vectorizers,read,oov,sw,trad,syll,lex",SVC,3,4,0.9512670565302144
Lupac,Fake News Filipino 2024,+ Lexical features (LEX),"vectorizers,read,oov,sw,trad,syll,lex",MNB,3,5,0.88671875
Lupac,Fake News Filipino 2024,+ Lexical features (LEX),"vectorizers,read,oov,sw,trad,syll,lex",LR,3,5,0.947265625
Lupac,Fake News Filipino 2024,+ Lexical features (LEX),"vectorizers,read,oov,sw,trad,syll,lex",RF,3,5,0.927734375
Lupac,Fake News Filipino 2024,+ Lexical features (LEX),"vectorizers,read,oov,sw,trad,syll,lex",SVC,3,5,0.9375
Lupac,Fake News Filipino 2024,+ Lexical features (LEX),"vectorizers,read,oov,sw,trad,syll,lex",MNB,4,1,0.8693957115009746
Lupac,Fake News Filipino 2024,+ Lexical features (LEX),"vectorizers,read,oov,sw,trad,syll,lex",LR,4,1,0.949317738791423
Lupac,Fake News Filipino 2024,+ Lexical features (LEX),"vectorizers,read,oov,sw,trad,syll,lex",RF,4,1,0.9142300194931774
Lupac,Fake News Filipino 2024,+ Lexical features (LEX),"vectorizers,read,oov,sw,trad,syll,lex",SVC,4,1,0.9473684210526315
Lupac,Fake News Filipino 2024,+ Lexical features (LEX),"vectorizers,read,oov,sw,trad,syll,lex",MNB,4,2,0.9044834307992202
Lupac,Fake News Filipino 2024,+ Lexical features (LEX),"vectorizers,read,oov,sw,trad,syll,lex",LR,4,2,0.9551656920077972
Lupac,Fake News Filipino 2024,+ Lexical features (LEX),"vectorizers,read,oov,sw,trad,syll,lex",RF,4,2,0.9473684210526315
Lupac,Fake News Filipino 2024,+ Lexical features (LEX),"vectorizers,read,oov,sw,trad,syll,lex",SVC,4,2,0.9571150097465887
Lupac,Fake News Filipino 2024,+ Lexical features (LEX),"vectorizers,read,oov,sw,trad,syll,lex",MNB,4,3,0.884990253411306
Lupac,Fake News Filipino 2024,+ Lexical features (LEX),"vectorizers,read,oov,sw,trad,syll,lex",LR,4,3,0.9571150097465887
Lupac,Fake News Filipino 2024,+ Lexical features (LEX),"vectorizers,read,oov,sw,trad,syll,lex",RF,4,3,0.9454191033138402
Lupac,Fake News Filipino 2024,+ Lexical features (LEX),"vectorizers,read,oov,sw,trad,syll,lex",SVC,4,3,0.9629629629629629
Lupac,Fake News Filipino 2024,+ Lexical features (LEX),"vectorizers,read,oov,sw,trad,syll,lex",MNB,4,4,0.8752436647173489
Lupac,Fake News Filipino 2024,+ Lexical features (LEX),"vectorizers,read,oov,sw,trad,syll,lex",LR,4,4,0.9337231968810916
Lupac,Fake News Filipino 2024,+ Lexical features (LEX),"vectorizers,read,oov,sw,trad,syll,lex",RF,4,4,0.9025341130604289
Lupac,Fake News Filipino 2024,+ Lexical features (LEX),"vectorizers,read,oov,sw,trad,syll,lex",SVC,4,4,0.9298245614035088
Lupac,Fake News Filipino 2024,+ Lexical features (LEX),"vectorizers,read,oov,sw,trad,syll,lex",MNB,4,5,0.873046875
Lupac,Fake News Filipino 2024,+ Lexical features (LEX),"vectorizers,read,oov,sw,trad,syll,lex",LR,4,5,0.935546875
Lupac,Fake News Filipino 2024,+ Lexical features (LEX),"vectorizers,read,oov,sw,trad,syll,lex",RF,4,5,0.919921875
Lupac,Fake News Filipino 2024,+ Lexical features (LEX),"vectorizers,read,oov,sw,trad,syll,lex",SVC,4,5,0.939453125
Lupac,Fake News Filipino 2024,+ Lexical features (LEX),"vectorizers,read,oov,sw,trad,syll,lex",MNB,5,1,0.8771929824561403
Lupac,Fake News Filipino 2024,+ Lexical features (LEX),"vectorizers,read,oov,sw,trad,syll,lex",LR,5,1,0.9473684210526315
Lupac,Fake News Filipino 2024,+ Lexical features (LEX),"vectorizers,read,oov,sw,trad,syll,lex",RF,5,1,0.9395711500974658
Lupac,Fake News Filipino 2024,+ Lexical features (LEX),"vectorizers,read,oov,sw,trad,syll,lex",SVC,5,1,0.9571150097465887
Lupac,Fake News Filipino 2024,+ Lexical features (LEX),"vectorizers,read,oov,sw,trad,syll,lex",MNB,5,2,0.8791423001949318
Lupac,Fake News Filipino 2024,+ Lexical features (LEX),"vectorizers,read,oov,sw,trad,syll,lex",LR,5,2,0.9512670565302144
Lupac,Fake News Filipino 2024,+ Lexical features (LEX),"vectorizers,read,oov,sw,trad,syll,lex",RF,5,2,0.9337231968810916
Lupac,Fake News Filipino 2024,+ Lexical features (LEX),"vectorizers,read,oov,sw,trad,syll,lex",SVC,5,2,0.9571150097465887
Lupac,Fake News Filipino 2024,+ Lexical features (LEX),"vectorizers,read,oov,sw,trad,syll,lex",MNB,5,3,0.8654970760233918
Lupac,Fake News Filipino 2024,+ Lexical features (LEX),"vectorizers,read,oov,sw,trad,syll,lex",LR,5,3,0.9454191033138402
Lupac,Fake News Filipino 2024,+ Lexical features (LEX),"vectorizers,read,oov,sw,trad,syll,lex",RF,5,3,0.9103313840155945
Lupac,Fake News Filipino 2024,+ Lexical features (LEX),"vectorizers,read,oov,sw,trad,syll,lex",SVC,5,3,0.9415204678362573
Lupac,Fake News Filipino 2024,+ Lexical features (LEX),"vectorizers,read,oov,sw,trad,syll,lex",MNB,5,4,0.9103313840155945
Lupac,Fake News Filipino 2024,+ Lexical features (LEX),"vectorizers,read,oov,sw,trad,syll,lex",LR,5,4,0.9571150097465887
Lupac,Fake News Filipino 2024,+ Lexical features (LEX),"vectorizers,read,oov,sw,trad,syll,lex",RF,5,4,0.9337231968810916
Lupac,Fake News Filipino 2024,+ Lexical features (LEX),"vectorizers,read,oov,sw,trad,syll,lex",SVC,5,4,0.9649122807017544
Lupac,Fake News Filipino 2024,+ Lexical features (LEX),"vectorizers,read,oov,sw,trad,syll,lex",MNB,5,5,0.884765625
Lupac,Fake News Filipino 2024,+ Lexical features (LEX),"vectorizers,read,oov,sw,trad,syll,lex",LR,5,5,0.935546875
Lupac,Fake News Filipino 2024,+ Lexical features (LEX),"vectorizers,read,oov,sw,trad,syll,lex",RF,5,5,0.919921875
Lupac,Fake News Filipino 2024,+ Lexical features (LEX),"vectorizers,read,oov,sw,trad,syll,lex",SVC,5,5,0.9453125
Lupac,Fake News Filipino 2024,+ Lexical features (LEX),"vectorizers,read,oov,sw,trad,syll,lex",MNB,6,1,0.8635477582846004
Lupac,Fake News Filipino 2024,+ Lexical features (LEX),"vectorizers,read,oov,sw,trad,syll,lex",LR,6,1,0.9590643274853801
Lupac,Fake News Filipino 2024,+ Lexical features (LEX),"vectorizers,read,oov,sw,trad,syll,lex",RF,6,1,0.9298245614035088
Lupac,Fake News Filipino 2024,+ Lexical features (LEX),"vectorizers,read,oov,sw,trad,syll,lex",SVC,6,1,0.9551656920077972
Lupac,Fake News Filipino 2024,+ Lexical features (LEX),"vectorizers,read,oov,sw,trad,syll,lex",MNB,6,2,0.8966861598440545
Lupac,Fake News Filipino 2024,+ Lexical features (LEX),"vectorizers,read,oov,sw,trad,syll,lex",LR,6,2,0.9454191033138402
Lupac,Fake News Filipino 2024,+ Lexical features (LEX),"vectorizers,read,oov,sw,trad,syll,lex",RF,6,2,0.9161793372319688
Lupac,Fake News Filipino 2024,+ Lexical features (LEX),"vectorizers,read,oov,sw,trad,syll,lex",SVC,6,2,0.9473684210526315
Lupac,Fake News Filipino 2024,+ Lexical features (LEX),"vectorizers,read,oov,sw,trad,syll,lex",MNB,6,3,0.8557504873294347
Lupac,Fake News Filipino 2024,+ Lexical features (LEX),"vectorizers,read,oov,sw,trad,syll,lex",LR,6,3,0.9259259259259259
Lupac,Fake News Filipino 2024,+ Lexical features (LEX),"vectorizers,read,oov,sw,trad,syll,lex",RF,6,3,0.9317738791423001
Lupac,Fake News Filipino 2024,+ Lexical features (LEX),"vectorizers,read,oov,sw,trad,syll,lex",SVC,6,3,0.9220272904483431
Lupac,Fake News Filipino 2024,+ Lexical features (LEX),"vectorizers,read,oov,sw,trad,syll,lex",MNB,6,4,0.8771929824561403
Lupac,Fake News Filipino 2024,+ Lexical features (LEX),"vectorizers,read,oov,sw,trad,syll,lex",LR,6,4,0.9434697855750487
Lupac,Fake News Filipino 2024,+ Lexical features (LEX),"vectorizers,read,oov,sw,trad,syll,lex",RF,6,4,0.9259259259259259
Lupac,Fake News Filipino 2024,+ Lexical features (LEX),"vectorizers,read,oov,sw,trad,syll,lex",SVC,6,4,0.9454191033138402
Lupac,Fake News Filipino 2024,+ Lexical features (LEX),"vectorizers,read,oov,sw,trad,syll,lex",MNB,6,5,0.908203125
Lupac,Fake News Filipino 2024,+ Lexical features (LEX),"vectorizers,read,oov,sw,trad,syll,lex",LR,6,5,0.958984375
Lupac,Fake News Filipino 2024,+ Lexical features (LEX),"vectorizers,read,oov,sw,trad,syll,lex",RF,6,5,0.9375
Lupac,Fake News Filipino 2024,+ Lexical features (LEX),"vectorizers,read,oov,sw,trad,syll,lex",SVC,6,5,0.958984375
Lupac,Fake News Filipino 2024,+ Morphological features (MORPH) [full set],"vectorizers,read,oov,sw,trad,syll,lex,morph",MNB,1,1,0.8635477582846004
Lupac,Fake News Filipino 2024,+ Morphological features (MORPH) [full set],"vectorizers,read,oov,sw,trad,syll,lex,morph",LR,1,1,0.9317738791423001
Lupac,Fake News Filipino 2024,+ Morphological features (MORPH) [full set],"vectorizers,read,oov,sw,trad,syll,lex,morph",RF,1,1,0.9239766081871345
Lupac,Fake News Filipino 2024,+ Morphological features (MORPH) [full set],"vectorizers,read,oov,sw,trad,syll,lex,morph",SVC,1,1,0.9376218323586745
Lupac,Fake News Filipino 2024,+ Morphological features (MORPH) [full set],"vectorizers,read,oov,sw,trad,syll,lex,morph",MNB,1,2,0.8888888888888888
Lupac,Fake News Filipino 2024,+ Morphological features (MORPH) [full set],"vectorizers,read,oov,sw,trad,syll,lex,morph",LR,1,2,0.935672514619883
Lupac,Fake News Filipino 2024,+ Morphological features (MORPH) [full set],"vectorizers,read,oov,sw,trad,syll,lex,morph",RF,1,2,0.9122807017543859
Lupac,Fake News Filipino 2024,+ Morphological features (MORPH) [full set],"vectorizers,read,oov,sw,trad,syll,lex,morph",SVC,1,2,0.9395711500974658
Lupac,Fake News Filipino 2024,+ Morphological features (MORPH) [full set],"vectorizers,read,oov,sw,trad,syll,lex,morph",MNB,1,3,0.8830409356725146
Lupac,Fake News Filipino 2024,+ Morphological features (MORPH) [full set],"vectorizers,read,oov,sw,trad,syll,lex,morph",LR,1,3,0.9610136452241715
Lupac,Fake News Filipino 2024,+ Morphological features (MORPH) [full set],"vectorizers,read,oov,sw,trad,syll,lex,morph",RF,1,3,0.9415204678362573
Lupac,Fake News Filipino 2024,+ Morphological features (MORPH) [full set],"vectorizers,read,oov,sw,trad,syll,lex,morph",SVC,1,3,0.9571150097465887
Lupac,Fake News Filipino 2024,+ Morphological features (MORPH) [full set],"vectorizers,read,oov,sw,trad,syll,lex,morph",MNB,1,4,0.8947368421052632
Lupac,Fake News Filipino 2024,+ Morphological features (MORPH) [full set],"vectorizers,read,oov,sw,trad,syll,lex,morph",LR,1,4,0.9454191033138402
Lupac,Fake News Filipino 2024,+ Morphological features (MORPH) [full set],"vectorizers,read,oov,sw,trad,syll,lex,morph",RF,1,4,0.9259259259259259
Lupac,Fake News Filipino 2024,+ Morphological features (MORPH) [full set],"vectorizers,read,oov,sw,trad,syll,lex,morph",SVC,1,4,0.9473684210526315
Lupac,Fake News Filipino 2024,+ Morphological features (MORPH) [full set],"vectorizers,read,oov,sw,trad,syll,lex,morph",MNB,1,5,0.86328125
Lupac,Fake News Filipino 2024,+ Morphological features (MORPH) [full set],"vectorizers,read,oov,sw,trad,syll,lex,morph",LR,1,5,0.94140625
Lupac,Fake News Filipino 2024,+ Morphological features (MORPH) [full set],"vectorizers,read,oov,sw,trad,syll,lex,morph",RF,1,5,0.931640625
Lupac,Fake News Filipino 2024,+ Morphological features (MORPH) [full set],"vectorizers,read,oov,sw,trad,syll,lex,morph",SVC,1,5,0.94140625
Lupac,Fake News Filipino 2024,+ Morphological features (MORPH) [full set],"vectorizers,read,oov,sw,trad,syll,lex,morph",MNB,2,1,0.9064327485380117
Lupac,Fake News Filipino 2024,+ Morphological features (MORPH) [full set],"vectorizers,read,oov,sw,trad,syll,lex,morph",LR,2,1,0.9590643274853801
Lupac,Fake News Filipino 2024,+ Morphological features (MORPH) [full set],"vectorizers,read,oov,sw,trad,syll,lex,morph",RF,2,1,0.935672514619883
Lupac,Fake News Filipino 2024,+ Morphological features (MORPH) [full set],"vectorizers,read,oov,sw,trad,syll,lex,morph",SVC,2,1,0.9512670565302144
Lupac,Fake News Filipino 2024,+ Morphological features (MORPH) [full set],"vectorizers,read,oov,sw,trad,syll,lex,morph",MNB,2,2,0.8732943469785575
Lupac,Fake News Filipino 2024,+ Morphological features (MORPH) [full set],"vectorizers,read,oov,sw,trad,syll,lex,morph",LR,2,2,0.9415204678362573
Lupac,Fake News Filipino 2024,+ Morphological features (MORPH) [full set],"vectorizers,read,oov,sw,trad,syll,lex,morph",RF,2,2,0.9083820662768031
Lupac,Fake News Filipino 2024,+ Morphological features (MORPH) [full set],"vectorizers,read,oov,sw,trad,syll,lex,morph",SVC,2,2,0.9532163742690059
Lupac,Fake News Filipino 2024,+ Morphological features (MORPH) [full set],"vectorizers,read,oov,sw,trad,syll,lex,morph",MNB,2,3,0.8615984405458089
Lupac,Fake News Filipino 2024,+ Morphological features (MORPH) [full set],"vectorizers,read,oov,sw,trad,syll,lex,morph",LR,2,3,0.9454191033138402
Lupac,Fake News Filipino 2024,+ Morphological features (MORPH) [full set],"vectorizers,read,oov,sw,trad,syll,lex,morph",RF,2,3,0.9278752436647173
Lupac,Fake News Filipino 2024,+ Morphological features (MORPH) [full set],"vectorizers,read,oov,sw,trad,syll,lex,morph",SVC,2,3,0.9473684210526315
Lupac,Fake News Filipino 2024,+ Morphological features (MORPH) [full set],"vectorizers,read,oov,sw,trad,syll,lex,morph",MNB,2,4,0.8713450292397661
Lupac,Fake News Filipino 2024,+ Morphological features (MORPH) [full set],"vectorizers,read,oov,sw,trad,syll,lex,morph",LR,2,4,0.9298245614035088
Lupac,Fake News Filipino 2024,+ Morphological features (MORPH) [full set],"vectorizers,read,oov,sw,trad,syll,lex,morph",RF,2,4,0.9220272904483431
Lupac,Fake News Filipino 2024,+ Morphological features (MORPH) [full set],"vectorizers,read,oov,sw,trad,syll,lex,morph",SVC,2,4,0.9337231968810916
Lupac,Fake News Filipino 2024,+ Morphological features (MORPH) [full set],"vectorizers,read,oov,sw,trad,syll,lex,morph",MNB,2,5,0.87890625
Lupac,Fake News Filipino 2024,+ Morphological features (MORPH) [full set],"vectorizers,read,oov,sw,trad,syll,lex,morph",LR,2,5,0.939453125
Lupac,Fake News Filipino 2024,+ Morphological features (MORPH) [full set],"vectorizers,read,oov,sw,trad,syll,lex,morph",RF,2,5,0.9140625
Lupac,Fake News Filipino 2024,+ Morphological features (MORPH) [full set],"vectorizers,read,oov,sw,trad,syll,lex,morph",SVC,2,5,0.939453125
Lupac,Fake News Filipino 2024,+ Morphological features (MORPH) [full set],"vectorizers,read,oov,sw,trad,syll,lex,morph",MNB,3,1,0.8810916179337231
Lupac,Fake News Filipino 2024,+ Morphological features (MORPH) [full set],"vectorizers,read,oov,sw,trad,syll,lex,morph",LR,3,1,0.9610136452241715
Lupac,Fake News Filipino 2024,+ Morphological features (MORPH) [full set],"vectorizers,read,oov,sw,trad,syll,lex,morph",RF,3,1,0.9317738791423001
Lupac,Fake News Filipino 2024,+ Morphological features (MORPH) [full set],"vectorizers,read,oov,sw,trad,syll,lex,morph",SVC,3,1,0.9551656920077972
Lupac,Fake News Filipino 2024,+ Morphological features (MORPH) [full set],"vectorizers,read,oov,sw,trad,syll,lex,morph",MNB,3,2,0.8635477582846004
Lupac,Fake News Filipino 2024,+ Morphological features (MORPH) [full set],"vectorizers,read,oov,sw,trad,syll,lex,morph",LR,3,2,0.9337231968810916
Lupac,Fake News Filipino 2024,+ Morphological features (MORPH) [full set],"vectorizers,read,oov,sw,trad,syll,lex,morph",RF,3,2,0.9142300194931774
Lupac,Fake News Filipino 2024,+ Morphological features (MORPH) [full set],"vectorizers,read,oov,sw,trad,syll,lex,morph",SVC,3,2,0.9376218323586745
Lupac,Fake News Filipino 2024,+ Morphological features (MORPH) [full set],"vectorizers,read,oov,sw,trad,syll,lex,morph",MNB,3,3,0.9083820662768031
Lupac,Fake News Filipino 2024,+ Morphological features (MORPH) [full set],"vectorizers,read,oov,sw,trad,syll,lex,morph",LR,3,3,0.9473684210526315
Lupac,Fake News Filipino 2024,+ Morphological features (MORPH) [full set],"vectorizers,read,oov,sw,trad,syll,lex,morph",RF,3,3,0.9337231968810916
Lupac,Fake News Filipino 2024,+ Morphological features (MORPH) [full set],"vectorizers,read,oov,sw,trad,syll,lex,morph",SVC,3,3,0.9434697855750487
Lupac,Fake News Filipino 2024,+ Morphological features (MORPH) [full set],"vectorizers,read,oov,sw,trad,syll,lex,morph",MNB,3,4,0.884990253411306
Lupac,Fake News Filipino 2024,+ Morphological features (MORPH) [full set],"vectorizers,read,oov,sw,trad,syll,lex,morph",LR,3,4,0.9551656920077972
Lupac,Fake News Filipino 2024,+ Morphological features (MORPH) [full set],"vectorizers,read,oov,sw,trad,syll,lex,morph",RF,3,4,0.9200779727095516
Lupac,Fake News Filipino 2024,+ Morphological features (MORPH) [full set],"vectorizers,read,oov,sw,trad,syll,lex,morph",SVC,3,4,0.9512670565302144
Lupac,Fake News Filipino 2024,+ Morphological features (MORPH) [full set],"vectorizers,read,oov,sw,trad,syll,lex,morph",MNB,3,5,0.884765625
Lupac,Fake News Filipino 2024,+ Morphological features (MORPH) [full set],"vectorizers,read,oov,sw,trad,syll,lex,morph",LR,3,5,0.94921875
Lupac,Fake News Filipino 2024,+ Morphological features (MORPH) [full set],"vectorizers,read,oov,sw,trad,syll,lex,morph",RF,3,5,0.935546875
Lupac,Fake News Filipino 2024,+ Morphological features (MORPH) [full set],"vectorizers,read,oov,sw,trad,syll,lex,morph",SVC,3,5,0.94140625
Lupac,Fake News Filipino 2024,+ Morphological features (MORPH) [full set],"vectorizers,read,oov,sw,trad,syll,lex,morph",MNB,4,1,0.8693957115009746
Lupac,Fake News Filipino 2024,+ Morphological features (MORPH) [full set],"vectorizers,read,oov,sw,trad,syll,lex,morph",LR,4,1,0.949317738791423
Lupac,Fake News Filipino 2024,+ Morphological features (MORPH) [full set],"vectorizers,read,oov,sw,trad,syll,lex,morph",RF,4,1,0.9239766081871345
Lupac,Fake News Filipino 2024,+ Morphological features (MORPH) [full set],"vectorizers,read,oov,sw,trad,syll,lex,morph",SVC,4,1,0.9473684210526315
Lupac,Fake News Filipino 2024,+ Morphological features (MORPH) [full set],"vectorizers,read,oov,sw,trad,syll,lex,morph",MNB,4,2,0.9044834307992202
Lupac,Fake News Filipino 2024,+ Morphological features (MORPH) [full set],"vectorizers,read,oov,sw,trad,syll,lex,morph",LR,4,2,0.9532163742690059
Lupac,Fake News Filipino 2024,+ Morphological features (MORPH) [full set],"vectorizers,read,oov,sw,trad,syll,lex,morph",RF,4,2,0.9376218323586745
Lupac,Fake News Filipino 2024,+ Morphological features (MORPH) [full set],"vectorizers,read,oov,sw,trad,syll,lex,morph",SVC,4,2,0.9590643274853801
Lupac,Fake News Filipino 2024,+ Morphological features (MORPH) [full set],"vectorizers,read,oov,sw,trad,syll,lex,morph",MNB,4,3,0.884990253411306
Lupac,Fake News Filipino 2024,+ Morphological features (MORPH) [full set],"vectorizers,read,oov,sw,trad,syll,lex,morph",LR,4,3,0.9571150097465887
Lupac,Fake News Filipino 2024,+ Morphological features (MORPH) [full set],"vectorizers,read,oov,sw,trad,syll,lex,morph",RF,4,3,0.9473684210526315
Lupac,Fake News Filipino 2024,+ Morphological features (MORPH) [full set],"vectorizers,read,oov,sw,trad,syll,lex,morph",SVC,4,3,0.9649122807017544
Lupac,Fake News Filipino 2024,+ Morphological features (MORPH) [full set],"vectorizers,read,oov,sw,trad,syll,lex,morph",MNB,4,4,0.8771929824561403
Lupac,Fake News Filipino 2024,+ Morphological features (MORPH) [full set],"vectorizers,read,oov,sw,trad,syll,lex,morph",LR,4,4,0.9298245614035088
Lupac,Fake News Filipino 2024,+ Morphological features (MORPH) [full set],"vectorizers,read,oov,sw,trad,syll,lex,morph",RF,4,4,0.9083820662768031
Lupac,Fake News Filipino 2024,+ Morphological features (MORPH) [full set],"vectorizers,read,oov,sw,trad,syll,lex,morph",SVC,4,4,0.9317738791423001
Lupac,Fake News Filipino 2024,+ Morphological features (MORPH) [full set],"vectorizers,read,oov,sw,trad,syll,lex,morph",MNB,4,5,0.873046875
Lupac,Fake News Filipino 2024,+ Morphological features (MORPH) [full set],"vectorizers,read,oov,sw,trad,syll,lex,morph",LR,4,5,0.935546875
Lupac,Fake News Filipino 2024,+ Morphological features (MORPH) [full set],"vectorizers,read,oov,sw,trad,syll,lex,morph",RF,4,5,0.9140625
Lupac,Fake News Filipino 2024,+ Morphological features (MORPH) [full set],"vectorizers,read,oov,sw,trad,syll,lex,morph",SVC,4,5,0.9375
Lupac,Fake News Filipino 2024,+ Morphological features (MORPH) [full set],"vectorizers,read,oov,sw,trad,syll,lex,morph",MNB,5,1,0.8771929824561403
Lupac,Fake News Filipino 2024,+ Morphological features (MORPH) [full set],"vectorizers,read,oov,sw,trad,syll,lex,morph",LR,5,1,0.949317738791423
Lupac,Fake News Filipino 2024,+ Morphological features (MORPH) [full set],"vectorizers,read,oov,sw,trad,syll,lex,morph",RF,5,1,0.9415204678362573
Lupac,Fake News Filipino 2024,+ Morphological features (MORPH) [full set],"vectorizers,read,oov,sw,trad,syll,lex,morph",SVC,5,1,0.9571150097465887
Lupac,Fake News Filipino 2024,+ Morphological features (MORPH) [full set],"vectorizers,read,oov,sw,trad,syll,lex,morph",MNB,5,2,0.8791423001949318
Lupac,Fake News Filipino 2024,+ Morphological features (MORPH) [full set],"vectorizers,read,oov,sw,trad,syll,lex,morph",LR,5,2,0.9512670565302144
Lupac,Fake News Filipino 2024,+ Morphological features (MORPH) [full set],"vectorizers,read,oov,sw,trad,syll,lex,morph",RF,5,2,0.9239766081871345
Lupac,Fake News Filipino 2024,+ Morphological features (MORPH) [full set],"vectorizers,read,oov,sw,trad,syll,lex,morph",SVC,5,2,0.9571150097465887
Lupac,Fake News Filipino 2024,+ Morphological features (MORPH) [full set],"vectorizers,read,oov,sw,trad,syll,lex,morph",MNB,5,3,0.8654970760233918
Lupac,Fake News Filipino 2024,+ Morphological features (MORPH) [full set],"vectorizers,read,oov,sw,trad,syll,lex,morph",LR,5,3,0.9434697855750487
Lupac,Fake News Filipino 2024,+ Morphological features (MORPH) [full set],"vectorizers,read,oov,sw,trad,syll,lex,morph",RF,5,3,0.9064327485380117
Lupac,Fake News Filipino 2024,+ Morphological features (MORPH) [full set],"vectorizers,read,oov,sw,trad,syll,lex,morph",SVC,5,3,0.9395711500974658
Lupac,Fake News Filipino 2024,+ Morphological features (MORPH) [full set],"vectorizers,read,oov,sw,trad,syll,lex,morph",MNB,5,4,0.9103313840155945
Lupac,Fake News Filipino 2024,+ Morphological features (MORPH) [full set],"vectorizers,read,oov,sw,trad,syll,lex,morph",LR,5,4,0.9551656920077972
Lupac,Fake News Filipino 2024,+ Morphological features (MORPH) [full set],"vectorizers,read,oov,sw,trad,syll,lex,morph",RF,5,4,0.9278752436647173
Lupac,Fake News Filipino 2024,+ Morphological features (MORPH) [full set],"vectorizers,read,oov,sw,trad,syll,lex,morph",SVC,5,4,0.9649122807017544
Lupac,Fake News Filipino 2024,+ Morphological features (MORPH) [full set],"vectorizers,read,oov,sw,trad,syll,lex,morph",MNB,5,5,0.88671875
Lupac,Fake News Filipino 2024,+ Morphological features (MORPH) [full set],"vectorizers,read,oov,sw,trad,syll,lex,morph",LR,5,5,0.935546875
Lupac,Fake News Filipino 2024,+ Morphological features (MORPH) [full set],"vectorizers,read,oov,sw,trad,syll,lex,morph",RF,5,5,0.931640625
Lupac,Fake News Filipino 2024,+ Morphological features (MORPH) [full set],"vectorizers,read,oov,sw,trad,syll,lex,morph",SVC,5,5,0.947265625
Lupac,Fake News Filipino 2024,+ Morphological features (MORPH) [full set],"vectorizers,read,oov,sw,trad,syll,lex,morph",MNB,6,1,0.8635477582846004
Lupac,Fake News Filipino 2024,+ Morphological features (MORPH) [full set],"vectorizers,read,oov,sw,trad,syll,lex,morph",LR,6,1,0.9571150097465887
Lupac,Fake News Filipino 2024,+ Morphological features (MORPH) [full set],"vectorizers,read,oov,sw,trad,syll,lex,morph",RF,6,1,0.9181286549707602
Lupac,Fake News Filipino 2024,+ Morphological features (MORPH) [full set],"vectorizers,read,oov,sw,trad,syll,lex,morph",SVC,6,1,0.9532163742690059
Lupac,Fake News Filipino 2024,+ Morphological features (MORPH) [full set],"vectorizers,read,oov,sw,trad,syll,lex,morph",MNB,6,2,0.898635477582846
Lupac,Fake News Filipino 2024,+ Morphological features (MORPH) [full set],"vectorizers,read,oov,sw,trad,syll,lex,morph",LR,6,2,0.9454191033138402
Lupac,Fake News Filipino 2024,+ Morphological features (MORPH) [full set],"vectorizers,read,oov,sw,trad,syll,lex,morph",RF,6,2,0.9259259259259259
Lupac,Fake News Filipino 2024,+ Morphological features (MORPH) [full set],"vectorizers,read,oov,sw,trad,syll,lex,morph",SVC,6,2,0.9454191033138402
Lupac,Fake News Filipino 2024,+ Morphological features (MORPH) [full set],"vectorizers,read,oov,sw,trad,syll,lex,morph",MNB,6,3,0.8557504873294347
Lupac,Fake News Filipino 2024,+ Morphological features (MORPH) [full set],"vectorizers,read,oov,sw,trad,syll,lex,morph",LR,6,3,0.9239766081871345
Lupac,Fake News Filipino 2024,+ Morphological features (MORPH) [full set],"vectorizers,read,oov,sw,trad,syll,lex,morph",RF,6,3,0.9278752436647173
Lupac,Fake News Filipino 2024,+ Morphological features (MORPH) [full set],"vectorizers,read,oov,sw,trad,syll,lex,morph",SVC,6,3,0.9239766081871345
Lupac,Fake News Filipino 2024,+ Morphological features (MORPH) [full set],"vectorizers,read,oov,sw,trad,syll,lex,morph",MNB,6,4,0.8791423001949318
Lupac,Fake News Filipino 2024,+ Morphological features (MORPH) [full set],"vectorizers,read,oov,sw,trad,syll,lex,morph",LR,6,4,0.9415204678362573
Lupac,Fake News Filipino 2024,+ Morphological features (MORPH) [full set],"vectorizers,read,oov,sw,trad,syll,lex,morph",RF,6,4,0.9220272904483431
Lupac,Fake News Filipino 2024,+ Morphological features (MORPH) [full set],"vectorizers,read,oov,sw,trad,syll,lex,morph",SVC,6,4,0.9454191033138402
Lupac,Fake News Filipino 2024,+ Morphological features (MORPH) [full set],"vectorizers,read,oov,sw,trad,syll,lex,morph",MNB,6,5,0.908203125
Lupac,Fake News Filipino 2024,+ Morphological features (MORPH) [full set],"vectorizers,read,oov,sw,trad,syll,lex,morph",LR,6,5,0.958984375
Lupac,Fake News Filipino 2024,+ Morphological features (MORPH) [full set],"vectorizers,read,oov,sw,trad,syll,lex,morph",RF,6,5,0.9375
Lupac,Fake News Filipino 2024,+ Morphological features (MORPH) [full set],"vectorizers,read,oov,sw,trad,syll,lex,morph",SVC,6,5,0.958984375
Joint,Joint corpus,Vectorizers (TF-IDF + BOW),vectorizers,MNB,1,1,0.7855750487329435
Joint,Joint corpus,Vectorizers (TF-IDF + BOW),vectorizers,LR,1,1,0.9152046783625731
Joint,Joint corpus,Vectorizers (TF-IDF + BOW),vectorizers,RF,1,1,0.9025341130604289
Joint,Joint corpus,Vectorizers (TF-IDF + BOW),vectorizers,SVC,1,1,0.9142300194931774
Joint,Joint corpus,Vectorizers (TF-IDF + BOW),vectorizers,MNB,1,2,0.7797270955165692
Joint,Joint corpus,Vectorizers (TF-IDF + BOW),vectorizers,LR,1,2,0.905458089668616
Joint,Joint corpus,Vectorizers (TF-IDF + BOW),vectorizers,RF,1,2,0.868421052631579
Joint,Joint corpus,Vectorizers (TF-IDF + BOW),vectorizers,SVC,1,2,0.9083820662768031
Joint,Joint corpus,Vectorizers (TF-IDF + BOW),vectorizers,MNB,1,3,0.7904483430799221
Joint,Joint corpus,Vectorizers (TF-IDF + BOW),vectorizers,LR,1,3,0.928849902534113
Joint,Joint corpus,Vectorizers (TF-IDF + BOW),vectorizers,RF,1,3,0.9103313840155945
Joint,Joint corpus,Vectorizers (TF-IDF + BOW),vectorizers,SVC,1,3,0.9278752436647173
Joint,Joint corpus,Vectorizers (TF-IDF + BOW),vectorizers,MNB,1,4,0.804093567251462
Joint,Joint corpus,Vectorizers (TF-IDF + BOW),vectorizers,LR,1,4,0.9337231968810916
Joint,Joint corpus,Vectorizers (TF-IDF + BOW),vectorizers,RF,1,4,0.9103313840155945
Joint,Joint corpus,Vectorizers (TF-IDF + BOW),vectorizers,SVC,1,4,0.928849902534113
Joint,Joint corpus,Vectorizers (TF-IDF + BOW),vectorizers,MNB,1,5,0.7609756097560976
Joint,Joint corpus,Vectorizers (TF-IDF + BOW),vectorizers,LR,1,5,0.9229268292682927
Joint,Joint corpus,Vectorizers (TF-IDF + BOW),vectorizers,RF,1,5,0.8839024390243903
Joint,Joint corpus,Vectorizers (TF-IDF + BOW),vectorizers,SVC,1,5,0.9248780487804878
Joint,Joint corpus,Vectorizers (TF-IDF + BOW),vectorizers,MNB,2,1,0.783625730994152
Joint,Joint corpus,Vectorizers (TF-IDF + BOW),vectorizers,LR,2,1,0.9249512670565302
Joint,Joint corpus,Vectorizers (TF-IDF + BOW),vectorizers,RF,2,1,0.8888888888888888
Joint,Joint corpus,Vectorizers (TF-IDF + BOW),vectorizers,SVC,2,1,0.9278752436647173
Joint,Joint corpus,Vectorizers (TF-IDF + BOW),vectorizers,MNB,2,2,0.7894736842105263
Joint,Joint corpus,Vectorizers (TF-IDF + BOW),vectorizers,LR,2,2,0.919103313840156
Joint,Joint corpus,Vectorizers (TF-IDF + BOW),vectorizers,RF,2,2,0.8957115009746589
Joint,Joint corpus,Vectorizers (TF-IDF + BOW),vectorizers,SVC,2,2,0.9220272904483431
Joint,Joint corpus,Vectorizers (TF-IDF + BOW),vectorizers,MNB,2,3,0.8265107212475633
Joint,Joint corpus,Vectorizers (TF-IDF + BOW),vectorizers,LR,2,3,0.9298245614035088
Joint,Joint corpus,Vectorizers (TF-IDF + BOW),vectorizers,RF,2,3,0.8937621832358674
Joint,Joint corpus,Vectorizers (TF-IDF + BOW),vectorizers,SVC,2,3,0.9269005847953217
Joint,Joint corpus,Vectorizers (TF-IDF + BOW),vectorizers,MNB,2,4,0.7855750487329435
Joint,Joint corpus,Vectorizers (TF-IDF + BOW),vectorizers,LR,2,4,0.9249512670565302
Joint,Joint corpus,Vectorizers (TF-IDF + BOW),vectorizers,RF,2,4,0.8927875243664717
Joint,Joint corpus,Vectorizers (TF-IDF + BOW),vectorizers,SVC,2,4,0.9278752436647173
Joint,Joint corpus,Vectorizers (TF-IDF + BOW),vectorizers,MNB,2,5,0.7668292682926829
Joint,Joint corpus,Vectorizers (TF-IDF + BOW),vectorizers,LR,2,5,0.9248780487804878
Joint,Joint corpus,Vectorizers (TF-IDF + BOW),vectorizers,RF,2,5,0.8897560975609756
Joint,Joint corpus,Vectorizers (TF-IDF + BOW),vectorizers,SVC,2,5,0.9219512195121952
Joint,Joint corpus,Vectorizers (TF-IDF + BOW),vectorizers,MNB,3,1,0.776803118908382
Joint,Joint corpus,Vectorizers (TF-IDF + BOW),vectorizers,LR,3,1,0.9298245614035088
Joint,Joint corpus,Vectorizers (TF-IDF + BOW),vectorizers,RF,3,1,0.884990253411306
Joint,Joint corpus,Vectorizers (TF-IDF + BOW),vectorizers,SVC,3,1,0.9239766081871345
Joint,Joint corpus,Vectorizers (TF-IDF + BOW),vectorizers,MNB,3,2,0.7699805068226121
Joint,Joint corpus,Vectorizers (TF-IDF + BOW),vectorizers,LR,3,2,0.9230019493177388
Joint,Joint corpus,Vectorizers (TF-IDF + BOW),vectorizers,RF,3,2,0.8908382066276803
Joint,Joint corpus,Vectorizers (TF-IDF + BOW),vectorizers,SVC,3,2,0.9171539961013645
Joint,Joint corpus,Vectorizers (TF-IDF + BOW),vectorizers,MNB,3,3,0.7865497076023392
Joint,Joint corpus,Vectorizers (TF-IDF + BOW),vectorizers,LR,3,3,0.9200779727095516
Joint,Joint corpus,Vectorizers (TF-IDF + BOW),vectorizers,RF,3,3,0.8966861598440545
Joint,Joint corpus,Vectorizers (TF-IDF + BOW),vectorizers,SVC,3,3,0.9259259259259259
Joint,Joint corpus,Vectorizers (TF-IDF + BOW),vectorizers,MNB,3,4,0.8001949317738791
Joint,Joint corpus,Vectorizers (TF-IDF + BOW),vectorizers,LR,3,4,0.919103313840156
Joint,Joint corpus,Vectorizers (TF-IDF + BOW),vectorizers,RF,3,4,0.8898635477582846
Joint,Joint corpus,Vectorizers (TF-IDF + BOW),vectorizers,SVC,3,4,0.9259259259259259
Joint,Joint corpus,Vectorizers (TF-IDF + BOW),vectorizers,MNB,3,5,0.7931707317073171
Joint,Joint corpus,Vectorizers (TF-IDF + BOW),vectorizers,LR,3,5,0.9219512195121952
Joint,Joint corpus,Vectorizers (TF-IDF + BOW),vectorizers,RF,3,5,0.9024390243902439
Joint,Joint corpus,Vectorizers (TF-IDF + BOW),vectorizers,SVC,3,5,0.9248780487804878
Joint,Joint corpus,Vectorizers (TF-IDF + BOW),vectorizers,MNB,4,1,0.7894736842105263
Joint,Joint corpus,Vectorizers (TF-IDF + BOW),vectorizers,LR,4,1,0.9278752436647173
Joint,Joint corpus,Vectorizers (TF-IDF + BOW),vectorizers,RF,4,1,0.9122807017543859
Joint,Joint corpus,Vectorizers (TF-IDF + BOW),vectorizers,SVC,4,1,0.9307992202729045
Joint,Joint corpus,Vectorizers (TF-IDF + BOW),vectorizers,MNB,4,2,0.7953216374269005
Joint,Joint corpus,Vectorizers (TF-IDF + BOW),vectorizers,LR,4,2,0.9181286549707602
Joint,Joint corpus,Vectorizers (TF-IDF + BOW),vectorizers,RF,4,2,0.8947368421052632
Joint,Joint corpus,Vectorizers (TF-IDF + BOW),vectorizers,SVC,4,2,0.9200779727095516
Joint,Joint corpus,Vectorizers (TF-IDF + BOW),vectorizers,MNB,4,3,0.776803118908382
Joint,Joint corpus,Vectorizers (TF-IDF + BOW),vectorizers,LR,4,3,0.9337231968810916
Joint,Joint corpus,Vectorizers (TF-IDF + BOW),vectorizers,RF,4,3,0.9005847953216374
Joint,Joint corpus,Vectorizers (TF-IDF + BOW),vectorizers,SVC,4,3,0.9337231968810916
Joint,Joint corpus,Vectorizers (TF-IDF + BOW),vectorizers,MNB,4,4,0.7719298245614035
Joint,Joint corpus,Vectorizers (TF-IDF + BOW),vectorizers,LR,4,4,0.9103313840155945
Joint,Joint corpus,Vectorizers (TF-IDF + BOW),vectorizers,RF,4,4,0.8801169590643275
Joint,Joint corpus,Vectorizers (TF-IDF + BOW),vectorizers,SVC,4,4,0.9103313840155945
Joint,Joint corpus,Vectorizers (TF-IDF + BOW),vectorizers,MNB,4,5,0.8048780487804879
Joint,Joint corpus,Vectorizers (TF-IDF + BOW),vectorizers,LR,4,5,0.9180487804878049
Joint,Joint corpus,Vectorizers (TF-IDF + BOW),vectorizers,RF,4,5,0.8985365853658537
Joint,Joint corpus,Vectorizers (TF-IDF + BOW),vectorizers,SVC,4,5,0.9141463414634147
Joint,Joint corpus,Vectorizers (TF-IDF + BOW),vectorizers,MNB,5,1,0.8196881091617934
Joint,Joint corpus,Vectorizers (TF-IDF + BOW),vectorizers,LR,5,1,0.9434697855750487
Joint,Joint corpus,Vectorizers (TF-IDF + BOW),vectorizers,RF,5,1,0.9074074074074074
Joint,Joint corpus,Vectorizers (TF-IDF + BOW),vectorizers,SVC,5,1,0.9444444444444444
Joint,Joint corpus,Vectorizers (TF-IDF + BOW),vectorizers,MNB,5,2,0.7787524366471735
Joint,Joint corpus,Vectorizers (TF-IDF + BOW),vectorizers,LR,5,2,0.9327485380116959
Joint,Joint corpus,Vectorizers (TF-IDF + BOW),vectorizers,RF,5,2,0.8996101364522417
Joint,Joint corpus,Vectorizers (TF-IDF + BOW),vectorizers,SVC,5,2,0.9259259259259259
Joint,Joint corpus,Vectorizers (TF-IDF + BOW),vectorizers,MNB,5,3,0.7807017543859649
Joint,Joint corpus,Vectorizers (TF-IDF + BOW),vectorizers,LR,5,3,0.9181286549707602
Joint,Joint corpus,Vectorizers (TF-IDF + BOW),vectorizers,RF,5,3,0.878167641325536
Joint,Joint corpus,Vectorizers (TF-IDF + BOW),vectorizers,SVC,5,3,0.9220272904483431
Joint,Joint corpus,Vectorizers (TF-IDF + BOW),vectorizers,MNB,5,4,0.7894736842105263
Joint,Joint corpus,Vectorizers (TF-IDF + BOW),vectorizers,LR,5,4,0.9161793372319688
Joint,Joint corpus,Vectorizers (TF-IDF + BOW),vectorizers,RF,5,4,0.8996101364522417
Joint,Joint corpus,Vectorizers (TF-IDF + BOW),vectorizers,SVC,5,4,0.9200779727095516
Joint,Joint corpus,Vectorizers (TF-IDF + BOW),vectorizers,MNB,5,5,0.7765853658536586
Joint,Joint corpus,Vectorizers (TF-IDF + BOW),vectorizers,LR,5,5,0.9121951219512195
Joint,Joint corpus,Vectorizers (TF-IDF + BOW),vectorizers,RF,5,5,0.88
Joint,Joint corpus,Vectorizers (TF-IDF + BOW),vectorizers,SVC,5,5,0.9121951219512195
Joint,Joint corpus,Vectorizers (TF-IDF + BOW),vectorizers,MNB,6,1,0.7855750487329435
Joint,Joint corpus,Vectorizers (TF-IDF + BOW),vectorizers,LR,6,1,0.9230019493177388
Joint,Joint corpus,Vectorizers (TF-IDF + BOW),vectorizers,RF,6,1,0.8976608187134503
Joint,Joint corpus,Vectorizers (TF-IDF + BOW),vectorizers,SVC,6,1,0.9142300194931774
Joint,Joint corpus,Vectorizers (TF-IDF + BOW),vectorizers,MNB,6,2,0.7992202729044834
Joint,Joint corpus,Vectorizers (TF-IDF + BOW),vectorizers,LR,6,2,0.9259259259259259
Joint,Joint corpus,Vectorizers (TF-IDF + BOW),vectorizers,RF,6,2,0.8908382066276803
Joint,Joint corpus,Vectorizers (TF-IDF + BOW),vectorizers,SVC,6,2,0.9230019493177388
Joint,Joint corpus,Vectorizers (TF-IDF + BOW),vectorizers,MNB,6,3,0.7884990253411306
Joint,Joint corpus,Vectorizers (TF-IDF + BOW),vectorizers,LR,6,3,0.9239766081871345
Joint,Joint corpus,Vectorizers (TF-IDF + BOW),vectorizers,RF,6,3,0.8927875243664717
Joint,Joint corpus,Vectorizers (TF-IDF + BOW),vectorizers,SVC,6,3,0.9103313840155945
Joint,Joint corpus,Vectorizers (TF-IDF + BOW),vectorizers,MNB,6,4,0.7699805068226121
Joint,Joint corpus,Vectorizers (TF-IDF + BOW),vectorizers,LR,6,4,0.9376218323586745
Joint,Joint corpus,Vectorizers (TF-IDF + BOW),vectorizers,RF,6,4,0.9064327485380117
Joint,Joint corpus,Vectorizers (TF-IDF + BOW),vectorizers,SVC,6,4,0.9395711500974658
Joint,Joint corpus,Vectorizers (TF-IDF + BOW),vectorizers,MNB,6,5,0.7668292682926829
Joint,Joint corpus,Vectorizers (TF-IDF + BOW),vectorizers,LR,6,5,0.9131707317073171
Joint,Joint corpus,Vectorizers (TF-IDF + BOW),vectorizers,RF,6,5,0.8819512195121951
Joint,Joint corpus,Vectorizers (TF-IDF + BOW),vectorizers,SVC,6,5,0.9151219512195122
Joint,Joint corpus,+ Readability (READ),"vectorizers,read",MNB,1,1,0.7826510721247564
Joint,Joint corpus,+ Readability (READ),"vectorizers,read",LR,1,1,0.9132553606237817
Joint,Joint corpus,+ Readability (READ),"vectorizers,read",RF,1,1,0.9005847953216374
Joint,Joint corpus,+ Readability (READ),"vectorizers,read",SVC,1,1,0.9171539961013645
Joint,Joint corpus,+ Readability (READ),"vectorizers,read",MNB,1,2,0.7748538011695907
Joint,Joint corpus,+ Readability (READ),"vectorizers,read",LR,1,2,0.9113060428849903
Joint,Joint corpus,+ Readability (READ),"vectorizers,read",RF,1,2,0.8713450292397661
Joint,Joint corpus,+ Readability (READ),"vectorizers,read",SVC,1,2,0.9122807017543859
Joint,Joint corpus,+ Readability (READ),"vectorizers,read",MNB,1,3,0.7894736842105263
Joint,Joint corpus,+ Readability (READ),"vectorizers,read",LR,1,3,0.9259259259259259
Joint,Joint corpus,+ Readability (READ),"vectorizers,read",RF,1,3,0.9113060428849903
Joint,Joint corpus,+ Readability (READ),"vectorizers,read",SVC,1,3,0.9269005847953217
Joint,Joint corpus,+ Readability (READ),"vectorizers,read",MNB,1,4,0.8001949317738791
Joint,Joint corpus,+ Readability (READ),"vectorizers,read",LR,1,4,0.9327485380116959
Joint,Joint corpus,+ Readability (READ),"vectorizers,read",RF,1,4,0.9122807017543859
Joint,Joint corpus,+ Readability (READ),"vectorizers,read",SVC,1,4,0.9298245614035088
Joint,Joint corpus,+ Readability (READ),"vectorizers,read",MNB,1,5,0.7590243902439024
Joint,Joint corpus,+ Readability (READ),"vectorizers,read",LR,1,5,0.9219512195121952
Joint,Joint corpus,+ Readability (READ),"vectorizers,read",RF,1,5,0.8731707317073171
Joint,Joint corpus,+ Readability (READ),"vectorizers,read",SVC,1,5,0.9258536585365854
Joint,Joint corpus,+ Readability (READ),"vectorizers,read",MNB,2,1,0.7797270955165692
Joint,Joint corpus,+ Readability (READ),"vectorizers,read",LR,2,1,0.9239766081871345
Joint,Joint corpus,+ Readability (READ),"vectorizers,read",RF,2,1,0.8869395711500975
Joint,Joint corpus,+ Readability (READ),"vectorizers,read",SVC,2,1,0.9220272904483431
Joint,Joint corpus,+ Readability (READ),"vectorizers,read",MNB,2,2,0.7865497076023392
Joint,Joint corpus,+ Readability (READ),"vectorizers,read",LR,2,2,0.9181286549707602
Joint,Joint corpus,+ Readability (READ),"vectorizers,read",RF,2,2,0.8947368421052632
Joint,Joint corpus,+ Readability (READ),"vectorizers,read",SVC,2,2,0.9220272904483431
Joint,Joint corpus,+ Readability (READ),"vectorizers,read",MNB,2,3,0.8255360623781677
Joint,Joint corpus,+ Readability (READ),"vectorizers,read",LR,2,3,0.9307992202729045
Joint,Joint corpus,+ Readability (READ),"vectorizers,read",RF,2,3,0.9044834307992202
Joint,Joint corpus,+ Readability (READ),"vectorizers,read",SVC,2,3,0.9278752436647173
Joint,Joint corpus,+ Readability (READ),"vectorizers,read",MNB,2,4,0.7855750487329435
Joint,Joint corpus,+ Readability (READ),"vectorizers,read",LR,2,4,0.9249512670565302
Joint,Joint corpus,+ Readability (READ),"vectorizers,read",RF,2,4,0.8888888888888888
Joint,Joint corpus,+ Readability (READ),"vectorizers,read",SVC,2,4,0.9249512670565302
Joint,Joint corpus,+ Readability (READ),"vectorizers,read",MNB,2,5,0.7639024390243903
Joint,Joint corpus,+ Readability (READ),"vectorizers,read",LR,2,5,0.9229268292682927
Joint,Joint corpus,+ Readability (READ),"vectorizers,read",RF,2,5,0.8878048780487805
Joint,Joint corpus,+ Readability (READ),"vectorizers,read",SVC,2,5,0.9209756097560976
Joint,Joint corpus,+ Readability (READ),"vectorizers,read",MNB,3,1,0.7758284600389863
Joint,Joint corpus,+ Readability (READ),"vectorizers,read",LR,3,1,0.9249512670565302
Joint,Joint corpus,+ Readability (READ),"vectorizers,read",RF,3,1,0.8908382066276803
Joint,Joint corpus,+ Readability (READ),"vectorizers,read",SVC,3,1,0.9210526315789473
Joint,Joint corpus,+ Readability (READ),"vectorizers,read",MNB,3,2,0.7680311890838206
Joint,Joint corpus,+ Readability (READ),"vectorizers,read",LR,3,2,0.9210526315789473
Joint,Joint corpus,+ Readability (READ),"vectorizers,read",RF,3,2,0.8927875243664717
Joint,Joint corpus,+ Readability (READ),"vectorizers,read",SVC,3,2,0.9171539961013645
Joint,Joint corpus,+ Readability (READ),"vectorizers,read",MNB,3,3,0.7846003898635477
Joint,Joint corpus,+ Readability (READ),"vectorizers,read",LR,3,3,0.9230019493177388
Joint,Joint corpus,+ Readability (READ),"vectorizers,read",RF,3,3,0.905458089668616
Joint,Joint corpus,+ Readability (READ),"vectorizers,read",SVC,3,3,0.9230019493177388
Joint,Joint corpus,+ Readability (READ),"vectorizers,read",MNB,3,4,0.797270955165692
Joint,Joint corpus,+ Readability (READ),"vectorizers,read",LR,3,4,0.9181286549707602
Joint,Joint corpus,+ Readability (READ),"vectorizers,read",RF,3,4,0.8927875243664717
Joint,Joint corpus,+ Readability (READ),"vectorizers,read",SVC,3,4,0.9249512670565302
Joint,Joint corpus,+ Readability (READ),"vectorizers,read",MNB,3,5,0.791219512195122
Joint,Joint corpus,+ Readability (READ),"vectorizers,read",LR,3,5,0.9190243902439025
Joint,Joint corpus,+ Readability (READ),"vectorizers,read",RF,3,5,0.9073170731707317
Joint,Joint corpus,+ Readability (READ),"vectorizers,read",SVC,3,5,0.9287804878048781
Joint,Joint corpus,+ Readability (READ),"vectorizers,read",MNB,4,1,0.7855750487329435
Joint,Joint corpus,+ Readability (READ),"vectorizers,read",LR,4,1,0.9230019493177388
Joint,Joint corpus,+ Readability (READ),"vectorizers,read",RF,4,1,0.9083820662768031
Joint,Joint corpus,+ Readability (READ),"vectorizers,read",SVC,4,1,0.9298245614035088
Joint,Joint corpus,+ Readability (READ),"vectorizers,read",MNB,4,2,0.7962962962962963
Joint,Joint corpus,+ Readability (READ),"vectorizers,read",LR,4,2,0.9181286549707602
Joint,Joint corpus,+ Readability (READ),"vectorizers,read",RF,4,2,0.8908382066276803
Joint,Joint corpus,+ Readability (READ),"vectorizers,read",SVC,4,2,0.919103313840156
Joint,Joint corpus,+ Readability (READ),"vectorizers,read",MNB,4,3,0.7748538011695907
Joint,Joint corpus,+ Readability (READ),"vectorizers,read",LR,4,3,0.9346978557504874
Joint,Joint corpus,+ Readability (READ),"vectorizers,read",RF,4,3,0.905458089668616
Joint,Joint corpus,+ Readability (READ),"vectorizers,read",SVC,4,3,0.935672514619883
Joint,Joint corpus,+ Readability (READ),"vectorizers,read",MNB,4,4,0.7680311890838206
Joint,Joint corpus,+ Readability (READ),"vectorizers,read",LR,4,4,0.9113060428849903
Joint,Joint corpus,+ Readability (READ),"vectorizers,read",RF,4,4,0.8693957115009746
Joint,Joint corpus,+ Readability (READ),"vectorizers,read",SVC,4,4,0.9093567251461988
Joint,Joint corpus,+ Readability (READ),"vectorizers,read",MNB,4,5,0.8058536585365854
Joint,Joint corpus,+ Readability (READ),"vectorizers,read",LR,4,5,0.9160975609756098
Joint,Joint corpus,+ Readability (READ),"vectorizers,read",RF,4,5,0.8878048780487805
Joint,Joint corpus,+ Readability (READ),"vectorizers,read",SVC,4,5,0.9141463414634147
Joint,Joint corpus,+ Readability (READ),"vectorizers,read",MNB,5,1,0.817738791423002
Joint,Joint corpus,+ Readability (READ),"vectorizers,read",LR,5,1,0.9454191033138402
Joint,Joint corpus,+ Readability (READ),"vectorizers,read",RF,5,1,0.9005847953216374
Joint,Joint corpus,+ Readability (READ),"vectorizers,read",SVC,5,1,0.9444444444444444
Joint,Joint corpus,+ Readability (READ),"vectorizers,read",MNB,5,2,0.7748538011695907
Joint,Joint corpus,+ Readability (READ),"vectorizers,read",LR,5,2,0.9337231968810916
Joint,Joint corpus,+ Readability (READ),"vectorizers,read",RF,5,2,0.9044834307992202
Joint,Joint corpus,+ Readability (READ),"vectorizers,read",SVC,5,2,0.9307992202729045
Joint,Joint corpus,+ Readability (READ),"vectorizers,read",MNB,5,3,0.7787524366471735
Joint,Joint corpus,+ Readability (READ),"vectorizers,read",LR,5,3,0.9161793372319688
Joint,Joint corpus,+ Readability (READ),"vectorizers,read",RF,5,3,0.8801169590643275
Joint,Joint corpus,+ Readability (READ),"vectorizers,read",SVC,5,3,0.919103313840156
Joint,Joint corpus,+ Readability (READ),"vectorizers,read",MNB,5,4,0.7894736842105263
Joint,Joint corpus,+ Readability (READ),"vectorizers,read",LR,5,4,0.919103313840156
Joint,Joint corpus,+ Readability (READ),"vectorizers,read",RF,5,4,0.8957115009746589
Joint,Joint corpus,+ Readability (READ),"vectorizers,read",SVC,5,4,0.9171539961013645
Joint,Joint corpus,+ Readability (READ),"vectorizers,read",MNB,5,5,0.775609756097561
Joint,Joint corpus,+ Readability (READ),"vectorizers,read",LR,5,5,0.9121951219512195
Joint,Joint corpus,+ Readability (READ),"vectorizers,read",RF,5,5,0.8848780487804878
Joint,Joint corpus,+ Readability (READ),"vectorizers,read",SVC,5,5,0.911219512195122
Joint,Joint corpus,+ Readability (READ),"vectorizers,read",MNB,6,1,0.7846003898635477
Joint,Joint corpus,+ Readability (READ),"vectorizers,read",LR,6,1,0.9200779727095516
Joint,Joint corpus,+ Readability (READ),"vectorizers,read",RF,6,1,0.8908382066276803
Joint,Joint corpus,+ Readability (READ),"vectorizers,read",SVC,6,1,0.9181286549707602
Joint,Joint corpus,+ Readability (READ),"vectorizers,read",MNB,6,2,0.7982456140350878
Joint,Joint corpus,+ Readability (READ),"vectorizers,read",LR,6,2,0.9259259259259259
Joint,Joint corpus,+ Readability (READ),"vectorizers,read",RF,6,2,0.9044834307992202
Joint,Joint corpus,+ Readability (READ),"vectorizers,read",SVC,6,2,0.9200779727095516
Joint,Joint corpus,+ Readability (READ),"vectorizers,read",MNB,6,3,0.7875243664717348
Joint,Joint corpus,+ Readability (READ),"vectorizers,read",LR,6,3,0.9210526315789473
Joint,Joint corpus,+ Readability (READ),"vectorizers,read",RF,6,3,0.8927875243664717
Joint,Joint corpus,+ Readability (READ),"vectorizers,read",SVC,6,3,0.9103313840155945
Joint,Joint corpus,+ Readability (READ),"vectorizers,read",MNB,6,4,0.7631578947368421
Joint,Joint corpus,+ Readability (READ),"vectorizers,read",LR,6,4,0.9376218323586745
Joint,Joint corpus,+ Readability (READ),"vectorizers,read",RF,6,4,0.9044834307992202
Joint,Joint corpus,+ Readability (READ),"vectorizers,read",SVC,6,4,0.9385964912280702
Joint,Joint corpus,+ Readability (READ),"vectorizers,read",MNB,6,5,0.7639024390243903
Joint,Joint corpus,+ Readability (READ),"vectorizers,read",LR,6,5,0.9082926829268293
Joint,Joint corpus,+ Readability (READ),"vectorizers,read",RF,6,5,0.8751219512195122
Joint,Joint corpus,+ Readability (READ),"vectorizers,read",SVC,6,5,0.9151219512195122
Joint,Joint corpus,+ Out-of-vocabulary (OOV),"vectorizers,read,oov",MNB,1,1,0.776803118908382
Joint,Joint corpus,+ Out-of-vocabulary (OOV),"vectorizers,read,oov",LR,1,1,0.919103313840156
Joint,Joint corpus,+ Out-of-vocabulary (OOV),"vectorizers,read,oov",RF,1,1,0.8996101364522417
Joint,Joint corpus,+ Out-of-vocabulary (OOV),"vectorizers,read,oov",SVC,1,1,0.9200779727095516
Joint,Joint corpus,+ Out-of-vocabulary (OOV),"vectorizers,read,oov",MNB,1,2,0.7709551656920078
Joint,Joint corpus,+ Out-of-vocabulary (OOV),"vectorizers,read,oov",LR,1,2,0.9113060428849903
Joint,Joint corpus,+ Out-of-vocabulary (OOV),"vectorizers,read,oov",RF,1,2,0.8635477582846004
Joint,Joint corpus,+ Out-of-vocabulary (OOV),"vectorizers,read,oov",SVC,1,2,0.9103313840155945
Joint,Joint corpus,+ Out-of-vocabulary (OOV),"vectorizers,read,oov",MNB,1,3,0.7904483430799221
Joint,Joint corpus,+ Out-of-vocabulary (OOV),"vectorizers,read,oov",LR,1,3,0.9317738791423001
Joint,Joint corpus,+ Out-of-vocabulary (OOV),"vectorizers,read,oov",RF,1,3,0.9083820662768031
Joint,Joint corpus,+ Out-of-vocabulary (OOV),"vectorizers,read,oov",SVC,1,3,0.9298245614035088
Joint,Joint corpus,+ Out-of-vocabulary (OOV),"vectorizers,read,oov",MNB,1,4,0.7953216374269005
Joint,Joint corpus,+ Out-of-vocabulary (OOV),"vectorizers,read,oov",LR,1,4,0.935672514619883
Joint,Joint corpus,+ Out-of-vocabulary (OOV),"vectorizers,read,oov",RF,1,4,0.9093567251461988
Joint,Joint corpus,+ Out-of-vocabulary (OOV),"vectorizers,read,oov",SVC,1,4,0.928849902534113
Joint,Joint corpus,+ Out-of-vocabulary (OOV),"vectorizers,read,oov",MNB,1,5,0.7590243902439024
Joint,Joint corpus,+ Out-of-vocabulary (OOV),"vectorizers,read,oov",LR,1,5,0.9229268292682927
Joint,Joint corpus,+ Out-of-vocabulary (OOV),"vectorizers,read,oov",RF,1,5,0.8731707317073171
Joint,Joint corpus,+ Out-of-vocabulary (OOV),"vectorizers,read,oov",SVC,1,5,0.9278048780487805
Joint,Joint corpus,+ Out-of-vocabulary (OOV),"vectorizers,read,oov",MNB,2,1,0.7729044834307992
Joint,Joint corpus,+ Out-of-vocabulary (OOV),"vectorizers,read,oov",LR,2,1,0.9220272904483431
Joint,Joint corpus,+ Out-of-vocabulary (OOV),"vectorizers,read,oov",RF,2,1,0.8791423001949318
Joint,Joint corpus,+ Out-of-vocabulary (OOV),"vectorizers,read,oov",SVC,2,1,0.9278752436647173
Joint,Joint corpus,+ Out-of-vocabulary (OOV),"vectorizers,read,oov",MNB,2,2,0.7787524366471735
Joint,Joint corpus,+ Out-of-vocabulary (OOV),"vectorizers,read,oov",LR,2,2,0.9200779727095516
Joint,Joint corpus,+ Out-of-vocabulary (OOV),"vectorizers,read,oov",RF,2,2,0.8918128654970761
Joint,Joint corpus,+ Out-of-vocabulary (OOV),"vectorizers,read,oov",SVC,2,2,0.919103313840156
Joint,Joint corpus,+ Out-of-vocabulary (OOV),"vectorizers,read,oov",MNB,2,3,0.8196881091617934
Joint,Joint corpus,+ Out-of-vocabulary (OOV),"vectorizers,read,oov",LR,2,3,0.9278752436647173
Joint,Joint corpus,+ Out-of-vocabulary (OOV),"vectorizers,read,oov",RF,2,3,0.8937621832358674
Joint,Joint corpus,+ Out-of-vocabulary (OOV),"vectorizers,read,oov",SVC,2,3,0.928849902534113
Joint,Joint corpus,+ Out-of-vocabulary (OOV),"vectorizers,read,oov",MNB,2,4,0.7797270955165692
Joint,Joint corpus,+ Out-of-vocabulary (OOV),"vectorizers,read,oov",LR,2,4,0.928849902534113
Joint,Joint corpus,+ Out-of-vocabulary (OOV),"vectorizers,read,oov",RF,2,4,0.8976608187134503
Joint,Joint corpus,+ Out-of-vocabulary (OOV),"vectorizers,read,oov",SVC,2,4,0.9259259259259259
Joint,Joint corpus,+ Out-of-vocabulary (OOV),"vectorizers,read,oov",MNB,2,5,0.7609756097560976
Joint,Joint corpus,+ Out-of-vocabulary (OOV),"vectorizers,read,oov",LR,2,5,0.9248780487804878
Joint,Joint corpus,+ Out-of-vocabulary (OOV),"vectorizers,read,oov",RF,2,5,0.8936585365853659
Joint,Joint corpus,+ Out-of-vocabulary (OOV),"vectorizers,read,oov",SVC,2,5,0.9180487804878049
Joint,Joint corpus,+ Out-of-vocabulary (OOV),"vectorizers,read,oov",MNB,3,1,0.7709551656920078
Joint,Joint corpus,+ Out-of-vocabulary (OOV),"vectorizers,read,oov",LR,3,1,0.9249512670565302
Joint,Joint corpus,+ Out-of-vocabulary (OOV),"vectorizers,read,oov",RF,3,1,0.8820662768031189
Joint,Joint corpus,+ Out-of-vocabulary (OOV),"vectorizers,read,oov",SVC,3,1,0.9239766081871345
Joint,Joint corpus,+ Out-of-vocabulary (OOV),"vectorizers,read,oov",MNB,3,2,0.7631578947368421
Joint,Joint corpus,+ Out-of-vocabulary (OOV),"vectorizers,read,oov",LR,3,2,0.9171539961013645
Joint,Joint corpus,+ Out-of-vocabulary (OOV),"vectorizers,read,oov",RF,3,2,0.8888888888888888
Joint,Joint corpus,+ Out-of-vocabulary (OOV),"vectorizers,read,oov",SVC,3,2,0.9181286549707602
Joint,Joint corpus,+ Out-of-vocabulary (OOV),"vectorizers,read,oov",MNB,3,3,0.7797270955165692
Joint,Joint corpus,+ Out-of-vocabulary (OOV),"vectorizers,read,oov",LR,3,3,0.9239766081871345
Joint,Joint corpus,+ Out-of-vocabulary (OOV),"vectorizers,read,oov",RF,3,3,0.9035087719298246
Joint,Joint corpus,+ Out-of-vocabulary (OOV),"vectorizers,read,oov",SVC,3,3,0.928849902534113
Joint,Joint corpus,+ Out-of-vocabulary (OOV),"vectorizers,read,oov",MNB,3,4,0.7875243664717348
Joint,Joint corpus,+ Out-of-vocabulary (OOV),"vectorizers,read,oov",LR,3,4,0.919103313840156
Joint,Joint corpus,+ Out-of-vocabulary (OOV),"vectorizers,read,oov",RF,3,4,0.8957115009746589
Joint,Joint corpus,+ Out-of-vocabulary (OOV),"vectorizers,read,oov",SVC,3,4,0.9239766081871345
Joint,Joint corpus,+ Out-of-vocabulary (OOV),"vectorizers,read,oov",MNB,3,5,0.7834146341463415
Joint,Joint corpus,+ Out-of-vocabulary (OOV),"vectorizers,read,oov",LR,3,5,0.9229268292682927
Joint,Joint corpus,+ Out-of-vocabulary (OOV),"vectorizers,read,oov",RF,3,5,0.9024390243902439
Joint,Joint corpus,+ Out-of-vocabulary (OOV),"vectorizers,read,oov",SVC,3,5,0.926829268292683
Joint,Joint corpus,+ Out-of-vocabulary (OOV),"vectorizers,read,oov",MNB,4,1,0.7855750487329435
Joint,Joint corpus,+ Out-of-vocabulary (OOV),"vectorizers,read,oov",LR,4,1,0.928849902534113
Joint,Joint corpus,+ Out-of-vocabulary (OOV),"vectorizers,read,oov",RF,4,1,0.905458089668616
Joint,Joint corpus,+ Out-of-vocabulary (OOV),"vectorizers,read,oov",SVC,4,1,0.9307992202729045
Joint,Joint corpus,+ Out-of-vocabulary (OOV),"vectorizers,read,oov",MNB,4,2,0.7914230019493177
Joint,Joint corpus,+ Out-of-vocabulary (OOV),"vectorizers,read,oov",LR,4,2,0.9210526315789473
Joint,Joint corpus,+ Out-of-vocabulary (OOV),"vectorizers,read,oov",RF,4,2,0.9015594541910331
Joint,Joint corpus,+ Out-of-vocabulary (OOV),"vectorizers,read,oov",SVC,4,2,0.9210526315789473
Joint,Joint corpus,+ Out-of-vocabulary (OOV),"vectorizers,read,oov",MNB,4,3,0.7680311890838206
Joint,Joint corpus,+ Out-of-vocabulary (OOV),"vectorizers,read,oov",LR,4,3,0.9376218323586745
Joint,Joint corpus,+ Out-of-vocabulary (OOV),"vectorizers,read,oov",RF,4,3,0.9064327485380117
Joint,Joint corpus,+ Out-of-vocabulary (OOV),"vectorizers,read,oov",SVC,4,3,0.9376218323586745
Joint,Joint corpus,+ Out-of-vocabulary (OOV),"vectorizers,read,oov",MNB,4,4,0.7680311890838206
Joint,Joint corpus,+ Out-of-vocabulary (OOV),"vectorizers,read,oov",LR,4,4,0.9074074074074074
Joint,Joint corpus,+ Out-of-vocabulary (OOV),"vectorizers,read,oov",RF,4,4,0.8771929824561403
Joint,Joint corpus,+ Out-of-vocabulary (OOV),"vectorizers,read,oov",SVC,4,4,0.9093567251461988
Joint,Joint corpus,+ Out-of-vocabulary (OOV),"vectorizers,read,oov",MNB,4,5,0.8039024390243903
Joint,Joint corpus,+ Out-of-vocabulary (OOV),"vectorizers,read,oov",LR,4,5,0.9151219512195122
Joint,Joint corpus,+ Out-of-vocabulary (OOV),"vectorizers,read,oov",RF,4,5,0.8897560975609756
Joint,Joint corpus,+ Out-of-vocabulary (OOV),"vectorizers,read,oov",SVC,4,5,0.9121951219512195
Joint,Joint corpus,+ Out-of-vocabulary (OOV),"vectorizers,read,oov",MNB,5,1,0.8138401559454191
Joint,Joint corpus,+ Out-of-vocabulary (OOV),"vectorizers,read,oov",LR,5,1,0.9473684210526315
Joint,Joint corpus,+ Out-of-vocabulary (OOV),"vectorizers,read,oov",RF,5,1,0.9074074074074074
Joint,Joint corpus,+ Out-of-vocabulary (OOV),"vectorizers,read,oov",SVC,5,1,0.9463937621832359
Joint,Joint corpus,+ Out-of-vocabulary (OOV),"vectorizers,read,oov",MNB,5,2,0.7738791423001949
Joint,Joint corpus,+ Out-of-vocabulary (OOV),"vectorizers,read,oov",LR,5,2,0.928849902534113
Joint,Joint corpus,+ Out-of-vocabulary (OOV),"vectorizers,read,oov",RF,5,2,0.9015594541910331
Joint,Joint corpus,+ Out-of-vocabulary (OOV),"vectorizers,read,oov",SVC,5,2,0.9307992202729045
Joint,Joint corpus,+ Out-of-vocabulary (OOV),"vectorizers,read,oov",MNB,5,3,0.7748538011695907
Joint,Joint corpus,+ Out-of-vocabulary (OOV),"vectorizers,read,oov",LR,5,3,0.9152046783625731
Joint,Joint corpus,+ Out-of-vocabulary (OOV),"vectorizers,read,oov",RF,5,3,0.878167641325536
Joint,Joint corpus,+ Out-of-vocabulary (OOV),"vectorizers,read,oov",SVC,5,3,0.9152046783625731
Joint,Joint corpus,+ Out-of-vocabulary (OOV),"vectorizers,read,oov",MNB,5,4,0.7875243664717348
Joint,Joint corpus,+ Out-of-vocabulary (OOV),"vectorizers,read,oov",LR,5,4,0.9220272904483431
Joint,Joint corpus,+ Out-of-vocabulary (OOV),"vectorizers,read,oov",RF,5,4,0.905458089668616
Joint,Joint corpus,+ Out-of-vocabulary (OOV),"vectorizers,read,oov",SVC,5,4,0.9171539961013645
Joint,Joint corpus,+ Out-of-vocabulary (OOV),"vectorizers,read,oov",MNB,5,5,0.7717073170731708
Joint,Joint corpus,+ Out-of-vocabulary (OOV),"vectorizers,read,oov",LR,5,5,0.9151219512195122
Joint,Joint corpus,+ Out-of-vocabulary (OOV),"vectorizers,read,oov",RF,5,5,0.8790243902439024
Joint,Joint corpus,+ Out-of-vocabulary (OOV),"vectorizers,read,oov",SVC,5,5,0.9102439024390244
Joint,Joint corpus,+ Out-of-vocabulary (OOV),"vectorizers,read,oov",MNB,6,1,0.7807017543859649
Joint,Joint corpus,+ Out-of-vocabulary (OOV),"vectorizers,read,oov",LR,6,1,0.9259259259259259
Joint,Joint corpus,+ Out-of-vocabulary (OOV),"vectorizers,read,oov",RF,6,1,0.8947368421052632
Joint,Joint corpus,+ Out-of-vocabulary (OOV),"vectorizers,read,oov",SVC,6,1,0.9220272904483431
Joint,Joint corpus,+ Out-of-vocabulary (OOV),"vectorizers,read,oov",MNB,6,2,0.7953216374269005
Joint,Joint corpus,+ Out-of-vocabulary (OOV),"vectorizers,read,oov",LR,6,2,0.9278752436647173
Joint,Joint corpus,+ Out-of-vocabulary (OOV),"vectorizers,read,oov",RF,6,2,0.8947368421052632
Joint,Joint corpus,+ Out-of-vocabulary (OOV),"vectorizers,read,oov",SVC,6,2,0.9239766081871345
Joint,Joint corpus,+ Out-of-vocabulary (OOV),"vectorizers,read,oov",MNB,6,3,0.7826510721247564
Joint,Joint corpus,+ Out-of-vocabulary (OOV),"vectorizers,read,oov",LR,6,3,0.9259259259259259
Joint,Joint corpus,+ Out-of-vocabulary (OOV),"vectorizers,read,oov",RF,6,3,0.8918128654970761
Joint,Joint corpus,+ Out-of-vocabulary (OOV),"vectorizers,read,oov",SVC,6,3,0.9181286549707602
Joint,Joint corpus,+ Out-of-vocabulary (OOV),"vectorizers,read,oov",MNB,6,4,0.7563352826510721
Joint,Joint corpus,+ Out-of-vocabulary (OOV),"vectorizers,read,oov",LR,6,4,0.9366471734892787
Joint,Joint corpus,+ Out-of-vocabulary (OOV),"vectorizers,read,oov",RF,6,4,0.9132553606237817
Joint,Joint corpus,+ Out-of-vocabulary (OOV),"vectorizers,read,oov",SVC,6,4,0.9385964912280702
Joint,Joint corpus,+ Out-of-vocabulary (OOV),"vectorizers,read,oov",MNB,6,5,0.7609756097560976
Joint,Joint corpus,+ Out-of-vocabulary (OOV),"vectorizers,read,oov",LR,6,5,0.9141463414634147
Joint,Joint corpus,+ Out-of-vocabulary (OOV),"vectorizers,read,oov",RF,6,5,0.8790243902439024
Joint,Joint corpus,+ Out-of-vocabulary (OOV),"vectorizers,read,oov",SVC,6,5,0.9190243902439025
Joint,Joint corpus,+ Stop words (SW),"vectorizers,read,oov,sw",MNB,1,1,0.7680311890838206
Joint,Joint corpus,+ Stop words (SW),"vectorizers,read,oov,sw",LR,1,1,0.919103313840156
Joint,Joint corpus,+ Stop words (SW),"vectorizers,read,oov,sw",RF,1,1,0.8957115009746589
Joint,Joint corpus,+ Stop words (SW),"vectorizers,read,oov,sw",SVC,1,1,0.9200779727095516
Joint,Joint corpus,+ Stop words (SW),"vectorizers,read,oov,sw",MNB,1,2,0.7612085769980507
Joint,Joint corpus,+ Stop words (SW),"vectorizers,read,oov,sw",LR,1,2,0.9122807017543859
Joint,Joint corpus,+ Stop words (SW),"vectorizers,read,oov,sw",RF,1,2,0.8703703703703703
Joint,Joint corpus,+ Stop words (SW),"vectorizers,read,oov,sw",SVC,1,2,0.9103313840155945
Joint,Joint corpus,+ Stop words (SW),"vectorizers,read,oov,sw",MNB,1,3,0.7826510721247564
Joint,Joint corpus,+ Stop words (SW),"vectorizers,read,oov,sw",LR,1,3,0.9307992202729045
Joint,Joint corpus,+ Stop words (SW),"vectorizers,read,oov,sw",RF,1,3,0.9093567251461988
Joint,Joint corpus,+ Stop words (SW),"vectorizers,read,oov,sw",SVC,1,3,0.9298245614035088
Joint,Joint corpus,+ Stop words (SW),"vectorizers,read,oov,sw",MNB,1,4,0.7846003898635477
Joint,Joint corpus,+ Stop words (SW),"vectorizers,read,oov,sw",LR,1,4,0.935672514619883
Joint,Joint corpus,+ Stop words (SW),"vectorizers,read,oov,sw",RF,1,4,0.9103313840155945
Joint,Joint corpus,+ Stop words (SW),"vectorizers,read,oov,sw",SVC,1,4,0.928849902534113
Joint,Joint corpus,+ Stop words (SW),"vectorizers,read,oov,sw",MNB,1,5,0.7502439024390244
Joint,Joint corpus,+ Stop words (SW),"vectorizers,read,oov,sw",LR,1,5,0.9239024390243903
Joint,Joint corpus,+ Stop words (SW),"vectorizers,read,oov,sw",RF,1,5,0.8819512195121951
Joint,Joint corpus,+ Stop words (SW),"vectorizers,read,oov,sw",SVC,1,5,0.9278048780487805
Joint,Joint corpus,+ Stop words (SW),"vectorizers,read,oov,sw",MNB,2,1,0.767056530214425
Joint,Joint corpus,+ Stop words (SW),"vectorizers,read,oov,sw",LR,2,1,0.9230019493177388
Joint,Joint corpus,+ Stop words (SW),"vectorizers,read,oov,sw",RF,2,1,0.8898635477582846
Joint,Joint corpus,+ Stop words (SW),"vectorizers,read,oov,sw",SVC,2,1,0.9269005847953217
Joint,Joint corpus,+ Stop words (SW),"vectorizers,read,oov,sw",MNB,2,2,0.7719298245614035
Joint,Joint corpus,+ Stop words (SW),"vectorizers,read,oov,sw",LR,2,2,0.9200779727095516
Joint,Joint corpus,+ Stop words (SW),"vectorizers,read,oov,sw",RF,2,2,0.8869395711500975
Joint,Joint corpus,+ Stop words (SW),"vectorizers,read,oov,sw",SVC,2,2,0.919103313840156
Joint,Joint corpus,+ Stop words (SW),"vectorizers,read,oov,sw",MNB,2,3,0.8109161793372319
Joint,Joint corpus,+ Stop words (SW),"vectorizers,read,oov,sw",LR,2,3,0.9278752436647173
Joint,Joint corpus,+ Stop words (SW),"vectorizers,read,oov,sw",RF,2,3,0.9005847953216374
Joint,Joint corpus,+ Stop words (SW),"vectorizers,read,oov,sw",SVC,2,3,0.928849902534113
Joint,Joint corpus,+ Stop words (SW),"vectorizers,read,oov,sw",MNB,2,4,0.7660818713450293
Joint,Joint corpus,+ Stop words (SW),"vectorizers,read,oov,sw",LR,2,4,0.9278752436647173
Joint,Joint corpus,+ Stop words (SW),"vectorizers,read,oov,sw",RF,2,4,0.8879142300194932
Joint,Joint corpus,+ Stop words (SW),"vectorizers,read,oov,sw",SVC,2,4,0.9230019493177388
Joint,Joint corpus,+ Stop words (SW),"vectorizers,read,oov,sw",MNB,2,5,0.7473170731707317
Joint,Joint corpus,+ Stop words (SW),"vectorizers,read,oov,sw",LR,2,5,0.9248780487804878
Joint,Joint corpus,+ Stop words (SW),"vectorizers,read,oov,sw",RF,2,5,0.8868292682926829
Joint,Joint corpus,+ Stop words (SW),"vectorizers,read,oov,sw",SVC,2,5,0.9180487804878049
Joint,Joint corpus,+ Stop words (SW),"vectorizers,read,oov,sw",MNB,3,1,0.7621832358674464
Joint,Joint corpus,+ Stop words (SW),"vectorizers,read,oov,sw",LR,3,1,0.9249512670565302
Joint,Joint corpus,+ Stop words (SW),"vectorizers,read,oov,sw",RF,3,1,0.8996101364522417
Joint,Joint corpus,+ Stop words (SW),"vectorizers,read,oov,sw",SVC,3,1,0.9239766081871345
Joint,Joint corpus,+ Stop words (SW),"vectorizers,read,oov,sw",MNB,3,2,0.7573099415204678
Joint,Joint corpus,+ Stop words (SW),"vectorizers,read,oov,sw",LR,3,2,0.9171539961013645
Joint,Joint corpus,+ Stop words (SW),"vectorizers,read,oov,sw",RF,3,2,0.8879142300194932
Joint,Joint corpus,+ Stop words (SW),"vectorizers,read,oov,sw",SVC,3,2,0.9181286549707602
Joint,Joint corpus,+ Stop words (SW),"vectorizers,read,oov,sw",MNB,3,3,0.7680311890838206
Joint,Joint corpus,+ Stop words (SW),"vectorizers,read,oov,sw",LR,3,3,0.9239766081871345
Joint,Joint corpus,+ Stop words (SW),"vectorizers,read,oov,sw",RF,3,3,0.9015594541910331
Joint,Joint corpus,+ Stop words (SW),"vectorizers,read,oov,sw",SVC,3,3,0.928849902534113
Joint,Joint corpus,+ Stop words (SW),"vectorizers,read,oov,sw",MNB,3,4,0.7787524366471735
Joint,Joint corpus,+ Stop words (SW),"vectorizers,read,oov,sw",LR,3,4,0.919103313840156
Joint,Joint corpus,+ Stop words (SW),"vectorizers,read,oov,sw",RF,3,4,0.8869395711500975
Joint,Joint corpus,+ Stop words (SW),"vectorizers,read,oov,sw",SVC,3,4,0.9239766081871345
Joint,Joint corpus,+ Stop words (SW),"vectorizers,read,oov,sw",MNB,3,5,0.7726829268292683
Joint,Joint corpus,+ Stop words (SW),"vectorizers,read,oov,sw",LR,3,5,0.9229268292682927
Joint,Joint corpus,+ Stop words (SW),"vectorizers,read,oov,sw",RF,3,5,0.8975609756097561
Joint,Joint corpus,+ Stop words (SW),"vectorizers,read,oov,sw",SVC,3,5,0.926829268292683
Joint,Joint corpus,+ Stop words (SW),"vectorizers,read,oov,sw",MNB,4,1,0.7748538011695907
Joint,Joint corpus,+ Stop words (SW),"vectorizers,read,oov,sw",LR,4,1,0.928849902534113
Joint,Joint corpus,+ Stop words (SW),"vectorizers,read,oov,sw",RF,4,1,0.9064327485380117
Joint,Joint corpus,+ Stop words (SW),"vectorizers,read,oov,sw",SVC,4,1,0.9307992202729045
Joint,Joint corpus,+ Stop words (SW),"vectorizers,read,oov,sw",MNB,4,2,0.7875243664717348
Joint,Joint corpus,+ Stop words (SW),"vectorizers,read,oov,sw",LR,4,2,0.9210526315789473
Joint,Joint corpus,+ Stop words (SW),"vectorizers,read,oov,sw",RF,4,2,0.8937621832358674
Joint,Joint corpus,+ Stop words (SW),"vectorizers,read,oov,sw",SVC,4,2,0.9210526315789473
Joint,Joint corpus,+ Stop words (SW),"vectorizers,read,oov,sw",MNB,4,3,0.7592592592592593
Joint,Joint corpus,+ Stop words (SW),"vectorizers,read,oov,sw",LR,4,3,0.9376218323586745
Joint,Joint corpus,+ Stop words (SW),"vectorizers,read,oov,sw",RF,4,3,0.905458089668616
Joint,Joint corpus,+ Stop words (SW),"vectorizers,read,oov,sw",SVC,4,3,0.9376218323586745
Joint,Joint corpus,+ Stop words (SW),"vectorizers,read,oov,sw",MNB,4,4,0.7553606237816765
Joint,Joint corpus,+ Stop words (SW),"vectorizers,read,oov,sw",LR,4,4,0.9093567251461988
Joint,Joint corpus,+ Stop words (SW),"vectorizers,read,oov,sw",RF,4,4,0.8693957115009746
Joint,Joint corpus,+ Stop words (SW),"vectorizers,read,oov,sw",SVC,4,4,0.9093567251461988
Joint,Joint corpus,+ Stop words (SW),"vectorizers,read,oov,sw",MNB,4,5,0.7902439024390244
Joint,Joint corpus,+ Stop words (SW),"vectorizers,read,oov,sw",LR,4,5,0.9151219512195122
Joint,Joint corpus,+ Stop words (SW),"vectorizers,read,oov,sw",RF,4,5,0.8907317073170732
Joint,Joint corpus,+ Stop words (SW),"vectorizers,read,oov,sw",SVC,4,5,0.9121951219512195
Joint,Joint corpus,+ Stop words (SW),"vectorizers,read,oov,sw",MNB,5,1,0.8021442495126706
Joint,Joint corpus,+ Stop words (SW),"vectorizers,read,oov,sw",LR,5,1,0.9463937621832359
Joint,Joint corpus,+ Stop words (SW),"vectorizers,read,oov,sw",RF,5,1,0.9064327485380117
Joint,Joint corpus,+ Stop words (SW),"vectorizers,read,oov,sw",SVC,5,1,0.9473684210526315
Joint,Joint corpus,+ Stop words (SW),"vectorizers,read,oov,sw",MNB,5,2,0.7660818713450293
Joint,Joint corpus,+ Stop words (SW),"vectorizers,read,oov,sw",LR,5,2,0.9298245614035088
Joint,Joint corpus,+ Stop words (SW),"vectorizers,read,oov,sw",RF,5,2,0.9035087719298246
Joint,Joint corpus,+ Stop words (SW),"vectorizers,read,oov,sw",SVC,5,2,0.9307992202729045
Joint,Joint corpus,+ Stop words (SW),"vectorizers,read,oov,sw",MNB,5,3,0.7680311890838206
Joint,Joint corpus,+ Stop words (SW),"vectorizers,read,oov,sw",LR,5,3,0.9152046783625731
Joint,Joint corpus,+ Stop words (SW),"vectorizers,read,oov,sw",RF,5,3,0.8771929824561403
Joint,Joint corpus,+ Stop words (SW),"vectorizers,read,oov,sw",SVC,5,3,0.9161793372319688
Joint,Joint corpus,+ Stop words (SW),"vectorizers,read,oov,sw",MNB,5,4,0.7816764132553606
Joint,Joint corpus,+ Stop words (SW),"vectorizers,read,oov,sw",LR,5,4,0.9220272904483431
Joint,Joint corpus,+ Stop words (SW),"vectorizers,read,oov,sw",RF,5,4,0.8918128654970761
Joint,Joint corpus,+ Stop words (SW),"vectorizers,read,oov,sw",SVC,5,4,0.9171539961013645
Joint,Joint corpus,+ Stop words (SW),"vectorizers,read,oov,sw",MNB,5,5,0.7619512195121951
Joint,Joint corpus,+ Stop words (SW),"vectorizers,read,oov,sw",LR,5,5,0.9151219512195122
Joint,Joint corpus,+ Stop words (SW),"vectorizers,read,oov,sw",RF,5,5,0.8809756097560976
Joint,Joint corpus,+ Stop words (SW),"vectorizers,read,oov,sw",SVC,5,5,0.9102439024390244
Joint,Joint corpus,+ Stop words (SW),"vectorizers,read,oov,sw",MNB,6,1,0.7738791423001949
Joint,Joint corpus,+ Stop words (SW),"vectorizers,read,oov,sw",LR,6,1,0.9259259259259259
Joint,Joint corpus,+ Stop words (SW),"vectorizers,read,oov,sw",RF,6,1,0.8869395711500975
Joint,Joint corpus,+ Stop words (SW),"vectorizers,read,oov,sw",SVC,6,1,0.9210526315789473
Joint,Joint corpus,+ Stop words (SW),"vectorizers,read,oov,sw",MNB,6,2,0.7875243664717348
Joint,Joint corpus,+ Stop words (SW),"vectorizers,read,oov,sw",LR,6,2,0.9278752436647173
Joint,Joint corpus,+ Stop words (SW),"vectorizers,read,oov,sw",RF,6,2,0.8879142300194932
Joint,Joint corpus,+ Stop words (SW),"vectorizers,read,oov,sw",SVC,6,2,0.9239766081871345
Joint,Joint corpus,+ Stop words (SW),"vectorizers,read,oov,sw",MNB,6,3,0.7729044834307992
Joint,Joint corpus,+ Stop words (SW),"vectorizers,read,oov,sw",LR,6,3,0.9259259259259259
Joint,Joint corpus,+ Stop words (SW),"vectorizers,read,oov,sw",RF,6,3,0.8888888888888888
Joint,Joint corpus,+ Stop words (SW),"vectorizers,read,oov,sw",SVC,6,3,0.9181286549707602
Joint,Joint corpus,+ Stop words (SW),"vectorizers,read,oov,sw",MNB,6,4,0.7456140350877193
Joint,Joint corpus,+ Stop words (SW),"vectorizers,read,oov,sw",LR,6,4,0.9366471734892787
Joint,Joint corpus,+ Stop words (SW),"vectorizers,read,oov,sw",RF,6,4,0.9005847953216374
Joint,Joint corpus,+ Stop words (SW),"vectorizers,read,oov,sw",SVC,6,4,0.9376218323586745
Joint,Joint corpus,+ Stop words (SW),"vectorizers,read,oov,sw",MNB,6,5,0.7473170731707317
Joint,Joint corpus,+ Stop words (SW),"vectorizers,read,oov,sw",LR,6,5,0.9151219512195122
Joint,Joint corpus,+ Stop words (SW),"vectorizers,read,oov,sw",RF,6,5,0.8751219512195122
Joint,Joint corpus,+ Stop words (SW),"vectorizers,read,oov,sw",SVC,6,5,0.9190243902439025
Joint,Joint corpus,+ Traditional features (TRAD),"vectorizers,read,oov,sw,trad",MNB,1,1,0.8586744639376218
Joint,Joint corpus,+ Traditional features (TRAD),"vectorizers,read,oov,sw,trad",LR,1,1,0.9200779727095516
Joint,Joint corpus,+ Traditional features (TRAD),"vectorizers,read,oov,sw,trad",RF,1,1,0.898635477582846
Joint,Joint corpus,+ Traditional features (TRAD),"vectorizers,read,oov,sw,trad",SVC,1,1,0.9249512670565302
Joint,Joint corpus,+ Traditional features (TRAD),"vectorizers,read,oov,sw,trad",MNB,1,2,0.8362573099415205
Joint,Joint corpus,+ Traditional features (TRAD),"vectorizers,read,oov,sw,trad",LR,1,2,0.905458089668616
Joint,Joint corpus,+ Traditional features (TRAD),"vectorizers,read,oov,sw,trad",RF,1,2,0.8567251461988304
Joint,Joint corpus,+ Traditional features (TRAD),"vectorizers,read,oov,sw,trad",SVC,1,2,0.9103313840155945
Joint,Joint corpus,+ Traditional features (TRAD),"vectorizers,read,oov,sw,trad",MNB,1,3,0.8615984405458089
Joint,Joint corpus,+ Traditional features (TRAD),"vectorizers,read,oov,sw,trad",LR,1,3,0.9317738791423001
Joint,Joint corpus,+ Traditional features (TRAD),"vectorizers,read,oov,sw,trad",RF,1,3,0.898635477582846
Joint,Joint corpus,+ Traditional features (TRAD),"vectorizers,read,oov,sw,trad",SVC,1,3,0.9230019493177388
Joint,Joint corpus,+ Traditional features (TRAD),"vectorizers,read,oov,sw,trad",MNB,1,4,0.8606237816764133
Joint,Joint corpus,+ Traditional features (TRAD),"vectorizers,read,oov,sw,trad",LR,1,4,0.928849902534113
Joint,Joint corpus,+ Traditional features (TRAD),"vectorizers,read,oov,sw,trad",RF,1,4,0.9113060428849903
Joint,Joint corpus,+ Traditional features (TRAD),"vectorizers,read,oov,sw,trad",SVC,1,4,0.9278752436647173
Joint,Joint corpus,+ Traditional features (TRAD),"vectorizers,read,oov,sw,trad",MNB,1,5,0.8165853658536585
Joint,Joint corpus,+ Traditional features (TRAD),"vectorizers,read,oov,sw,trad",LR,1,5,0.9278048780487805
Joint,Joint corpus,+ Traditional features (TRAD),"vectorizers,read,oov,sw,trad",RF,1,5,0.8731707317073171
Joint,Joint corpus,+ Traditional features (TRAD),"vectorizers,read,oov,sw,trad",SVC,1,5,0.9326829268292683
Joint,Joint corpus,+ Traditional features (TRAD),"vectorizers,read,oov,sw,trad",MNB,2,1,0.8411306042884991
Joint,Joint corpus,+ Traditional features (TRAD),"vectorizers,read,oov,sw,trad",LR,2,1,0.9239766081871345
Joint,Joint corpus,+ Traditional features (TRAD),"vectorizers,read,oov,sw,trad",RF,2,1,0.8966861598440545
Joint,Joint corpus,+ Traditional features (TRAD),"vectorizers,read,oov,sw,trad",SVC,2,1,0.9249512670565302
Joint,Joint corpus,+ Traditional features (TRAD),"vectorizers,read,oov,sw,trad",MNB,2,2,0.8508771929824561
Joint,Joint corpus,+ Traditional features (TRAD),"vectorizers,read,oov,sw,trad",LR,2,2,0.9181286549707602
Joint,Joint corpus,+ Traditional features (TRAD),"vectorizers,read,oov,sw,trad",RF,2,2,0.8918128654970761
Joint,Joint corpus,+ Traditional features (TRAD),"vectorizers,read,oov,sw,trad",SVC,2,2,0.9220272904483431
Joint,Joint corpus,+ Traditional features (TRAD),"vectorizers,read,oov,sw,trad",MNB,2,3,0.8762183235867447
Joint,Joint corpus,+ Traditional features (TRAD),"vectorizers,read,oov,sw,trad",LR,2,3,0.928849902534113
Joint,Joint corpus,+ Traditional features (TRAD),"vectorizers,read,oov,sw,trad",RF,2,3,0.9005847953216374
Joint,Joint corpus,+ Traditional features (TRAD),"vectorizers,read,oov,sw,trad",SVC,2,3,0.9269005847953217
Joint,Joint corpus,+ Traditional features (TRAD),"vectorizers,read,oov,sw,trad",MNB,2,4,0.8352826510721247
Joint,Joint corpus,+ Traditional features (TRAD),"vectorizers,read,oov,sw,trad",LR,2,4,0.928849902534113
Joint,Joint corpus,+ Traditional features (TRAD),"vectorizers,read,oov,sw,trad",RF,2,4,0.8869395711500975
Joint,Joint corpus,+ Traditional features (TRAD),"vectorizers,read,oov,sw,trad",SVC,2,4,0.9249512670565302
Joint,Joint corpus,+ Traditional features (TRAD),"vectorizers,read,oov,sw,trad",MNB,2,5,0.8321951219512195
Joint,Joint corpus,+ Traditional features (TRAD),"vectorizers,read,oov,sw,trad",LR,2,5,0.92
Joint,Joint corpus,+ Traditional features (TRAD),"vectorizers,read,oov,sw,trad",RF,2,5,0.8936585365853659
Joint,Joint corpus,+ Traditional features (TRAD),"vectorizers,read,oov,sw,trad",SVC,2,5,0.9190243902439025
Joint,Joint corpus,+ Traditional features (TRAD),"vectorizers,read,oov,sw,trad",MNB,3,1,0.8372319688109162
Joint,Joint corpus,+ Traditional features (TRAD),"vectorizers,read,oov,sw,trad",LR,3,1,0.9259259259259259
Joint,Joint corpus,+ Traditional features (TRAD),"vectorizers,read,oov,sw,trad",RF,3,1,0.8830409356725146
Joint,Joint corpus,+ Traditional features (TRAD),"vectorizers,read,oov,sw,trad",SVC,3,1,0.9239766081871345
Joint,Joint corpus,+ Traditional features (TRAD),"vectorizers,read,oov,sw,trad",MNB,3,2,0.8382066276803118
Joint,Joint corpus,+ Traditional features (TRAD),"vectorizers,read,oov,sw,trad",LR,3,2,0.9220272904483431
Joint,Joint corpus,+ Traditional features (TRAD),"vectorizers,read,oov,sw,trad",RF,3,2,0.8888888888888888
Joint,Joint corpus,+ Traditional features (TRAD),"vectorizers,read,oov,sw,trad",SVC,3,2,0.9181286549707602
Joint,Joint corpus,+ Traditional features (TRAD),"vectorizers,read,oov,sw,trad",MNB,3,3,0.8654970760233918
Joint,Joint corpus,+ Traditional features (TRAD),"vectorizers,read,oov,sw,trad",LR,3,3,0.928849902534113
Joint,Joint corpus,+ Traditional features (TRAD),"vectorizers,read,oov,sw,trad",RF,3,3,0.8966861598440545
Joint,Joint corpus,+ Traditional features (TRAD),"vectorizers,read,oov,sw,trad",SVC,3,3,0.9239766081871345
Joint,Joint corpus,+ Traditional features (TRAD),"vectorizers,read,oov,sw,trad",MNB,3,4,0.8518518518518519
Joint,Joint corpus,+ Traditional features (TRAD),"vectorizers,read,oov,sw,trad",LR,3,4,0.9230019493177388
Joint,Joint corpus,+ Traditional features (TRAD),"vectorizers,read,oov,sw,trad",RF,3,4,0.8908382066276803
Joint,Joint corpus,+ Traditional features (TRAD),"vectorizers,read,oov,sw,trad",SVC,3,4,0.9239766081871345
Joint,Joint corpus,+ Traditional features (TRAD),"vectorizers,read,oov,sw,trad",MNB,3,5,0.8478048780487805
Joint,Joint corpus,+ Traditional features (TRAD),"vectorizers,read,oov,sw,trad",LR,3,5,0.9151219512195122
Joint,Joint corpus,+ Traditional features (TRAD),"vectorizers,read,oov,sw,trad",RF,3,5,0.8965853658536586
Joint,Joint corpus,+ Traditional features (TRAD),"vectorizers,read,oov,sw,trad",SVC,3,5,0.9258536585365854
Joint,Joint corpus,+ Traditional features (TRAD),"vectorizers,read,oov,sw,trad",MNB,4,1,0.8499025341130604
Joint,Joint corpus,+ Traditional features (TRAD),"vectorizers,read,oov,sw,trad",LR,4,1,0.9278752436647173
Joint,Joint corpus,+ Traditional features (TRAD),"vectorizers,read,oov,sw,trad",RF,4,1,0.9005847953216374
Joint,Joint corpus,+ Traditional features (TRAD),"vectorizers,read,oov,sw,trad",SVC,4,1,0.9249512670565302
Joint,Joint corpus,+ Traditional features (TRAD),"vectorizers,read,oov,sw,trad",MNB,4,2,0.854775828460039
Joint,Joint corpus,+ Traditional features (TRAD),"vectorizers,read,oov,sw,trad",LR,4,2,0.9239766081871345
Joint,Joint corpus,+ Traditional features (TRAD),"vectorizers,read,oov,sw,trad",RF,4,2,0.884990253411306
Joint,Joint corpus,+ Traditional features (TRAD),"vectorizers,read,oov,sw,trad",SVC,4,2,0.9249512670565302
Joint,Joint corpus,+ Traditional features (TRAD),"vectorizers,read,oov,sw,trad",MNB,4,3,0.8372319688109162
Joint,Joint corpus,+ Traditional features (TRAD),"vectorizers,read,oov,sw,trad",LR,4,3,0.9395711500974658
Joint,Joint corpus,+ Traditional features (TRAD),"vectorizers,read,oov,sw,trad",RF,4,3,0.8996101364522417
Joint,Joint corpus,+ Traditional features (TRAD),"vectorizers,read,oov,sw,trad",SVC,4,3,0.9366471734892787
Joint,Joint corpus,+ Traditional features (TRAD),"vectorizers,read,oov,sw,trad",MNB,4,4,0.8469785575048733
Joint,Joint corpus,+ Traditional features (TRAD),"vectorizers,read,oov,sw,trad",LR,4,4,0.9064327485380117
Joint,Joint corpus,+ Traditional features (TRAD),"vectorizers,read,oov,sw,trad",RF,4,4,0.8820662768031189
Joint,Joint corpus,+ Traditional features (TRAD),"vectorizers,read,oov,sw,trad",SVC,4,4,0.9142300194931774
Joint,Joint corpus,+ Traditional features (TRAD),"vectorizers,read,oov,sw,trad",MNB,4,5,0.8497560975609756
Joint,Joint corpus,+ Traditional features (TRAD),"vectorizers,read,oov,sw,trad",LR,4,5,0.92
Joint,Joint corpus,+ Traditional features (TRAD),"vectorizers,read,oov,sw,trad",RF,4,5,0.8946341463414634
Joint,Joint corpus,+ Traditional features (TRAD),"vectorizers,read,oov,sw,trad",SVC,4,5,0.9190243902439025
Joint,Joint corpus,+ Traditional features (TRAD),"vectorizers,read,oov,sw,trad",MNB,5,1,0.8645224171539961
Joint,Joint corpus,+ Traditional features (TRAD),"vectorizers,read,oov,sw,trad",LR,5,1,0.9463937621832359
Joint,Joint corpus,+ Traditional features (TRAD),"vectorizers,read,oov,sw,trad",RF,5,1,0.9161793372319688
Joint,Joint corpus,+ Traditional features (TRAD),"vectorizers,read,oov,sw,trad",SVC,5,1,0.9483430799220273
Joint,Joint corpus,+ Traditional features (TRAD),"vectorizers,read,oov,sw,trad",MNB,5,2,0.8499025341130604
Joint,Joint corpus,+ Traditional features (TRAD),"vectorizers,read,oov,sw,trad",LR,5,2,0.9307992202729045
Joint,Joint corpus,+ Traditional features (TRAD),"vectorizers,read,oov,sw,trad",RF,5,2,0.8996101364522417
Joint,Joint corpus,+ Traditional features (TRAD),"vectorizers,read,oov,sw,trad",SVC,5,2,0.9239766081871345
Joint,Joint corpus,+ Traditional features (TRAD),"vectorizers,read,oov,sw,trad",MNB,5,3,0.8430799220272904
Joint,Joint corpus,+ Traditional features (TRAD),"vectorizers,read,oov,sw,trad",LR,5,3,0.9171539961013645
Joint,Joint corpus,+ Traditional features (TRAD),"vectorizers,read,oov,sw,trad",RF,5,3,0.8762183235867447
Joint,Joint corpus,+ Traditional features (TRAD),"vectorizers,read,oov,sw,trad",SVC,5,3,0.9171539961013645
Joint,Joint corpus,+ Traditional features (TRAD),"vectorizers,read,oov,sw,trad",MNB,5,4,0.8411306042884991
Joint,Joint corpus,+ Traditional features (TRAD),"vectorizers,read,oov,sw,trad",LR,5,4,0.919103313840156
Joint,Joint corpus,+ Traditional features (TRAD),"vectorizers,read,oov,sw,trad",RF,5,4,0.8859649122807017
Joint,Joint corpus,+ Traditional features (TRAD),"vectorizers,read,oov,sw,trad",SVC,5,4,0.9171539961013645
Joint,Joint corpus,+ Traditional features (TRAD),"vectorizers,read,oov,sw,trad",MNB,5,5,0.8439024390243902
Joint,Joint corpus,+ Traditional features (TRAD),"vectorizers,read,oov,sw,trad",LR,5,5,0.9102439024390244
Joint,Joint corpus,+ Traditional features (TRAD),"vectorizers,read,oov,sw,trad",RF,5,5,0.8809756097560976
Joint,Joint corpus,+ Traditional features (TRAD),"vectorizers,read,oov,sw,trad",SVC,5,5,0.9082926829268293
Joint,Joint corpus,+ Traditional features (TRAD),"vectorizers,read,oov,sw,trad",MNB,6,1,0.8450292397660819
Joint,Joint corpus,+ Traditional features (TRAD),"vectorizers,read,oov,sw,trad",LR,6,1,0.9220272904483431
Joint,Joint corpus,+ Traditional features (TRAD),"vectorizers,read,oov,sw,trad",RF,6,1,0.8957115009746589
Joint,Joint corpus,+ Traditional features (TRAD),"vectorizers,read,oov,sw,trad",SVC,6,1,0.9230019493177388
Joint,Joint corpus,+ Traditional features (TRAD),"vectorizers,read,oov,sw,trad",MNB,6,2,0.8723196881091618
Joint,Joint corpus,+ Traditional features (TRAD),"vectorizers,read,oov,sw,trad",LR,6,2,0.9298245614035088
Joint,Joint corpus,+ Traditional features (TRAD),"vectorizers,read,oov,sw,trad",RF,6,2,0.8966861598440545
Joint,Joint corpus,+ Traditional features (TRAD),"vectorizers,read,oov,sw,trad",SVC,6,2,0.9269005847953217
Joint,Joint corpus,+ Traditional features (TRAD),"vectorizers,read,oov,sw,trad",MNB,6,3,0.8489278752436648
Joint,Joint corpus,+ Traditional features (TRAD),"vectorizers,read,oov,sw,trad",LR,6,3,0.919103313840156
Joint,Joint corpus,+ Traditional features (TRAD),"vectorizers,read,oov,sw,trad",RF,6,3,0.8898635477582846
Joint,Joint corpus,+ Traditional features (TRAD),"vectorizers,read,oov,sw,trad",SVC,6,3,0.9113060428849903
Joint,Joint corpus,+ Traditional features (TRAD),"vectorizers,read,oov,sw,trad",MNB,6,4,0.8372319688109162
Joint,Joint corpus,+ Traditional features (TRAD),"vectorizers,read,oov,sw,trad",LR,6,4,0.9317738791423001
Joint,Joint corpus,+ Traditional features (TRAD),"vectorizers,read,oov,sw,trad",RF,6,4,0.905458089668616
Joint,Joint corpus,+ Traditional features (TRAD),"vectorizers,read,oov,sw,trad",SVC,6,4,0.9376218323586745
Joint,Joint corpus,+ Traditional features (TRAD),"vectorizers,read,oov,sw,trad",MNB,6,5,0.824390243902439
Joint,Joint corpus,+ Traditional features (TRAD),"vectorizers,read,oov,sw,trad",LR,6,5,0.9190243902439025
Joint,Joint corpus,+ Traditional features (TRAD),"vectorizers,read,oov,sw,trad",RF,6,5,0.8702439024390244
Joint,Joint corpus,+ Traditional features (TRAD),"vectorizers,read,oov,sw,trad",SVC,6,5,0.9219512195121952
Joint,Joint corpus,+ Syllabic features (SYLL),"vectorizers,read,oov,sw,trad,syll",MNB,1,1,0.8625730994152047
Joint,Joint corpus,+ Syllabic features (SYLL),"vectorizers,read,oov,sw,trad,syll",LR,1,1,0.9200779727095516
Joint,Joint corpus,+ Syllabic features (SYLL),"vectorizers,read,oov,sw,trad,syll",RF,1,1,0.8947368421052632
Joint,Joint corpus,+ Syllabic features (SYLL),"vectorizers,read,oov,sw,trad,syll",SVC,1,1,0.9249512670565302
Joint,Joint corpus,+ Syllabic features (SYLL),"vectorizers,read,oov,sw,trad,syll",MNB,1,2,0.8391812865497076
Joint,Joint corpus,+ Syllabic features (SYLL),"vectorizers,read,oov,sw,trad,syll",LR,1,2,0.9064327485380117
Joint,Joint corpus,+ Syllabic features (SYLL),"vectorizers,read,oov,sw,trad,syll",RF,1,2,0.8703703703703703
Joint,Joint corpus,+ Syllabic features (SYLL),"vectorizers,read,oov,sw,trad,syll",SVC,1,2,0.9103313840155945
Joint,Joint corpus,+ Syllabic features (SYLL),"vectorizers,read,oov,sw,trad,syll",MNB,1,3,0.868421052631579
Joint,Joint corpus,+ Syllabic features (SYLL),"vectorizers,read,oov,sw,trad,syll",LR,1,3,0.9307992202729045
Joint,Joint corpus,+ Syllabic features (SYLL),"vectorizers,read,oov,sw,trad,syll",RF,1,3,0.9074074074074074
Joint,Joint corpus,+ Syllabic features (SYLL),"vectorizers,read,oov,sw,trad,syll",SVC,1,3,0.9239766081871345
Joint,Joint corpus,+ Syllabic features (SYLL),"vectorizers,read,oov,sw,trad,syll",MNB,1,4,0.8654970760233918
Joint,Joint corpus,+ Syllabic features (SYLL),"vectorizers,read,oov,sw,trad,syll",LR,1,4,0.9298245614035088
Joint,Joint corpus,+ Syllabic features (SYLL),"vectorizers,read,oov,sw,trad,syll",RF,1,4,0.9064327485380117
Joint,Joint corpus,+ Syllabic features (SYLL),"vectorizers,read,oov,sw,trad,syll",SVC,1,4,0.928849902534113
Joint,Joint corpus,+ Syllabic features (SYLL),"vectorizers,read,oov,sw,trad,syll",MNB,1,5,0.824390243902439
Joint,Joint corpus,+ Syllabic features (SYLL),"vectorizers,read,oov,sw,trad,syll",LR,1,5,0.926829268292683
Joint,Joint corpus,+ Syllabic features (SYLL),"vectorizers,read,oov,sw,trad,syll",RF,1,5,0.8702439024390244
Joint,Joint corpus,+ Syllabic features (SYLL),"vectorizers,read,oov,sw,trad,syll",SVC,1,5,0.9326829268292683
Joint,Joint corpus,+ Syllabic features (SYLL),"vectorizers,read,oov,sw,trad,syll",MNB,2,1,0.8460038986354775
Joint,Joint corpus,+ Syllabic features (SYLL),"vectorizers,read,oov,sw,trad,syll",LR,2,1,0.9239766081871345
Joint,Joint corpus,+ Syllabic features (SYLL),"vectorizers,read,oov,sw,trad,syll",RF,2,1,0.8918128654970761
Joint,Joint corpus,+ Syllabic features (SYLL),"vectorizers,read,oov,sw,trad,syll",SVC,2,1,0.9249512670565302
Joint,Joint corpus,+ Syllabic features (SYLL),"vectorizers,read,oov,sw,trad,syll",MNB,2,2,0.8567251461988304
Joint,Joint corpus,+ Syllabic features (SYLL),"vectorizers,read,oov,sw,trad,syll",LR,2,2,0.9181286549707602
Joint,Joint corpus,+ Syllabic features (SYLL),"vectorizers,read,oov,sw,trad,syll",RF,2,2,0.8898635477582846
Joint,Joint corpus,+ Syllabic features (SYLL),"vectorizers,read,oov,sw,trad,syll",SVC,2,2,0.9220272904483431
Joint,Joint corpus,+ Syllabic features (SYLL),"vectorizers,read,oov,sw,trad,syll",MNB,2,3,0.8840155945419104
Joint,Joint corpus,+ Syllabic features (SYLL),"vectorizers,read,oov,sw,trad,syll",LR,2,3,0.928849902534113
Joint,Joint corpus,+ Syllabic features (SYLL),"vectorizers,read,oov,sw,trad,syll",RF,2,3,0.8976608187134503
Joint,Joint corpus,+ Syllabic features (SYLL),"vectorizers,read,oov,sw,trad,syll",SVC,2,3,0.9278752436647173
Joint,Joint corpus,+ Syllabic features (SYLL),"vectorizers,read,oov,sw,trad,syll",MNB,2,4,0.8430799220272904
Joint,Joint corpus,+ Syllabic features (SYLL),"vectorizers,read,oov,sw,trad,syll",LR,2,4,0.928849902534113
Joint,Joint corpus,+ Syllabic features (SYLL),"vectorizers,read,oov,sw,trad,syll",RF,2,4,0.8918128654970761
Joint,Joint corpus,+ Syllabic features (SYLL),"vectorizers,read,oov,sw,trad,syll",SVC,2,4,0.9249512670565302
Joint,Joint corpus,+ Syllabic features (SYLL),"vectorizers,read,oov,sw,trad,syll",MNB,2,5,0.8341463414634146
Joint,Joint corpus,+ Syllabic features (SYLL),"vectorizers,read,oov,sw,trad,syll",LR,2,5,0.9209756097560976
Joint,Joint corpus,+ Syllabic features (SYLL),"vectorizers,read,oov,sw,trad,syll",RF,2,5,0.8887804878048781
Joint,Joint corpus,+ Syllabic features (SYLL),"vectorizers,read,oov,sw,trad,syll",SVC,2,5,0.9190243902439025
Joint,Joint corpus,+ Syllabic features (SYLL),"vectorizers,read,oov,sw,trad,syll",MNB,3,1,0.8460038986354775
Joint,Joint corpus,+ Syllabic features (SYLL),"vectorizers,read,oov,sw,trad,syll",LR,3,1,0.9259259259259259
Joint,Joint corpus,+ Syllabic features (SYLL),"vectorizers,read,oov,sw,trad,syll",RF,3,1,0.8869395711500975
Joint,Joint corpus,+ Syllabic features (SYLL),"vectorizers,read,oov,sw,trad,syll",SVC,3,1,0.9239766081871345
Joint,Joint corpus,+ Syllabic features (SYLL),"vectorizers,read,oov,sw,trad,syll",MNB,3,2,0.8421052631578947
Joint,Joint corpus,+ Syllabic features (SYLL),"vectorizers,read,oov,sw,trad,syll",LR,3,2,0.9210526315789473
Joint,Joint corpus,+ Syllabic features (SYLL),"vectorizers,read,oov,sw,trad,syll",RF,3,2,0.8859649122807017
Joint,Joint corpus,+ Syllabic features (SYLL),"vectorizers,read,oov,sw,trad,syll",SVC,3,2,0.9181286549707602
Joint,Joint corpus,+ Syllabic features (SYLL),"vectorizers,read,oov,sw,trad,syll",MNB,3,3,0.8703703703703703
Joint,Joint corpus,+ Syllabic features (SYLL),"vectorizers,read,oov,sw,trad,syll",LR,3,3,0.928849902534113
Joint,Joint corpus,+ Syllabic features (SYLL),"vectorizers,read,oov,sw,trad,syll",RF,3,3,0.9035087719298246
Joint,Joint corpus,+ Syllabic features (SYLL),"vectorizers,read,oov,sw,trad,syll",SVC,3,3,0.9230019493177388
Joint,Joint corpus,+ Syllabic features (SYLL),"vectorizers,read,oov,sw,trad,syll",MNB,3,4,0.8538011695906432
Joint,Joint corpus,+ Syllabic features (SYLL),"vectorizers,read,oov,sw,trad,syll",LR,3,4,0.9230019493177388
Joint,Joint corpus,+ Syllabic features (SYLL),"vectorizers,read,oov,sw,trad,syll",RF,3,4,0.8908382066276803
Joint,Joint corpus,+ Syllabic features (SYLL),"vectorizers,read,oov,sw,trad,syll",SVC,3,4,0.9239766081871345
Joint,Joint corpus,+ Syllabic features (SYLL),"vectorizers,read,oov,sw,trad,syll",MNB,3,5,0.8478048780487805
Joint,Joint corpus,+ Syllabic features (SYLL),"vectorizers,read,oov,sw,trad,syll",LR,3,5,0.9151219512195122
Joint,Joint corpus,+ Syllabic features (SYLL),"vectorizers,read,oov,sw,trad,syll",RF,3,5,0.8946341463414634
Joint,Joint corpus,+ Syllabic features (SYLL),"vectorizers,read,oov,sw,trad,syll",SVC,3,5,0.9248780487804878
Joint,Joint corpus,+ Syllabic features (SYLL),"vectorizers,read,oov,sw,trad,syll",MNB,4,1,0.8586744639376218
Joint,Joint corpus,+ Syllabic features (SYLL),"vectorizers,read,oov,sw,trad,syll",LR,4,1,0.9278752436647173
Joint,Joint corpus,+ Syllabic features (SYLL),"vectorizers,read,oov,sw,trad,syll",RF,4,1,0.9025341130604289
Joint,Joint corpus,+ Syllabic features (SYLL),"vectorizers,read,oov,sw,trad,syll",SVC,4,1,0.9249512670565302
Joint,Joint corpus,+ Syllabic features (SYLL),"vectorizers,read,oov,sw,trad,syll",MNB,4,2,0.854775828460039
Joint,Joint corpus,+ Syllabic features (SYLL),"vectorizers,read,oov,sw,trad,syll",LR,4,2,0.9249512670565302
Joint,Joint corpus,+ Syllabic features (SYLL),"vectorizers,read,oov,sw,trad,syll",RF,4,2,0.8918128654970761
Joint,Joint corpus,+ Syllabic features (SYLL),"vectorizers,read,oov,sw,trad,syll",SVC,4,2,0.9269005847953217
Joint,Joint corpus,+ Syllabic features (SYLL),"vectorizers,read,oov,sw,trad,syll",MNB,4,3,0.8469785575048733
Joint,Joint corpus,+ Syllabic features (SYLL),"vectorizers,read,oov,sw,trad,syll",LR,4,3,0.9385964912280702
Joint,Joint corpus,+ Syllabic features (SYLL),"vectorizers,read,oov,sw,trad,syll",RF,4,3,0.9015594541910331
Joint,Joint corpus,+ Syllabic features (SYLL),"vectorizers,read,oov,sw,trad,syll",SVC,4,3,0.9385964912280702
Joint,Joint corpus,+ Syllabic features (SYLL),"vectorizers,read,oov,sw,trad,syll",MNB,4,4,0.847953216374269
Joint,Joint corpus,+ Syllabic features (SYLL),"vectorizers,read,oov,sw,trad,syll",LR,4,4,0.905458089668616
Joint,Joint corpus,+ Syllabic features (SYLL),"vectorizers,read,oov,sw,trad,syll",RF,4,4,0.8713450292397661
Joint,Joint corpus,+ Syllabic features (SYLL),"vectorizers,read,oov,sw,trad,syll",SVC,4,4,0.9152046783625731
Joint,Joint corpus,+ Syllabic features (SYLL),"vectorizers,read,oov,sw,trad,syll",MNB,4,5,0.8536585365853658
Joint,Joint corpus,+ Syllabic features (SYLL),"vectorizers,read,oov,sw,trad,syll",LR,4,5,0.92
Joint,Joint corpus,+ Syllabic features (SYLL),"vectorizers,read,oov,sw,trad,syll",RF,4,5,0.8985365853658537
Joint,Joint corpus,+ Syllabic features (SYLL),"vectorizers,read,oov,sw,trad,syll",SVC,4,5,0.9180487804878049
Joint,Joint corpus,+ Syllabic features (SYLL),"vectorizers,read,oov,sw,trad,syll",MNB,5,1,0.8674463937621832
Joint,Joint corpus,+ Syllabic features (SYLL),"vectorizers,read,oov,sw,trad,syll",LR,5,1,0.9463937621832359
Joint,Joint corpus,+ Syllabic features (SYLL),"vectorizers,read,oov,sw,trad,syll",RF,5,1,0.9083820662768031
Joint,Joint corpus,+ Syllabic features (SYLL),"vectorizers,read,oov,sw,trad,syll",SVC,5,1,0.9483430799220273
Joint,Joint corpus,+ Syllabic features (SYLL),"vectorizers,read,oov,sw,trad,syll",MNB,5,2,0.8586744639376218
Joint,Joint corpus,+ Syllabic features (SYLL),"vectorizers,read,oov,sw,trad,syll",LR,5,2,0.9298245614035088
Joint,Joint corpus,+ Syllabic features (SYLL),"vectorizers,read,oov,sw,trad,syll",RF,5,2,0.8957115009746589
Joint,Joint corpus,+ Syllabic features (SYLL),"vectorizers,read,oov,sw,trad,syll",SVC,5,2,0.9239766081871345
Joint,Joint corpus,+ Syllabic features (SYLL),"vectorizers,read,oov,sw,trad,syll",MNB,5,3,0.8469785575048733
Joint,Joint corpus,+ Syllabic features (SYLL),"vectorizers,read,oov,sw,trad,syll",LR,5,3,0.9181286549707602
Joint,Joint corpus,+ Syllabic features (SYLL),"vectorizers,read,oov,sw,trad,syll",RF,5,3,0.878167641325536
Joint,Joint corpus,+ Syllabic features (SYLL),"vectorizers,read,oov,sw,trad,syll",SVC,5,3,0.919103313840156
Joint,Joint corpus,+ Syllabic features (SYLL),"vectorizers,read,oov,sw,trad,syll",MNB,5,4,0.8469785575048733
Joint,Joint corpus,+ Syllabic features (SYLL),"vectorizers,read,oov,sw,trad,syll",LR,5,4,0.9181286549707602
Joint,Joint corpus,+ Syllabic features (SYLL),"vectorizers,read,oov,sw,trad,syll",RF,5,4,0.8918128654970761
Joint,Joint corpus,+ Syllabic features (SYLL),"vectorizers,read,oov,sw,trad,syll",SVC,5,4,0.9171539961013645
Joint,Joint corpus,+ Syllabic features (SYLL),"vectorizers,read,oov,sw,trad,syll",MNB,5,5,0.8419512195121951
Joint,Joint corpus,+ Syllabic features (SYLL),"vectorizers,read,oov,sw,trad,syll",LR,5,5,0.911219512195122
Joint,Joint corpus,+ Syllabic features (SYLL),"vectorizers,read,oov,sw,trad,syll",RF,5,5,0.8770731707317073
Joint,Joint corpus,+ Syllabic features (SYLL),"vectorizers,read,oov,sw,trad,syll",SVC,5,5,0.9082926829268293
Joint,Joint corpus,+ Syllabic features (SYLL),"vectorizers,read,oov,sw,trad,syll",MNB,6,1,0.854775828460039
Joint,Joint corpus,+ Syllabic features (SYLL),"vectorizers,read,oov,sw,trad,syll",LR,6,1,0.9220272904483431
Joint,Joint corpus,+ Syllabic features (SYLL),"vectorizers,read,oov,sw,trad,syll",RF,6,1,0.8927875243664717
Joint,Joint corpus,+ Syllabic features (SYLL),"vectorizers,read,oov,sw,trad,syll",SVC,6,1,0.9200779727095516
Joint,Joint corpus,+ Syllabic features (SYLL),"vectorizers,read,oov,sw,trad,syll",MNB,6,2,0.8732943469785575
Joint,Joint corpus,+ Syllabic features (SYLL),"vectorizers,read,oov,sw,trad,syll",LR,6,2,0.9298245614035088
Joint,Joint corpus,+ Syllabic features (SYLL),"vectorizers,read,oov,sw,trad,syll",RF,6,2,0.8947368421052632
Joint,Joint corpus,+ Syllabic features (SYLL),"vectorizers,read,oov,sw,trad,syll",SVC,6,2,0.9249512670565302
Joint,Joint corpus,+ Syllabic features (SYLL),"vectorizers,read,oov,sw,trad,syll",MNB,6,3,0.8576998050682261
Joint,Joint corpus,+ Syllabic features (SYLL),"vectorizers,read,oov,sw,trad,syll",LR,6,3,0.919103313840156
Joint,Joint corpus,+ Syllabic features (SYLL),"vectorizers,read,oov,sw,trad,syll",RF,6,3,0.8976608187134503
Joint,Joint corpus,+ Syllabic features (SYLL),"vectorizers,read,oov,sw,trad,syll",SVC,6,3,0.9103313840155945
Joint,Joint corpus,+ Syllabic features (SYLL),"vectorizers,read,oov,sw,trad,syll",MNB,6,4,0.847953216374269
Joint,Joint corpus,+ Syllabic features (SYLL),"vectorizers,read,oov,sw,trad,syll",LR,6,4,0.9317738791423001
Joint,Joint corpus,+ Syllabic features (SYLL),"vectorizers,read,oov,sw,trad,syll",RF,6,4,0.905458089668616
Joint,Joint corpus,+ Syllabic features (SYLL),"vectorizers,read,oov,sw,trad,syll",SVC,6,4,0.9376218323586745
Joint,Joint corpus,+ Syllabic features (SYLL),"vectorizers,read,oov,sw,trad,syll",MNB,6,5,0.8263414634146341
Joint,Joint corpus,+ Syllabic features (SYLL),"vectorizers,read,oov,sw,trad,syll",LR,6,5,0.9180487804878049
Joint,Joint corpus,+ Syllabic features (SYLL),"vectorizers,read,oov,sw,trad,syll",RF,6,5,0.8751219512195122
Joint,Joint corpus,+ Syllabic features (SYLL),"vectorizers,read,oov,sw,trad,syll",SVC,6,5,0.9219512195121952
Joint,Joint corpus,+ Lexical features (LEX),"vectorizers,read,oov,sw,trad,syll,lex",MNB,1,1,0.8645224171539961
Joint,Joint corpus,+ Lexical features (LEX),"vectorizers,read,oov,sw,trad,syll,lex",LR,1,1,0.9200779727095516
Joint,Joint corpus,+ Lexical features (LEX),"vectorizers,read,oov,sw,trad,syll,lex",RF,1,1,0.8918128654970761
Joint,Joint corpus,+ Lexical features (LEX),"vectorizers,read,oov,sw,trad,syll,lex",SVC,1,1,0.9259259259259259
Joint,Joint corpus,+ Lexical features (LEX),"vectorizers,read,oov,sw,trad,syll,lex",MNB,1,2,0.8411306042884991
Joint,Joint corpus,+ Lexical features (LEX),"vectorizers,read,oov,sw,trad,syll,lex",LR,1,2,0.9064327485380117
Joint,Joint corpus,+ Lexical features (LEX),"vectorizers,read,oov,sw,trad,syll,lex",RF,1,2,0.8713450292397661
Joint,Joint corpus,+ Lexical features (LEX),"vectorizers,read,oov,sw,trad,syll,lex",SVC,1,2,0.9083820662768031
Joint,Joint corpus,+ Lexical features (LEX),"vectorizers,read,oov,sw,trad,syll,lex",MNB,1,3,0.8771929824561403
Joint,Joint corpus,+ Lexical features (LEX),"vectorizers,read,oov,sw,trad,syll,lex",LR,1,3,0.928849902534113
Joint,Joint corpus,+ Lexical features (LEX),"vectorizers,read,oov,sw,trad,syll,lex",RF,1,3,0.9005847953216374
Joint,Joint corpus,+ Lexical features (LEX),"vectorizers,read,oov,sw,trad,syll,lex",SVC,1,3,0.9278752436647173
Joint,Joint corpus,+ Lexical features (LEX),"vectorizers,read,oov,sw,trad,syll,lex",MNB,1,4,0.868421052631579
Joint,Joint corpus,+ Lexical features (LEX),"vectorizers,read,oov,sw,trad,syll,lex",LR,1,4,0.9307992202729045
Joint,Joint corpus,+ Lexical features (LEX),"vectorizers,read,oov,sw,trad,syll,lex",RF,1,4,0.9093567251461988
Joint,Joint corpus,+ Lexical features (LEX),"vectorizers,read,oov,sw,trad,syll,lex",SVC,1,4,0.9269005847953217
Joint,Joint corpus,+ Lexical features (LEX),"vectorizers,read,oov,sw,trad,syll,lex",MNB,1,5,0.8312195121951219
Joint,Joint corpus,+ Lexical features (LEX),"vectorizers,read,oov,sw,trad,syll,lex",LR,1,5,0.926829268292683
Joint,Joint corpus,+ Lexical features (LEX),"vectorizers,read,oov,sw,trad,syll,lex",RF,1,5,0.8839024390243903
Joint,Joint corpus,+ Lexical features (LEX),"vectorizers,read,oov,sw,trad,syll,lex",SVC,1,5,0.9258536585365854
Joint,Joint corpus,+ Lexical features (LEX),"vectorizers,read,oov,sw,trad,syll,lex",MNB,2,1,0.8508771929824561
Joint,Joint corpus,+ Lexical features (LEX),"vectorizers,read,oov,sw,trad,syll,lex",LR,2,1,0.9210526315789473
Joint,Joint corpus,+ Lexical features (LEX),"vectorizers,read,oov,sw,trad,syll,lex",RF,2,1,0.8879142300194932
Joint,Joint corpus,+ Lexical features (LEX),"vectorizers,read,oov,sw,trad,syll,lex",SVC,2,1,0.9278752436647173
Joint,Joint corpus,+ Lexical features (LEX),"vectorizers,read,oov,sw,trad,syll,lex",MNB,2,2,0.8606237816764133
Joint,Joint corpus,+ Lexical features (LEX),"vectorizers,read,oov,sw,trad,syll,lex",LR,2,2,0.9181286549707602
Joint,Joint corpus,+ Lexical features (LEX),"vectorizers,read,oov,sw,trad,syll,lex",RF,2,2,0.8859649122807017
Joint,Joint corpus,+ Lexical features (LEX),"vectorizers,read,oov,sw,trad,syll,lex",SVC,2,2,0.9220272904483431
Joint,Joint corpus,+ Lexical features (LEX),"vectorizers,read,oov,sw,trad,syll,lex",MNB,2,3,0.8830409356725146
Joint,Joint corpus,+ Lexical features (LEX),"vectorizers,read,oov,sw,trad,syll,lex",LR,2,3,0.928849902534113
Joint,Joint corpus,+ Lexical features (LEX),"vectorizers,read,oov,sw,trad,syll,lex",RF,2,3,0.8957115009746589
Joint,Joint corpus,+ Lexical features (LEX),"vectorizers,read,oov,sw,trad,syll,lex",SVC,2,3,0.928849902534113
Joint,Joint corpus,+ Lexical features (LEX),"vectorizers,read,oov,sw,trad,syll,lex",MNB,2,4,0.8499025341130604
Joint,Joint corpus,+ Lexical features (LEX),"vectorizers,read,oov,sw,trad,syll,lex",LR,2,4,0.928849902534113
Joint,Joint corpus,+ Lexical features (LEX),"vectorizers,read,oov,sw,trad,syll,lex",RF,2,4,0.8859649122807017
Joint,Joint corpus,+ Lexical features (LEX),"vectorizers,read,oov,sw,trad,syll,lex",SVC,2,4,0.9269005847953217
Joint,Joint corpus,+ Lexical features (LEX),"vectorizers,read,oov,sw,trad,syll,lex",MNB,2,5,0.84
Joint,Joint corpus,+ Lexical features (LEX),"vectorizers,read,oov,sw,trad,syll,lex",LR,2,5,0.92
Joint,Joint corpus,+ Lexical features (LEX),"vectorizers,read,oov,sw,trad,syll,lex",RF,2,5,0.8907317073170732
Joint,Joint corpus,+ Lexical features (LEX),"vectorizers,read,oov,sw,trad,syll,lex",SVC,2,5,0.9209756097560976
Joint,Joint corpus,+ Lexical features (LEX),"vectorizers,read,oov,sw,trad,syll,lex",MNB,3,1,0.8450292397660819
Joint,Joint corpus,+ Lexical features (LEX),"vectorizers,read,oov,sw,trad,syll,lex",LR,3,1,0.9269005847953217
Joint,Joint corpus,+ Lexical features (LEX),"vectorizers,read,oov,sw,trad,syll,lex",RF,3,1,0.8771929824561403
Joint,Joint corpus,+ Lexical features (LEX),"vectorizers,read,oov,sw,trad,syll,lex",SVC,3,1,0.9220272904483431
Joint,Joint corpus,+ Lexical features (LEX),"vectorizers,read,oov,sw,trad,syll,lex",MNB,3,2,0.8489278752436648
Joint,Joint corpus,+ Lexical features (LEX),"vectorizers,read,oov,sw,trad,syll,lex",LR,3,2,0.9210526315789473
Joint,Joint corpus,+ Lexical features (LEX),"vectorizers,read,oov,sw,trad,syll,lex",RF,3,2,0.8947368421052632
Joint,Joint corpus,+ Lexical features (LEX),"vectorizers,read,oov,sw,trad,syll,lex",SVC,3,2,0.919103313840156
Joint,Joint corpus,+ Lexical features (LEX),"vectorizers,read,oov,sw,trad,syll,lex",MNB,3,3,0.8771929824561403
Joint,Joint corpus,+ Lexical features (LEX),"vectorizers,read,oov,sw,trad,syll,lex",LR,3,3,0.9337231968810916
Joint,Joint corpus,+ Lexical features (LEX),"vectorizers,read,oov,sw,trad,syll,lex",RF,3,3,0.898635477582846
Joint,Joint corpus,+ Lexical features (LEX),"vectorizers,read,oov,sw,trad,syll,lex",SVC,3,3,0.9259259259259259
Joint,Joint corpus,+ Lexical features (LEX),"vectorizers,read,oov,sw,trad,syll,lex",MNB,3,4,0.8586744639376218
Joint,Joint corpus,+ Lexical features (LEX),"vectorizers,read,oov,sw,trad,syll,lex",LR,3,4,0.9210526315789473
Joint,Joint corpus,+ Lexical features (LEX),"vectorizers,read,oov,sw,trad,syll,lex",RF,3,4,0.898635477582846
Joint,Joint corpus,+ Lexical features (LEX),"vectorizers,read,oov,sw,trad,syll,lex",SVC,3,4,0.9230019493177388
Joint,Joint corpus,+ Lexical features (LEX),"vectorizers,read,oov,sw,trad,syll,lex",MNB,3,5,0.848780487804878
Joint,Joint corpus,+ Lexical features (LEX),"vectorizers,read,oov,sw,trad,syll,lex",LR,3,5,0.9102439024390244
Joint,Joint corpus,+ Lexical features (LEX),"vectorizers,read,oov,sw,trad,syll,lex",RF,3,5,0.8946341463414634
Joint,Joint corpus,+ Lexical features (LEX),"vectorizers,read,oov,sw,trad,syll,lex",SVC,3,5,0.9209756097560976
Joint,Joint corpus,+ Lexical features (LEX),"vectorizers,read,oov,sw,trad,syll,lex",MNB,4,1,0.8606237816764133
Joint,Joint corpus,+ Lexical features (LEX),"vectorizers,read,oov,sw,trad,syll,lex",LR,4,1,0.9239766081871345
Joint,Joint corpus,+ Lexical features (LEX),"vectorizers,read,oov,sw,trad,syll,lex",RF,4,1,0.9103313840155945
Joint,Joint corpus,+ Lexical features (LEX),"vectorizers,read,oov,sw,trad,syll,lex",SVC,4,1,0.9210526315789473
Joint,Joint corpus,+ Lexical features (LEX),"vectorizers,read,oov,sw,trad,syll,lex",MNB,4,2,0.8645224171539961
Joint,Joint corpus,+ Lexical features (LEX),"vectorizers,read,oov,sw,trad,syll,lex",LR,4,2,0.9259259259259259
Joint,Joint corpus,+ Lexical features (LEX),"vectorizers,read,oov,sw,trad,syll,lex",RF,4,2,0.884990253411306
Joint,Joint corpus,+ Lexical features (LEX),"vectorizers,read,oov,sw,trad,syll,lex",SVC,4,2,0.9220272904483431
Joint,Joint corpus,+ Lexical features (LEX),"vectorizers,read,oov,sw,trad,syll,lex",MNB,4,3,0.8508771929824561
Joint,Joint corpus,+ Lexical features (LEX),"vectorizers,read,oov,sw,trad,syll,lex",LR,4,3,0.9405458089668616
Joint,Joint corpus,+ Lexical features (LEX),"vectorizers,read,oov,sw,trad,syll,lex",RF,4,3,0.8937621832358674
Joint,Joint corpus,+ Lexical features (LEX),"vectorizers,read,oov,sw,trad,syll,lex",SVC,4,3,0.9395711500974658
Joint,Joint corpus,+ Lexical features (LEX),"vectorizers,read,oov,sw,trad,syll,lex",MNB,4,4,0.8518518518518519
Joint,Joint corpus,+ Lexical features (LEX),"vectorizers,read,oov,sw,trad,syll,lex",LR,4,4,0.9044834307992202
Joint,Joint corpus,+ Lexical features (LEX),"vectorizers,read,oov,sw,trad,syll,lex",RF,4,4,0.8664717348927875
Joint,Joint corpus,+ Lexical features (LEX),"vectorizers,read,oov,sw,trad,syll,lex",SVC,4,4,0.9132553606237817
Joint,Joint corpus,+ Lexical features (LEX),"vectorizers,read,oov,sw,trad,syll,lex",MNB,4,5,0.8595121951219512
Joint,Joint corpus,+ Lexical features (LEX),"vectorizers,read,oov,sw,trad,syll,lex",LR,4,5,0.9190243902439025
Joint,Joint corpus,+ Lexical features (LEX),"vectorizers,read,oov,sw,trad,syll,lex",RF,4,5,0.9014634146341464
Joint,Joint corpus,+ Lexical features (LEX),"vectorizers,read,oov,sw,trad,syll,lex",SVC,4,5,0.9180487804878049
Joint,Joint corpus,+ Lexical features (LEX),"vectorizers,read,oov,sw,trad,syll,lex",MNB,5,1,0.8752436647173489
Joint,Joint corpus,+ Lexical features (LEX),"vectorizers,read,oov,sw,trad,syll,lex",LR,5,1,0.949317738791423
Joint,Joint corpus,+ Lexical features (LEX),"vectorizers,read,oov,sw,trad,syll,lex",RF,5,1,0.9025341130604289
Joint,Joint corpus,+ Lexical features (LEX),"vectorizers,read,oov,sw,trad,syll,lex",SVC,5,1,0.9483430799220273
Joint,Joint corpus,+ Lexical features (LEX),"vectorizers,read,oov,sw,trad,syll,lex",MNB,5,2,0.8596491228070176
Joint,Joint corpus,+ Lexical features (LEX),"vectorizers,read,oov,sw,trad,syll,lex",LR,5,2,0.928849902534113
Joint,Joint corpus,+ Lexical features (LEX),"vectorizers,read,oov,sw,trad,syll,lex",RF,5,2,0.9025341130604289
Joint,Joint corpus,+ Lexical features (LEX),"vectorizers,read,oov,sw,trad,syll,lex",SVC,5,2,0.9259259259259259
Joint,Joint corpus,+ Lexical features (LEX),"vectorizers,read,oov,sw,trad,syll,lex",MNB,5,3,0.8528265107212476
Joint,Joint corpus,+ Lexical features (LEX),"vectorizers,read,oov,sw,trad,syll,lex",LR,5,3,0.9161793372319688
Joint,Joint corpus,+ Lexical features (LEX),"vectorizers,read,oov,sw,trad,syll,lex",RF,5,3,0.868421052631579
Joint,Joint corpus,+ Lexical features (LEX),"vectorizers,read,oov,sw,trad,syll,lex",SVC,5,3,0.919103313840156
Joint,Joint corpus,+ Lexical features (LEX),"vectorizers,read,oov,sw,trad,syll,lex",MNB,5,4,0.8499025341130604
Joint,Joint corpus,+ Lexical features (LEX),"vectorizers,read,oov,sw,trad,syll,lex",LR,5,4,0.9171539961013645
Joint,Joint corpus,+ Lexical features (LEX),"vectorizers,read,oov,sw,trad,syll,lex",RF,5,4,0.8966861598440545
Joint,Joint corpus,+ Lexical features (LEX),"vectorizers,read,oov,sw,trad,syll,lex",SVC,5,4,0.9132553606237817
Joint,Joint corpus,+ Lexical features (LEX),"vectorizers,read,oov,sw,trad,syll,lex",MNB,5,5,0.8439024390243902
Joint,Joint corpus,+ Lexical features (LEX),"vectorizers,read,oov,sw,trad,syll,lex",LR,5,5,0.911219512195122
Joint,Joint corpus,+ Lexical features (LEX),"vectorizers,read,oov,sw,trad,syll,lex",RF,5,5,0.8760975609756098
Joint,Joint corpus,+ Lexical features (LEX),"vectorizers,read,oov,sw,trad,syll,lex",SVC,5,5,0.9082926829268293
Joint,Joint corpus,+ Lexical features (LEX),"vectorizers,read,oov,sw,trad,syll,lex",MNB,6,1,0.8625730994152047
Joint,Joint corpus,+ Lexical features (LEX),"vectorizers,read,oov,sw,trad,syll,lex",LR,6,1,0.9220272904483431
Joint,Joint corpus,+ Lexical features (LEX),"vectorizers,read,oov,sw,trad,syll,lex",RF,6,1,0.8947368421052632
Joint,Joint corpus,+ Lexical features (LEX),"vectorizers,read,oov,sw,trad,syll,lex",SVC,6,1,0.9210526315789473
Joint,Joint corpus,+ Lexical features (LEX),"vectorizers,read,oov,sw,trad,syll,lex",MNB,6,2,0.8791423001949318
Joint,Joint corpus,+ Lexical features (LEX),"vectorizers,read,oov,sw,trad,syll,lex",LR,6,2,0.9278752436647173
Joint,Joint corpus,+ Lexical features (LEX),"vectorizers,read,oov,sw,trad,syll,lex",RF,6,2,0.8937621832358674
Joint,Joint corpus,+ Lexical features (LEX),"vectorizers,read,oov,sw,trad,syll,lex",SVC,6,2,0.9249512670565302
Joint,Joint corpus,+ Lexical features (LEX),"vectorizers,read,oov,sw,trad,syll,lex",MNB,6,3,0.8606237816764133
Joint,Joint corpus,+ Lexical features (LEX),"vectorizers,read,oov,sw,trad,syll,lex",LR,6,3,0.9200779727095516
Joint,Joint corpus,+ Lexical features (LEX),"vectorizers,read,oov,sw,trad,syll,lex",RF,6,3,0.8888888888888888
Joint,Joint corpus,+ Lexical features (LEX),"vectorizers,read,oov,sw,trad,syll,lex",SVC,6,3,0.9113060428849903
Joint,Joint corpus,+ Lexical features (LEX),"vectorizers,read,oov,sw,trad,syll,lex",MNB,6,4,0.8508771929824561
Joint,Joint corpus,+ Lexical features (LEX),"vectorizers,read,oov,sw,trad,syll,lex",LR,6,4,0.9337231968810916
Joint,Joint corpus,+ Lexical features (LEX),"vectorizers,read,oov,sw,trad,syll,lex",RF,6,4,0.8957115009746589
Joint,Joint corpus,+ Lexical features (LEX),"vectorizers,read,oov,sw,trad,syll,lex",SVC,6,4,0.9366471734892787
Joint,Joint corpus,+ Lexical features (LEX),"vectorizers,read,oov,sw,trad,syll,lex",MNB,6,5,0.8234146341463414
Joint,Joint corpus,+ Lexical features (LEX),"vectorizers,read,oov,sw,trad,syll,lex",LR,6,5,0.9160975609756098
Joint,Joint corpus,+ Lexical features (LEX),"vectorizers,read,oov,sw,trad,syll,lex",RF,6,5,0.8780487804878049
Joint,Joint corpus,+ Lexical features (LEX),"vectorizers,read,oov,sw,trad,syll,lex",SVC,6,5,0.9209756097560976
Joint,Joint corpus,+ Morphological features (MORPH) [full set],"vectorizers,read,oov,sw,trad,syll,lex,morph",MNB,1,1,0.8645224171539961
Joint,Joint corpus,+ Morphological features (MORPH) [full set],"vectorizers,read,oov,sw,trad,syll,lex,morph",LR,1,1,0.9200779727095516
Joint,Joint corpus,+ Morphological features (MORPH) [full set],"vectorizers,read,oov,sw,trad,syll,lex,morph",RF,1,1,0.8918128654970761
Joint,Joint corpus,+ Morphological features (MORPH) [full set],"vectorizers,read,oov,sw,trad,syll,lex,morph",SVC,1,1,0.9161793372319688
Joint,Joint corpus,+ Morphological features (MORPH) [full set],"vectorizers,read,oov,sw,trad,syll,lex,morph",MNB,1,2,0.8411306042884991
Joint,Joint corpus,+ Morphological features (MORPH) [full set],"vectorizers,read,oov,sw,trad,syll,lex,morph",LR,1,2,0.9025341130604289
Joint,Joint corpus,+ Morphological features (MORPH) [full set],"vectorizers,read,oov,sw,trad,syll,lex,morph",RF,1,2,0.8723196881091618
Joint,Joint corpus,+ Morphological features (MORPH) [full set],"vectorizers,read,oov,sw,trad,syll,lex,morph",SVC,1,2,0.9103313840155945
Joint,Joint corpus,+ Morphological features (MORPH) [full set],"vectorizers,read,oov,sw,trad,syll,lex,morph",MNB,1,3,0.8771929824561403
Joint,Joint corpus,+ Morphological features (MORPH) [full set],"vectorizers,read,oov,sw,trad,syll,lex,morph",LR,1,3,0.9366471734892787
Joint,Joint corpus,+ Morphological features (MORPH) [full set],"vectorizers,read,oov,sw,trad,syll,lex,morph",RF,1,3,0.9074074074074074
Joint,Joint corpus,+ Morphological features (MORPH) [full set],"vectorizers,read,oov,sw,trad,syll,lex,morph",SVC,1,3,0.9249512670565302
Joint,Joint corpus,+ Morphological features (MORPH) [full set],"vectorizers,read,oov,sw,trad,syll,lex,morph",MNB,1,4,0.868421052631579
Joint,Joint corpus,+ Morphological features (MORPH) [full set],"vectorizers,read,oov,sw,trad,syll,lex,morph",LR,1,4,0.928849902534113
Joint,Joint corpus,+ Morphological features (MORPH) [full set],"vectorizers,read,oov,sw,trad,syll,lex,morph",RF,1,4,0.9113060428849903
Joint,Joint corpus,+ Morphological features (MORPH) [full set],"vectorizers,read,oov,sw,trad,syll,lex,morph",SVC,1,4,0.9269005847953217
Joint,Joint corpus,+ Morphological features (MORPH) [full set],"vectorizers,read,oov,sw,trad,syll,lex,morph",MNB,1,5,0.8312195121951219
Joint,Joint corpus,+ Morphological features (MORPH) [full set],"vectorizers,read,oov,sw,trad,syll,lex,morph",LR,1,5,0.9248780487804878
Joint,Joint corpus,+ Morphological features (MORPH) [full set],"vectorizers,read,oov,sw,trad,syll,lex,morph",RF,1,5,0.8682926829268293
Joint,Joint corpus,+ Morphological features (MORPH) [full set],"vectorizers,read,oov,sw,trad,syll,lex,morph",SVC,1,5,0.9297560975609757
Joint,Joint corpus,+ Morphological features (MORPH) [full set],"vectorizers,read,oov,sw,trad,syll,lex,morph",MNB,2,1,0.8508771929824561
Joint,Joint corpus,+ Morphological features (MORPH) [full set],"vectorizers,read,oov,sw,trad,syll,lex,morph",LR,2,1,0.9230019493177388
Joint,Joint corpus,+ Morphological features (MORPH) [full set],"vectorizers,read,oov,sw,trad,syll,lex,morph",RF,2,1,0.884990253411306
Joint,Joint corpus,+ Morphological features (MORPH) [full set],"vectorizers,read,oov,sw,trad,syll,lex,morph",SVC,2,1,0.9278752436647173
Joint,Joint corpus,+ Morphological features (MORPH) [full set],"vectorizers,read,oov,sw,trad,syll,lex,morph",MNB,2,2,0.8606237816764133
Joint,Joint corpus,+ Morphological features (MORPH) [full set],"vectorizers,read,oov,sw,trad,syll,lex,morph",LR,2,2,0.9181286549707602
Joint,Joint corpus,+ Morphological features (MORPH) [full set],"vectorizers,read,oov,sw,trad,syll,lex,morph",RF,2,2,0.8918128654970761
Joint,Joint corpus,+ Morphological features (MORPH) [full set],"vectorizers,read,oov,sw,trad,syll,lex,morph",SVC,2,2,0.919103313840156
Joint,Joint corpus,+ Morphological features (MORPH) [full set],"vectorizers,read,oov,sw,trad,syll,lex,morph",MNB,2,3,0.8830409356725146
Joint,Joint corpus,+ Morphological features (MORPH) [full set],"vectorizers,read,oov,sw,trad,syll,lex,morph",LR,2,3,0.928849902534113
Joint,Joint corpus,+ Morphological features (MORPH) [full set],"vectorizers,read,oov,sw,trad,syll,lex,morph",RF,2,3,0.8957115009746589
Joint,Joint corpus,+ Morphological features (MORPH) [full set],"vectorizers,read,oov,sw,trad,syll,lex,morph",SVC,2,3,0.9317738791423001
Joint,Joint corpus,+ Morphological features (MORPH) [full set],"vectorizers,read,oov,sw,trad,syll,lex,morph",MNB,2,4,0.8499025341130604
Joint,Joint corpus,+ Morphological features (MORPH) [full set],"vectorizers,read,oov,sw,trad,syll,lex,morph",LR,2,4,0.9278752436647173
Joint,Joint corpus,+ Morphological features (MORPH) [full set],"vectorizers,read,oov,sw,trad,syll,lex,morph",RF,2,4,0.8859649122807017
Joint,Joint corpus,+ Morphological features (MORPH) [full set],"vectorizers,read,oov,sw,trad,syll,lex,morph",SVC,2,4,0.9278752436647173
Joint,Joint corpus,+ Morphological features (MORPH) [full set],"vectorizers,read,oov,sw,trad,syll,lex,morph",MNB,2,5,0.84
Joint,Joint corpus,+ Morphological features (MORPH) [full set],"vectorizers,read,oov,sw,trad,syll,lex,morph",LR,2,5,0.9209756097560976
Joint,Joint corpus,+ Morphological features (MORPH) [full set],"vectorizers,read,oov,sw,trad,syll,lex,morph",RF,2,5,0.8897560975609756
Joint,Joint corpus,+ Morphological features (MORPH) [full set],"vectorizers,read,oov,sw,trad,syll,lex,morph",SVC,2,5,0.9209756097560976
Joint,Joint corpus,+ Morphological features (MORPH) [full set],"vectorizers,read,oov,sw,trad,syll,lex,morph",MNB,3,1,0.8450292397660819
Joint,Joint corpus,+ Morphological features (MORPH) [full set],"vectorizers,read,oov,sw,trad,syll,lex,morph",LR,3,1,0.9249512670565302
Joint,Joint corpus,+ Morphological features (MORPH) [full set],"vectorizers,read,oov,sw,trad,syll,lex,morph",RF,3,1,0.8820662768031189
Joint,Joint corpus,+ Morphological features (MORPH) [full set],"vectorizers,read,oov,sw,trad,syll,lex,morph",SVC,3,1,0.9210526315789473
Joint,Joint corpus,+ Morphological features (MORPH) [full set],"vectorizers,read,oov,sw,trad,syll,lex,morph",MNB,3,2,0.8489278752436648
Joint,Joint corpus,+ Morphological features (MORPH) [full set],"vectorizers,read,oov,sw,trad,syll,lex,morph",LR,3,2,0.9239766081871345
Joint,Joint corpus,+ Morphological features (MORPH) [full set],"vectorizers,read,oov,sw,trad,syll,lex,morph",RF,3,2,0.8908382066276803
Joint,Joint corpus,+ Morphological features (MORPH) [full set],"vectorizers,read,oov,sw,trad,syll,lex,morph",SVC,3,2,0.9200779727095516
Joint,Joint corpus,+ Morphological features (MORPH) [full set],"vectorizers,read,oov,sw,trad,syll,lex,morph",MNB,3,3,0.8771929824561403
Joint,Joint corpus,+ Morphological features (MORPH) [full set],"vectorizers,read,oov,sw,trad,syll,lex,morph",LR,3,3,0.9307992202729045
Joint,Joint corpus,+ Morphological features (MORPH) [full set],"vectorizers,read,oov,sw,trad,syll,lex,morph",RF,3,3,0.898635477582846
Joint,Joint corpus,+ Morphological features (MORPH) [full set],"vectorizers,read,oov,sw,trad,syll,lex,morph",SVC,3,3,0.9239766081871345
Joint,Joint corpus,+ Morphological features (MORPH) [full set],"vectorizers,read,oov,sw,trad,syll,lex,morph",MNB,3,4,0.8586744639376218
Joint,Joint corpus,+ Morphological features (MORPH) [full set],"vectorizers,read,oov,sw,trad,syll,lex,morph",LR,3,4,0.9161793372319688
Joint,Joint corpus,+ Morphological features (MORPH) [full set],"vectorizers,read,oov,sw,trad,syll,lex,morph",RF,3,4,0.8869395711500975
Joint,Joint corpus,+ Morphological features (MORPH) [full set],"vectorizers,read,oov,sw,trad,syll,lex,morph",SVC,3,4,0.9200779727095516
Joint,Joint corpus,+ Morphological features (MORPH) [full set],"vectorizers,read,oov,sw,trad,syll,lex,morph",MNB,3,5,0.848780487804878
Joint,Joint corpus,+ Morphological features (MORPH) [full set],"vectorizers,read,oov,sw,trad,syll,lex,morph",LR,3,5,0.911219512195122
Joint,Joint corpus,+ Morphological features (MORPH) [full set],"vectorizers,read,oov,sw,trad,syll,lex,morph",RF,3,5,0.9024390243902439
Joint,Joint corpus,+ Morphological features (MORPH) [full set],"vectorizers,read,oov,sw,trad,syll,lex,morph",SVC,3,5,0.9219512195121952
Joint,Joint corpus,+ Morphological features (MORPH) [full set],"vectorizers,read,oov,sw,trad,syll,lex,morph",MNB,4,1,0.8606237816764133
Joint,Joint corpus,+ Morphological features (MORPH) [full set],"vectorizers,read,oov,sw,trad,syll,lex,morph",LR,4,1,0.9269005847953217
Joint,Joint corpus,+ Morphological features (MORPH) [full set],"vectorizers,read,oov,sw,trad,syll,lex,morph",RF,4,1,0.9035087719298246
Joint,Joint corpus,+ Morphological features (MORPH) [full set],"vectorizers,read,oov,sw,trad,syll,lex,morph",SVC,4,1,0.9239766081871345
Joint,Joint corpus,+ Morphological features (MORPH) [full set],"vectorizers,read,oov,sw,trad,syll,lex,morph",MNB,4,2,0.8635477582846004
Joint,Joint corpus,+ Morphological features (MORPH) [full set],"vectorizers,read,oov,sw,trad,syll,lex,morph",LR,4,2,0.9230019493177388
Joint,Joint corpus,+ Morphological features (MORPH) [full set],"vectorizers,read,oov,sw,trad,syll,lex,morph",RF,4,2,0.8840155945419104
Joint,Joint corpus,+ Morphological features (MORPH) [full set],"vectorizers,read,oov,sw,trad,syll,lex,morph",SVC,4,2,0.9249512670565302
Joint,Joint corpus,+ Morphological features (MORPH) [full set],"vectorizers,read,oov,sw,trad,syll,lex,morph",MNB,4,3,0.8508771929824561
Joint,Joint corpus,+ Morphological features (MORPH) [full set],"vectorizers,read,oov,sw,trad,syll,lex,morph",LR,4,3,0.9405458089668616
Joint,Joint corpus,+ Morphological features (MORPH) [full set],"vectorizers,read,oov,sw,trad,syll,lex,morph",RF,4,3,0.8976608187134503
Joint,Joint corpus,+ Morphological features (MORPH) [full set],"vectorizers,read,oov,sw,trad,syll,lex,morph",SVC,4,3,0.935672514619883
Joint,Joint corpus,+ Morphological features (MORPH) [full set],"vectorizers,read,oov,sw,trad,syll,lex,morph",MNB,4,4,0.8518518518518519
Joint,Joint corpus,+ Morphological features (MORPH) [full set],"vectorizers,read,oov,sw,trad,syll,lex,morph",LR,4,4,0.905458089668616
Joint,Joint corpus,+ Morphological features (MORPH) [full set],"vectorizers,read,oov,sw,trad,syll,lex,morph",RF,4,4,0.8693957115009746
Joint,Joint corpus,+ Morphological features (MORPH) [full set],"vectorizers,read,oov,sw,trad,syll,lex,morph",SVC,4,4,0.9113060428849903
Joint,Joint corpus,+ Morphological features (MORPH) [full set],"vectorizers,read,oov,sw,trad,syll,lex,morph",MNB,4,5,0.8595121951219512
Joint,Joint corpus,+ Morphological features (MORPH) [full set],"vectorizers,read,oov,sw,trad,syll,lex,morph",LR,4,5,0.9229268292682927
Joint,Joint corpus,+ Morphological features (MORPH) [full set],"vectorizers,read,oov,sw,trad,syll,lex,morph",RF,4,5,0.8868292682926829
Joint,Joint corpus,+ Morphological features (MORPH) [full set],"vectorizers,read,oov,sw,trad,syll,lex,morph",SVC,4,5,0.9180487804878049
Joint,Joint corpus,+ Morphological features (MORPH) [full set],"vectorizers,read,oov,sw,trad,syll,lex,morph",MNB,5,1,0.8752436647173489
Joint,Joint corpus,+ Morphological features (MORPH) [full set],"vectorizers,read,oov,sw,trad,syll,lex,morph",LR,5,1,0.9463937621832359
Joint,Joint corpus,+ Morphological features (MORPH) [full set],"vectorizers,read,oov,sw,trad,syll,lex,morph",RF,5,1,0.9093567251461988
Joint,Joint corpus,+ Morphological features (MORPH) [full set],"vectorizers,read,oov,sw,trad,syll,lex,morph",SVC,5,1,0.949317738791423
Joint,Joint corpus,+ Morphological features (MORPH) [full set],"vectorizers,read,oov,sw,trad,syll,lex,morph",MNB,5,2,0.8596491228070176
Joint,Joint corpus,+ Morphological features (MORPH) [full set],"vectorizers,read,oov,sw,trad,syll,lex,morph",LR,5,2,0.9269005847953217
Joint,Joint corpus,+ Morphological features (MORPH) [full set],"vectorizers,read,oov,sw,trad,syll,lex,morph",RF,5,2,0.905458089668616
Joint,Joint corpus,+ Morphological features (MORPH) [full set],"vectorizers,read,oov,sw,trad,syll,lex,morph",SVC,5,2,0.9249512670565302
Joint,Joint corpus,+ Morphological features (MORPH) [full set],"vectorizers,read,oov,sw,trad,syll,lex,morph",MNB,5,3,0.8528265107212476
Joint,Joint corpus,+ Morphological features (MORPH) [full set],"vectorizers,read,oov,sw,trad,syll,lex,morph",LR,5,3,0.9161793372319688
Joint,Joint corpus,+ Morphological features (MORPH) [full set],"vectorizers,read,oov,sw,trad,syll,lex,morph",RF,5,3,0.8859649122807017
Joint,Joint corpus,+ Morphological features (MORPH) [full set],"vectorizers,read,oov,sw,trad,syll,lex,morph",SVC,5,3,0.9152046783625731
Joint,Joint corpus,+ Morphological features (MORPH) [full set],"vectorizers,read,oov,sw,trad,syll,lex,morph",MNB,5,4,0.8499025341130604
Joint,Joint corpus,+ Morphological features (MORPH) [full set],"vectorizers,read,oov,sw,trad,syll,lex,morph",LR,5,4,0.9132553606237817
Joint,Joint corpus,+ Morphological features (MORPH) [full set],"vectorizers,read,oov,sw,trad,syll,lex,morph",RF,5,4,0.8869395711500975
Joint,Joint corpus,+ Morphological features (MORPH) [full set],"vectorizers,read,oov,sw,trad,syll,lex,morph",SVC,5,4,0.9171539961013645
Joint,Joint corpus,+ Morphological features (MORPH) [full set],"vectorizers,read,oov,sw,trad,syll,lex,morph",MNB,5,5,0.8439024390243902
Joint,Joint corpus,+ Morphological features (MORPH) [full set],"vectorizers,read,oov,sw,trad,syll,lex,morph",LR,5,5,0.911219512195122
Joint,Joint corpus,+ Morphological features (MORPH) [full set],"vectorizers,read,oov,sw,trad,syll,lex,morph",RF,5,5,0.8868292682926829
Joint,Joint corpus,+ Morphological features (MORPH) [full set],"vectorizers,read,oov,sw,trad,syll,lex,morph",SVC,5,5,0.9082926829268293
Joint,Joint corpus,+ Morphological features (MORPH) [full set],"vectorizers,read,oov,sw,trad,syll,lex,morph",MNB,6,1,0.8625730994152047
Joint,Joint corpus,+ Morphological features (MORPH) [full set],"vectorizers,read,oov,sw,trad,syll,lex,morph",LR,6,1,0.9200779727095516
Joint,Joint corpus,+ Morphological features (MORPH) [full set],"vectorizers,read,oov,sw,trad,syll,lex,morph",RF,6,1,0.884990253411306
Joint,Joint corpus,+ Morphological features (MORPH) [full set],"vectorizers,read,oov,sw,trad,syll,lex,morph",SVC,6,1,0.9200779727095516
Joint,Joint corpus,+ Morphological features (MORPH) [full set],"vectorizers,read,oov,sw,trad,syll,lex,morph",MNB,6,2,0.8791423001949318
Joint,Joint corpus,+ Morphological features (MORPH) [full set],"vectorizers,read,oov,sw,trad,syll,lex,morph",LR,6,2,0.9269005847953217
Joint,Joint corpus,+ Morphological features (MORPH) [full set],"vectorizers,read,oov,sw,trad,syll,lex,morph",RF,6,2,0.8947368421052632
Joint,Joint corpus,+ Morphological features (MORPH) [full set],"vectorizers,read,oov,sw,trad,syll,lex,morph",SVC,6,2,0.9269005847953217
Joint,Joint corpus,+ Morphological features (MORPH) [full set],"vectorizers,read,oov,sw,trad,syll,lex,morph",MNB,6,3,0.8606237816764133
Joint,Joint corpus,+ Morphological features (MORPH) [full set],"vectorizers,read,oov,sw,trad,syll,lex,morph",LR,6,3,0.9200779727095516
Joint,Joint corpus,+ Morphological features (MORPH) [full set],"vectorizers,read,oov,sw,trad,syll,lex,morph",RF,6,3,0.8908382066276803
Joint,Joint corpus,+ Morphological features (MORPH) [full set],"vectorizers,read,oov,sw,trad,syll,lex,morph",SVC,6,3,0.9083820662768031
Joint,Joint corpus,+ Morphological features (MORPH) [full set],"vectorizers,read,oov,sw,trad,syll,lex,morph",MNB,6,4,0.8508771929824561
Joint,Joint corpus,+ Morphological features (MORPH) [full set],"vectorizers,read,oov,sw,trad,syll,lex,morph",LR,6,4,0.9346978557504874
Joint,Joint corpus,+ Morphological features (MORPH) [full set],"vectorizers,read,oov,sw,trad,syll,lex,morph",RF,6,4,0.9015594541910331
Joint,Joint corpus,+ Morphological features (MORPH) [full set],"vectorizers,read,oov,sw,trad,syll,lex,morph",SVC,6,4,0.935672514619883
Joint,Joint corpus,+ Morphological features (MORPH) [full set],"vectorizers,read,oov,sw,trad,syll,lex,morph",MNB,6,5,0.8234146341463414
Joint,Joint corpus,+ Morphological features (MORPH) [full set],"vectorizers,read,oov,sw,trad,syll,lex,morph",LR,6,5,0.9190243902439025
Joint,Joint corpus,+ Morphological features (MORPH) [full set],"vectorizers,read,oov,sw,trad,syll,lex,morph",RF,6,5,0.8673170731707317
Joint,Joint corpus,+ Morphological features (MORPH) [full set],"vectorizers,read,oov,sw,trad,syll,lex,morph",SVC,6,5,0.9190243902439025
